user_id,course_id,n_attempts,n_correct,accuracy_pct,effective_feedback_pct,process_pct,task_pct_orig,self_reg_pct,self_pct,ai_frequency,ai_frequency_log,num_courses,kg_pct,other_process_pct,task_pct_new,selfreg_pct,accuracy,ef_pct
U_1002476,C_799800,25,17,68.0,100.0,100.0,0.0,0.0,0.0,2,1.0986122886681098,0,100.0,0.0,0.0,0.0,68.0,100.0
U_10069021,C_943255,9,1,11.11,100.0,100.0,0.0,0.0,0.0,1,0.6931471805599453,0,100.0,0.0,0.0,0.0,11.11,100.0
U_10323277,C_735342,414,345,83.33,100.0,66.66666666666666,0.0,33.33333333333333,0.0,3,1.3862943611198906,0,66.66666666666666,0.0,0.0,33.33333333333333,83.33,100.0
U_10323307,C_680814,6,1,16.67,84.61538461538461,84.61538461538461,15.384615384615383,0.0,0.0,13,2.6390573296152584,0,46.15384615384615,38.46153846153847,15.384615384615383,0.0,16.67,84.61538461538461
U_10373464,C_837690,44,44,100.0,90.0,90.0,10.0,0.0,0.0,10,2.3978952727983707,0,90.0,0.0,10.0,0.0,100.0,90.0
U_10384709,C_883372,8,8,100.0,100.0,100.0,0.0,0.0,0.0,1,0.6931471805599453,0,0.0,100.0,0.0,0.0,100.0,100.0
U_10384809,C_799800,135,98,72.59,0.0,0.0,100.0,0.0,0.0,2,1.0986122886681098,0,0.0,0.0,100.0,0.0,72.59,0.0
U_10385004,C_799800,35,24,68.57,0.0,0.0,100.0,0.0,0.0,1,0.6931471805599453,0,0.0,0.0,100.0,0.0,68.57,0.0
U_10385081,C_799800,169,85,50.3,50.0,50.0,50.0,0.0,0.0,2,1.0986122886681098,0,0.0,50.0,50.0,0.0,50.3,50.0
U_10391494,C_1945689,5,5,100.0,50.0,0.0,50.0,50.0,0.0,2,1.0986122886681098,0,0.0,0.0,50.0,50.0,100.0,50.0
U_1040210,C_1756069,12,11,91.67,0.0,0.0,100.0,0.0,0.0,1,0.6931471805599453,0,0.0,0.0,100.0,0.0,91.67,0.0
U_1040210,C_1945689,25,20,80.0,0.0,0.0,100.0,0.0,0.0,1,0.6931471805599453,0,0.0,0.0,100.0,0.0,80.0,0.0
U_10460147,C_1755929,165,165,100.0,0.0,0.0,0.0,0.0,50.0,2,1.0986122886681098,0,0.0,0.0,0.0,0.0,100.0,0.0
U_10491369,C_1824926,185,99,53.51,100.0,100.0,0.0,0.0,0.0,10,2.3978952727983707,0,100.0,0.0,0.0,0.0,53.51,100.0
U_10491369,C_697766,57,37,64.91,100.0,100.0,0.0,0.0,0.0,10,2.3978952727983707,0,100.0,0.0,0.0,0.0,64.91,100.0
U_10514222,C_854843,83,49,59.04,100.0,100.0,0.0,0.0,0.0,2,1.0986122886681098,0,100.0,0.0,0.0,0.0,59.04,100.0
U_10518146,C_746997,15,7,46.67,100.0,100.0,0.0,0.0,0.0,6,1.9459101490553132,0,100.0,0.0,0.0,0.0,46.67,100.0
U_1052224,C_1929045,13,12,92.31,0.0,0.0,100.0,0.0,0.0,5,1.791759469228055,0,0.0,0.0,100.0,0.0,92.31,0.0
U_10601816,C_801420,20,19,95.0,100.0,100.0,0.0,0.0,0.0,1,0.6931471805599453,0,100.0,0.0,0.0,0.0,95.0,100.0
U_106058,C_1864068,111,71,63.96,100.0,100.0,0.0,0.0,0.0,1,0.6931471805599453,0,0.0,100.0,0.0,0.0,63.96,100.0
U_106058,C_1945689,25,18,72.0,100.0,100.0,0.0,0.0,0.0,1,0.6931471805599453,0,0.0,100.0,0.0,0.0,72.0,100.0
U_106705,C_746997,39,29,74.36,100.0,100.0,0.0,0.0,0.0,2,1.0986122886681098,0,100.0,0.0,0.0,0.0,74.36,100.0
U_10716660,C_746997,14,9,64.29,40.0,40.0,20.0,0.0,40.0,5,1.791759469228055,0,20.0,20.0,20.0,0.0,64.29,40.0
U_10722496,C_746997,28,18,64.29,100.0,100.0,0.0,0.0,0.0,2,1.0986122886681098,0,100.0,0.0,0.0,0.0,64.29,100.0
U_10728811,C_1765606,17,12,70.59,78.57142857142857,78.57142857142857,7.142857142857142,0.0,7.142857142857142,14,2.70805020110221,0,71.42857142857143,7.142857142857142,7.142857142857142,0.0,70.59,78.57142857142857
U_10755274,C_799800,9,8,88.89,100.0,100.0,0.0,0.0,0.0,1,0.6931471805599453,0,100.0,0.0,0.0,0.0,88.89,100.0
U_1075560,C_854843,5,5,100.0,100.0,100.0,0.0,0.0,0.0,1,0.6931471805599453,0,100.0,0.0,0.0,0.0,100.0,100.0
U_107884,C_677087,53,40,75.47,100.0,100.0,0.0,0.0,0.0,2,1.0986122886681098,0,100.0,0.0,0.0,0.0,75.47,100.0
U_108477,C_735239,22,20,90.91,68.18181818181817,56.81818181818182,20.454545454545457,11.363636363636363,6.8181818181818175,44,3.80666248977032,0,29.545454545454547,27.27272727272727,20.454545454545457,11.363636363636363,90.91,68.18181818181817
U_1085169,C_799800,20,13,65.0,100.0,100.0,0.0,0.0,0.0,6,1.9459101490553132,0,100.0,0.0,0.0,0.0,65.0,100.0
U_1085547,C_674920,20,18,90.0,100.0,100.0,0.0,0.0,0.0,1,0.6931471805599453,0,0.0,100.0,0.0,0.0,90.0,100.0
U_10856855,C_948208,37,32,86.49,0.0,0.0,100.0,0.0,0.0,2,1.0986122886681098,0,0.0,0.0,100.0,0.0,86.49,0.0
U_10877071,C_1738993,5,4,80.0,0.0,0.0,100.0,0.0,0.0,1,0.6931471805599453,0,0.0,0.0,100.0,0.0,80.0,0.0
U_10879699,C_948428,24,22,91.67,0.0,0.0,100.0,0.0,0.0,1,0.6931471805599453,0,0.0,0.0,100.0,0.0,91.67,0.0
U_10906040,C_799800,13,9,69.23,100.0,100.0,0.0,0.0,0.0,1,0.6931471805599453,0,0.0,100.0,0.0,0.0,69.23,100.0
U_10907165,C_799800,72,52,72.22,100.0,100.0,0.0,0.0,0.0,1,0.6931471805599453,0,0.0,100.0,0.0,0.0,72.22,100.0
U_10910659,C_674920,20,16,80.0,33.33333333333333,33.33333333333333,50.0,0.0,16.666666666666664,6,1.9459101490553132,0,16.666666666666664,16.666666666666664,50.0,0.0,80.0,33.33333333333333
U_10910914,C_799800,9,7,77.78,92.3076923076923,92.3076923076923,7.6923076923076925,0.0,0.0,13,2.6390573296152584,0,61.53846153846154,30.76923076923077,7.6923076923076925,0.0,77.78,92.3076923076923
U_10912014,C_2189666,14,13,92.86,0.0,0.0,100.0,0.0,0.0,1,0.6931471805599453,0,0.0,0.0,100.0,0.0,92.86,0.0
U_10948863,C_737592,116,92,79.31,50.0,50.0,0.0,0.0,0.0,2,1.0986122886681098,0,50.0,0.0,0.0,0.0,79.31,50.0
U_10953321,C_948431,45,22,48.89,42.42424242424242,3.0303030303030303,39.39393939393939,39.39393939393939,12.12121212121212,33,3.5263605246161616,0,0.0,3.0303030303030303,39.39393939393939,39.39393939393939,48.89,42.42424242424242
U_10953321,C_1750851,19,7,36.84,42.42424242424242,3.0303030303030303,39.39393939393939,39.39393939393939,12.12121212121212,33,3.5263605246161616,0,0.0,3.0303030303030303,39.39393939393939,39.39393939393939,36.84,42.42424242424242
U_10953321,C_1806527,5,1,20.0,42.42424242424242,3.0303030303030303,39.39393939393939,39.39393939393939,12.12121212121212,33,3.5263605246161616,0,0.0,3.0303030303030303,39.39393939393939,39.39393939393939,20.0,42.42424242424242
U_10953321,C_1891046,59,52,88.14,42.42424242424242,3.0303030303030303,39.39393939393939,39.39393939393939,12.12121212121212,33,3.5263605246161616,0,0.0,3.0303030303030303,39.39393939393939,39.39393939393939,88.14,42.42424242424242
U_10953321,C_801420,99,71,71.72,42.42424242424242,3.0303030303030303,39.39393939393939,39.39393939393939,12.12121212121212,33,3.5263605246161616,0,0.0,3.0303030303030303,39.39393939393939,39.39393939393939,71.72,42.42424242424242
U_10953321,C_1903985,106,99,93.4,42.42424242424242,3.0303030303030303,39.39393939393939,39.39393939393939,12.12121212121212,33,3.5263605246161616,0,0.0,3.0303030303030303,39.39393939393939,39.39393939393939,93.4,42.42424242424242
U_10956553,C_1772942,34,30,88.24,0.0,0.0,100.0,0.0,0.0,5,1.791759469228055,0,0.0,0.0,100.0,0.0,88.24,0.0
U_11008616,C_746997,16,14,87.5,100.0,100.0,0.0,0.0,0.0,2,1.0986122886681098,0,100.0,0.0,0.0,0.0,87.5,100.0
U_11008628,C_746997,14,11,78.57,27.77777777777778,27.77777777777778,16.666666666666664,0.0,55.55555555555556,18,2.9444389791664403,0,27.77777777777778,0.0,16.666666666666664,0.0,78.57,27.77777777777778
U_11008647,C_746997,32,23,71.88,0.0,0.0,100.0,0.0,0.0,1,0.6931471805599453,0,0.0,0.0,100.0,0.0,71.88,0.0
U_11044596,C_948109,120,119,99.17,0.0,0.0,66.66666666666666,0.0,33.33333333333333,3,1.3862943611198906,0,0.0,0.0,66.66666666666666,0.0,99.17,0.0
U_11071928,C_746997,20,16,80.0,100.0,100.0,0.0,0.0,0.0,3,1.3862943611198906,0,100.0,0.0,0.0,0.0,80.0,100.0
U_11085708,C_746997,16,14,87.5,100.0,100.0,0.0,0.0,0.0,3,1.3862943611198906,0,100.0,0.0,0.0,0.0,87.5,100.0
U_11123154,C_799800,5,5,100.0,75.0,50.0,25.0,25.0,0.0,4,1.6094379124341005,0,50.0,0.0,25.0,25.0,100.0,75.0
U_11129503,C_799800,27,20,74.07,54.54545454545454,45.45454545454545,36.36363636363637,9.090909090909092,9.090909090909092,11,2.4849066497880004,0,45.45454545454545,0.0,36.36363636363637,9.090909090909092,74.07,54.54545454545454
U_11138772,C_799800,20,14,70.0,100.0,100.0,0.0,0.0,0.0,8,2.1972245773362196,0,100.0,0.0,0.0,0.0,70.0,100.0
U_11138778,C_799800,14,11,78.57,0.0,0.0,50.0,0.0,0.0,2,1.0986122886681098,0,0.0,0.0,50.0,0.0,78.57,0.0
U_11168026,C_746997,8,6,75.0,100.0,100.0,0.0,0.0,0.0,3,1.3862943611198906,0,100.0,0.0,0.0,0.0,75.0,100.0
U_11175607,C_746997,365,279,76.44,100.0,100.0,0.0,0.0,0.0,2,1.0986122886681098,0,100.0,0.0,0.0,0.0,76.44,100.0
U_11179462,C_799800,132,110,83.33,50.0,50.0,50.0,0.0,0.0,6,1.9459101490553132,0,50.0,0.0,50.0,0.0,83.33,50.0
U_11181644,C_1434593,38,25,65.79,100.0,0.0,0.0,100.0,0.0,1,0.6931471805599453,0,0.0,0.0,0.0,100.0,65.79,100.0
U_11251341,C_707456,127,95,74.8,0.0,0.0,100.0,0.0,0.0,1,0.6931471805599453,0,0.0,0.0,100.0,0.0,74.8,0.0
U_11254342,C_746997,79,59,74.68,100.0,100.0,0.0,0.0,0.0,2,1.0986122886681098,0,100.0,0.0,0.0,0.0,74.68,100.0
U_11286386,C_697766,57,57,100.0,100.0,0.0,0.0,100.0,0.0,1,0.6931471805599453,0,0.0,0.0,0.0,100.0,100.0,100.0
U_1131975,C_746997,523,348,66.54,100.0,100.0,0.0,0.0,0.0,1,0.6931471805599453,0,100.0,0.0,0.0,0.0,66.54,100.0
U_11323988,C_1824926,185,158,85.41,100.0,100.0,0.0,0.0,0.0,1,0.6931471805599453,0,0.0,100.0,0.0,0.0,85.41,100.0
U_11323988,C_697766,57,45,78.95,100.0,100.0,0.0,0.0,0.0,1,0.6931471805599453,0,0.0,100.0,0.0,0.0,78.95,100.0
U_11323990,C_1824926,185,176,95.14,100.0,100.0,0.0,0.0,0.0,1,0.6931471805599453,0,100.0,0.0,0.0,0.0,95.14,100.0
U_11323990,C_697766,57,49,85.96,100.0,100.0,0.0,0.0,0.0,1,0.6931471805599453,0,100.0,0.0,0.0,0.0,85.96,100.0
U_11338183,C_1797904,9,6,66.67,100.0,100.0,0.0,0.0,0.0,2,1.0986122886681098,0,100.0,0.0,0.0,0.0,66.67,100.0
U_11353312,C_677014,14,7,50.0,40.909090909090914,36.36363636363637,59.09090909090909,4.545454545454546,0.0,22,3.1354942159291497,0,18.181818181818183,18.181818181818183,59.09090909090909,4.545454545454546,50.0,40.909090909090914
U_11372553,C_1822804,225,216,96.0,0.0,0.0,100.0,0.0,0.0,1,0.6931471805599453,0,0.0,0.0,100.0,0.0,96.0,0.0
U_11374177,C_948282,8,5,62.5,100.0,50.0,0.0,50.0,0.0,2,1.0986122886681098,0,50.0,0.0,0.0,50.0,62.5,100.0
U_11381631,C_746997,108,68,62.96,100.0,0.0,0.0,100.0,0.0,2,1.0986122886681098,0,0.0,0.0,0.0,100.0,62.96,100.0
U_11397726,C_707456,214,188,87.85,0.0,0.0,100.0,0.0,0.0,2,1.0986122886681098,0,0.0,0.0,100.0,0.0,87.85,0.0
U_11400242,C_707456,214,191,89.25,0.0,0.0,100.0,0.0,0.0,2,1.0986122886681098,0,0.0,0.0,100.0,0.0,89.25,0.0
U_11429095,C_746997,12,9,75.0,100.0,100.0,0.0,0.0,0.0,11,2.4849066497880004,0,81.81818181818183,18.181818181818183,0.0,0.0,75.0,100.0
U_11429778,C_801420,9,5,55.56,100.0,100.0,0.0,0.0,0.0,2,1.0986122886681098,0,100.0,0.0,0.0,0.0,55.56,100.0
U_11439116,C_707456,214,190,88.79,0.0,0.0,100.0,0.0,0.0,3,1.3862943611198906,0,0.0,0.0,100.0,0.0,88.79,0.0
U_11484070,C_746997,80,58,72.5,42.10526315789473,42.10526315789473,57.89473684210527,0.0,0.0,19,2.995732273553991,0,21.052631578947366,21.052631578947366,57.89473684210527,0.0,72.5,42.10526315789473
U_11487788,C_707456,214,155,72.43,14.285714285714285,0.0,85.71428571428571,14.285714285714285,0.0,7,2.0794415416798357,0,0.0,0.0,85.71428571428571,14.285714285714285,72.43,14.285714285714285
U_11492443,C_707456,200,144,72.0,50.0,50.0,50.0,0.0,0.0,2,1.0986122886681098,0,0.0,50.0,50.0,0.0,72.0,50.0
U_11525948,C_799800,36,28,77.78,18.181818181818183,9.090909090909092,36.36363636363637,9.090909090909092,45.45454545454545,11,2.4849066497880004,0,0.0,9.090909090909092,36.36363636363637,9.090909090909092,77.78,18.181818181818183
U_11527281,C_1755909,6,3,50.0,100.0,100.0,0.0,0.0,0.0,2,1.0986122886681098,0,100.0,0.0,0.0,0.0,50.0,100.0
U_11535773,C_799800,69,48,69.57,0.0,0.0,0.0,0.0,100.0,2,1.0986122886681098,0,0.0,0.0,0.0,0.0,69.57,0.0
U_11535773,C_735385,13,13,100.0,0.0,0.0,0.0,0.0,100.0,2,1.0986122886681098,0,0.0,0.0,0.0,0.0,100.0,0.0
U_11537564,C_746997,23,20,86.96,100.0,100.0,0.0,0.0,0.0,1,0.6931471805599453,0,100.0,0.0,0.0,0.0,86.96,100.0
U_11543254,C_707456,193,128,66.32,0.0,0.0,100.0,0.0,0.0,3,1.3862943611198906,0,0.0,0.0,100.0,0.0,66.32,0.0
U_11543914,C_1822804,225,225,100.0,12.0,8.0,80.0,4.0,8.0,25,3.258096538021482,0,0.0,8.0,80.0,4.0,100.0,12.0
U_11544822,C_1822804,193,165,85.49,21.25,20.0,58.75,1.25,20.0,80,4.394449154672439,0,0.0,20.0,58.75,1.25,85.49,21.25
U_11545198,C_707456,214,179,83.64,0.0,0.0,50.0,0.0,50.0,2,1.0986122886681098,0,0.0,0.0,50.0,0.0,83.64,0.0
U_11553049,C_707456,194,138,71.13,0.0,0.0,100.0,0.0,0.0,1,0.6931471805599453,0,0.0,0.0,100.0,0.0,71.13,0.0
U_11555010,C_707456,214,200,93.46,0.0,0.0,100.0,0.0,0.0,2,1.0986122886681098,0,0.0,0.0,100.0,0.0,93.46,0.0
U_11555020,C_707456,104,53,50.96,100.0,0.0,0.0,100.0,0.0,1,0.6931471805599453,0,0.0,0.0,0.0,100.0,50.96,100.0
U_11555109,C_707456,31,27,87.1,100.0,100.0,0.0,0.0,0.0,1,0.6931471805599453,0,100.0,0.0,0.0,0.0,87.1,100.0
U_11615999,C_746997,30,24,80.0,25.0,25.0,50.0,0.0,25.0,4,1.6094379124341005,0,25.0,0.0,50.0,0.0,80.0,25.0
U_11635012,C_735342,232,185,79.74,58.333333333333336,58.333333333333336,41.66666666666667,0.0,0.0,12,2.5649493574615367,0,8.333333333333332,50.0,41.66666666666667,0.0,79.74,58.333333333333336
U_11635012,C_674920,20,20,100.0,58.333333333333336,58.333333333333336,41.66666666666667,0.0,0.0,12,2.5649493574615367,0,8.333333333333332,50.0,41.66666666666667,0.0,100.0,58.333333333333336
U_11635125,C_707456,35,26,74.29,0.0,0.0,100.0,0.0,0.0,1,0.6931471805599453,0,0.0,0.0,100.0,0.0,74.29,0.0
U_11642954,C_949439,12,12,100.0,40.0,20.0,60.0,20.0,0.0,10,2.3978952727983707,0,0.0,20.0,60.0,20.0,100.0,40.0
U_11642954,C_1772942,6,5,83.33,40.0,20.0,60.0,20.0,0.0,10,2.3978952727983707,0,0.0,20.0,60.0,20.0,83.33,40.0
U_11683891,C_799800,44,33,75.0,33.33333333333333,0.0,66.66666666666666,33.33333333333333,0.0,3,1.3862943611198906,0,0.0,0.0,66.66666666666666,33.33333333333333,75.0,33.33333333333333
U_11696520,C_707456,141,94,66.67,50.0,0.0,50.0,50.0,0.0,2,1.0986122886681098,0,0.0,0.0,50.0,50.0,66.67,50.0
U_11702553,C_735342,254,173,68.11,100.0,100.0,0.0,0.0,0.0,1,0.6931471805599453,0,100.0,0.0,0.0,0.0,68.11,100.0
U_11731,C_1811739,11,6,54.55,40.0,20.0,60.0,20.0,0.0,5,1.791759469228055,0,0.0,20.0,60.0,20.0,54.55,40.0
U_11810580,C_676937,48,27,56.25,100.0,100.0,0.0,0.0,0.0,2,1.0986122886681098,0,50.0,50.0,0.0,0.0,56.25,100.0
U_11828855,C_746997,77,46,59.74,25.0,25.0,75.0,0.0,0.0,4,1.6094379124341005,0,0.0,25.0,75.0,0.0,59.74,25.0
U_11828855,C_735385,85,56,65.88,25.0,25.0,75.0,0.0,0.0,4,1.6094379124341005,0,0.0,25.0,75.0,0.0,65.88,25.0
U_11833725,C_947252,115,108,93.91,0.0,0.0,57.14285714285714,0.0,42.857142857142854,7,2.0794415416798357,0,0.0,0.0,57.14285714285714,0.0,93.91,0.0
U_11833822,C_947252,115,114,99.13,0.0,0.0,100.0,0.0,0.0,1,0.6931471805599453,0,0.0,0.0,100.0,0.0,99.13,0.0
U_11833932,C_947252,115,113,98.26,0.0,0.0,100.0,0.0,0.0,1,0.6931471805599453,0,0.0,0.0,100.0,0.0,98.26,0.0
U_11855465,C_746997,21,14,66.67,50.0,50.0,50.0,0.0,0.0,6,1.9459101490553132,0,33.33333333333333,16.666666666666664,50.0,0.0,66.67,50.0
U_11857204,C_746997,159,128,80.5,100.0,100.0,0.0,0.0,0.0,1,0.6931471805599453,0,100.0,0.0,0.0,0.0,80.5,100.0
U_11886321,C_845950,6,4,66.67,100.0,100.0,0.0,0.0,0.0,1,0.6931471805599453,0,0.0,100.0,0.0,0.0,66.67,100.0
U_11890549,C_680992,197,163,82.74,50.0,50.0,50.0,0.0,0.0,2,1.0986122886681098,0,50.0,0.0,50.0,0.0,82.74,50.0
U_11890549,C_947244,133,115,86.47,50.0,50.0,50.0,0.0,0.0,2,1.0986122886681098,0,50.0,0.0,50.0,0.0,86.47,50.0
U_11907687,C_735115,6,3,50.0,57.692307692307686,30.76923076923077,32.69230769230769,26.923076923076923,7.6923076923076925,52,3.970291913552122,0,21.153846153846153,9.615384615384617,32.69230769230769,26.923076923076923,50.0,57.692307692307686
U_1192259,C_746997,34,25,73.53,44.0,44.0,0.0,0.0,48.0,25,3.258096538021482,0,12.0,32.0,0.0,0.0,73.53,44.0
U_11930575,C_1864068,6,5,83.33,50.0,16.666666666666664,50.0,33.33333333333333,0.0,6,1.9459101490553132,0,0.0,16.666666666666664,50.0,33.33333333333333,83.33,50.0
U_11974563,C_697076,10,5,50.0,100.0,100.0,0.0,0.0,0.0,10,2.3978952727983707,0,100.0,0.0,0.0,0.0,50.0,100.0
U_12019873,C_1902586,5,4,80.0,100.0,100.0,0.0,0.0,0.0,2,1.0986122886681098,0,100.0,0.0,0.0,0.0,80.0,100.0
U_12023526,C_797404,167,95,56.89,0.0,0.0,100.0,0.0,0.0,2,1.0986122886681098,0,0.0,0.0,100.0,0.0,56.89,0.0
U_12029629,C_1557390,6,0,0.0,100.0,100.0,0.0,0.0,0.0,2,1.0986122886681098,0,100.0,0.0,0.0,0.0,0.0,100.0
U_12060362,C_746997,334,244,73.05,100.0,100.0,0.0,0.0,0.0,3,1.3862943611198906,0,100.0,0.0,0.0,0.0,73.05,100.0
U_12061650,C_801420,13,6,46.15,0.0,0.0,100.0,0.0,0.0,1,0.6931471805599453,0,0.0,0.0,100.0,0.0,46.15,0.0
U_12077581,C_735214,27,22,81.48,100.0,100.0,0.0,0.0,0.0,2,1.0986122886681098,0,100.0,0.0,0.0,0.0,81.48,100.0
U_12077692,C_735214,40,26,65.0,0.0,0.0,100.0,0.0,0.0,1,0.6931471805599453,0,0.0,0.0,100.0,0.0,65.0,0.0
U_12085500,C_746997,26,17,65.38,100.0,100.0,0.0,0.0,0.0,2,1.0986122886681098,0,100.0,0.0,0.0,0.0,65.38,100.0
U_12086842,C_948403,16,8,50.0,50.0,50.0,50.0,0.0,0.0,2,1.0986122886681098,0,50.0,0.0,50.0,0.0,50.0,50.0
U_12091794,C_756646,5,5,100.0,100.0,100.0,0.0,0.0,0.0,3,1.3862943611198906,0,100.0,0.0,0.0,0.0,100.0,100.0
U_12102208,C_948109,301,296,98.34,0.0,0.0,100.0,0.0,0.0,1,0.6931471805599453,0,0.0,0.0,100.0,0.0,98.34,0.0
U_12107572,C_746997,11,4,36.36,83.33333333333334,83.33333333333334,16.666666666666664,0.0,0.0,6,1.9459101490553132,0,66.66666666666666,16.666666666666664,16.666666666666664,0.0,36.36,83.33333333333334
U_12108164,C_1704762,117,90,76.92,100.0,100.0,0.0,0.0,0.0,6,1.9459101490553132,0,83.33333333333334,16.666666666666664,0.0,0.0,76.92,100.0
U_12133323,C_749807,13,10,76.92,66.66666666666666,66.66666666666666,33.33333333333333,0.0,0.0,6,1.9459101490553132,0,50.0,16.666666666666664,33.33333333333333,0.0,76.92,66.66666666666666
U_12139901,C_697684,10,6,60.0,50.943396226415096,50.943396226415096,45.28301886792453,0.0,3.7735849056603774,53,3.9889840465642745,0,22.641509433962263,28.30188679245283,45.28301886792453,0.0,60.0,50.943396226415096
U_12159384,C_746997,62,48,77.42,100.0,100.0,0.0,0.0,0.0,1,0.6931471805599453,0,100.0,0.0,0.0,0.0,77.42,100.0
U_12194956,C_1945689,20,19,95.0,100.0,0.0,0.0,100.0,0.0,3,1.3862943611198906,0,0.0,0.0,0.0,100.0,95.0,100.0
U_12196117,C_681460,150,141,94.0,0.0,0.0,100.0,0.0,0.0,1,0.6931471805599453,0,0.0,0.0,100.0,0.0,94.0,0.0
U_12197337,C_707456,214,137,64.02,16.666666666666664,0.0,83.33333333333334,16.666666666666664,0.0,6,1.9459101490553132,0,0.0,0.0,83.33333333333334,16.666666666666664,64.02,16.666666666666664
U_12201793,C_1822804,225,207,92.0,0.0,0.0,0.0,0.0,0.0,1,0.6931471805599453,0,0.0,0.0,0.0,0.0,92.0,0.0
U_12214319,C_707456,23,20,86.96,0.0,0.0,100.0,0.0,0.0,3,1.3862943611198906,0,0.0,0.0,100.0,0.0,86.96,0.0
U_12231943,C_746997,30,24,80.0,100.0,100.0,0.0,0.0,0.0,1,0.6931471805599453,0,100.0,0.0,0.0,0.0,80.0,100.0
U_12232567,C_746997,50,31,62.0,100.0,100.0,0.0,0.0,0.0,3,1.3862943611198906,0,100.0,0.0,0.0,0.0,62.0,100.0
U_12233423,C_746997,11,6,54.55,100.0,100.0,0.0,0.0,0.0,4,1.6094379124341005,0,100.0,0.0,0.0,0.0,54.55,100.0
U_1223617,C_2033958,169,121,71.6,25.0,16.666666666666664,66.66666666666666,8.333333333333332,8.333333333333332,12,2.5649493574615367,0,0.0,16.666666666666664,66.66666666666666,8.333333333333332,71.6,25.0
U_12239700,C_746997,30,12,40.0,85.71428571428571,85.71428571428571,14.285714285714285,0.0,0.0,14,2.70805020110221,0,78.57142857142857,7.142857142857142,14.285714285714285,0.0,40.0,85.71428571428571
U_12257709,C_845950,125,22,17.6,33.33333333333333,0.0,33.33333333333333,33.33333333333333,33.33333333333333,6,1.9459101490553132,0,0.0,0.0,33.33333333333333,33.33333333333333,17.6,33.33333333333333
U_12302683,C_707456,214,120,56.07,0.0,0.0,100.0,0.0,0.0,1,0.6931471805599453,0,0.0,0.0,100.0,0.0,56.07,0.0
U_12318787,C_737592,112,104,92.86,33.33333333333333,33.33333333333333,50.0,0.0,0.0,6,1.9459101490553132,0,33.33333333333333,0.0,50.0,0.0,92.86,33.33333333333333
U_12345860,C_948488,40,40,100.0,25.0,25.0,75.0,0.0,0.0,4,1.6094379124341005,0,25.0,0.0,75.0,0.0,100.0,25.0
U_12364355,C_746997,11,8,72.73,0.0,0.0,0.0,0.0,100.0,1,0.6931471805599453,0,0.0,0.0,0.0,0.0,72.73,0.0
U_12364376,C_746997,48,37,77.08,100.0,100.0,0.0,0.0,0.0,1,0.6931471805599453,0,100.0,0.0,0.0,0.0,77.08,100.0
U_12364429,C_746997,16,14,87.5,100.0,100.0,0.0,0.0,0.0,2,1.0986122886681098,0,100.0,0.0,0.0,0.0,87.5,100.0
U_12366599,C_746997,185,121,65.41,66.66666666666666,33.33333333333333,33.33333333333333,33.33333333333333,0.0,3,1.3862943611198906,0,33.33333333333333,0.0,33.33333333333333,33.33333333333333,65.41,66.66666666666666
U_12372010,C_1527433,19,16,84.21,100.0,100.0,0.0,0.0,0.0,1,0.6931471805599453,0,100.0,0.0,0.0,0.0,84.21,100.0
U_12380748,C_1718815,79,77,97.47,93.75,93.75,6.25,0.0,0.0,16,2.833213344056216,0,81.25,12.5,6.25,0.0,97.47,93.75
U_12385064,C_883372,7,5,71.43,80.0,80.0,20.0,0.0,0.0,5,1.791759469228055,0,0.0,80.0,20.0,0.0,71.43,80.0
U_12389166,C_947252,24,19,79.17,26.31578947368421,21.052631578947366,57.89473684210527,5.263157894736842,15.789473684210526,19,2.995732273553991,0,21.052631578947366,0.0,57.89473684210527,5.263157894736842,79.17,26.31578947368421
U_12404930,C_1750793,7,7,100.0,100.0,0.0,0.0,100.0,0.0,2,1.0986122886681098,0,0.0,0.0,0.0,100.0,100.0,100.0
U_12405072,C_746997,9,4,44.44,100.0,100.0,0.0,0.0,0.0,2,1.0986122886681098,0,100.0,0.0,0.0,0.0,44.44,100.0
U_12407454,C_1912004,5,3,60.0,100.0,100.0,0.0,0.0,0.0,1,0.6931471805599453,0,100.0,0.0,0.0,0.0,60.0,100.0
U_12407454,C_696832,17,13,76.47,100.0,100.0,0.0,0.0,0.0,1,0.6931471805599453,0,100.0,0.0,0.0,0.0,76.47,100.0
U_12407454,C_1925898,10,6,60.0,100.0,100.0,0.0,0.0,0.0,1,0.6931471805599453,0,100.0,0.0,0.0,0.0,60.0,100.0
U_12407454,C_1992945,5,2,40.0,100.0,100.0,0.0,0.0,0.0,1,0.6931471805599453,0,100.0,0.0,0.0,0.0,40.0,100.0
U_12408069,C_746997,6,5,83.33,100.0,100.0,0.0,0.0,0.0,3,1.3862943611198906,0,66.66666666666666,33.33333333333333,0.0,0.0,83.33,100.0
U_12408623,C_799800,18,10,55.56,100.0,100.0,0.0,0.0,0.0,3,1.3862943611198906,0,100.0,0.0,0.0,0.0,55.56,100.0
U_12408739,C_707456,105,86,81.9,0.0,0.0,100.0,0.0,0.0,6,1.9459101490553132,0,0.0,0.0,100.0,0.0,81.9,0.0
U_12408780,C_707456,214,156,72.9,0.0,0.0,100.0,0.0,0.0,2,1.0986122886681098,0,0.0,0.0,100.0,0.0,72.9,0.0
U_12408838,C_707456,88,56,63.64,0.0,0.0,100.0,0.0,0.0,2,1.0986122886681098,0,0.0,0.0,100.0,0.0,63.64,0.0
U_12414480,C_949439,11,10,90.91,100.0,100.0,0.0,0.0,0.0,2,1.0986122886681098,0,100.0,0.0,0.0,0.0,90.91,100.0
U_12414480,C_1753434,23,14,60.87,100.0,100.0,0.0,0.0,0.0,2,1.0986122886681098,0,100.0,0.0,0.0,0.0,60.87,100.0
U_12414480,C_1914506,24,14,58.33,100.0,100.0,0.0,0.0,0.0,2,1.0986122886681098,0,100.0,0.0,0.0,0.0,58.33,100.0
U_12418485,C_799800,38,18,47.37,90.0,90.0,10.0,0.0,0.0,10,2.3978952727983707,0,80.0,10.0,10.0,0.0,47.37,90.0
U_12419125,C_1945689,22,18,81.82,100.0,100.0,0.0,0.0,0.0,5,1.791759469228055,0,100.0,0.0,0.0,0.0,81.82,100.0
U_12419241,C_845950,12,9,75.0,0.0,0.0,100.0,0.0,0.0,1,0.6931471805599453,0,0.0,0.0,100.0,0.0,75.0,0.0
U_12427034,C_735214,22,17,77.27,0.0,0.0,0.0,0.0,100.0,5,1.791759469228055,0,0.0,0.0,0.0,0.0,77.27,0.0
U_12427034,C_823327,223,209,93.72,0.0,0.0,0.0,0.0,100.0,5,1.791759469228055,0,0.0,0.0,0.0,0.0,93.72,0.0
U_12427741,C_2033958,5,5,100.0,100.0,100.0,0.0,0.0,0.0,1,0.6931471805599453,0,100.0,0.0,0.0,0.0,100.0,100.0
U_12429702,C_911733,70,48,68.57,100.0,100.0,0.0,0.0,0.0,2,1.0986122886681098,0,0.0,100.0,0.0,0.0,68.57,100.0
U_12431703,C_680747,14,10,71.43,100.0,100.0,0.0,0.0,0.0,2,1.0986122886681098,0,0.0,100.0,0.0,0.0,71.43,100.0
U_12435378,C_735214,29,19,65.52,100.0,0.0,0.0,100.0,0.0,1,0.6931471805599453,0,0.0,0.0,0.0,100.0,65.52,100.0
U_12438516,C_746997,6,4,66.67,100.0,100.0,0.0,0.0,0.0,2,1.0986122886681098,0,100.0,0.0,0.0,0.0,66.67,100.0
U_12442719,C_823327,53,51,96.23,100.0,100.0,0.0,0.0,0.0,2,1.0986122886681098,0,100.0,0.0,0.0,0.0,96.23,100.0
U_12444526,C_735214,40,27,67.5,0.0,0.0,100.0,0.0,0.0,1,0.6931471805599453,0,0.0,0.0,100.0,0.0,67.5,0.0
U_12449467,C_735214,40,22,55.0,0.0,0.0,100.0,0.0,0.0,1,0.6931471805599453,0,0.0,0.0,100.0,0.0,55.0,0.0
U_12449467,C_823327,183,156,85.25,0.0,0.0,100.0,0.0,0.0,1,0.6931471805599453,0,0.0,0.0,100.0,0.0,85.25,0.0
U_12450457,C_746997,29,24,82.76,71.05263157894737,65.78947368421053,13.157894736842104,5.263157894736842,15.789473684210526,38,3.6635616461296463,0,52.63157894736842,13.157894736842104,13.157894736842104,5.263157894736842,82.76,71.05263157894737
U_12450457,C_799800,5,3,60.0,71.05263157894737,65.78947368421053,13.157894736842104,5.263157894736842,15.789473684210526,38,3.6635616461296463,0,52.63157894736842,13.157894736842104,13.157894736842104,5.263157894736842,60.0,71.05263157894737
U_12459288,C_746997,8,4,50.0,100.0,100.0,0.0,0.0,0.0,1,0.6931471805599453,0,100.0,0.0,0.0,0.0,50.0,100.0
U_12461277,C_770751,21,10,47.62,100.0,66.66666666666666,0.0,33.33333333333333,0.0,3,1.3862943611198906,0,33.33333333333333,33.33333333333333,0.0,33.33333333333333,47.62,100.0
U_12461414,C_746997,7,4,57.14,66.66666666666666,50.0,33.33333333333333,16.666666666666664,0.0,6,1.9459101490553132,0,50.0,0.0,33.33333333333333,16.666666666666664,57.14,66.66666666666666
U_12461849,C_799791,55,42,76.36,0.0,0.0,100.0,0.0,0.0,5,1.791759469228055,0,0.0,0.0,100.0,0.0,76.36,0.0
U_12461849,C_1159827,15,12,80.0,0.0,0.0,100.0,0.0,0.0,5,1.791759469228055,0,0.0,0.0,100.0,0.0,80.0,0.0
U_12462692,C_735197,7,3,42.86,64.70588235294117,64.70588235294117,35.294117647058826,0.0,0.0,17,2.8903717578961645,0,52.94117647058824,11.76470588235294,35.294117647058826,0.0,42.86,64.70588235294117
U_12462692,C_746997,11,7,63.64,64.70588235294117,64.70588235294117,35.294117647058826,0.0,0.0,17,2.8903717578961645,0,52.94117647058824,11.76470588235294,35.294117647058826,0.0,63.64,64.70588235294117
U_12466115,C_911733,131,97,74.05,0.0,0.0,100.0,0.0,0.0,3,1.3862943611198906,0,0.0,0.0,100.0,0.0,74.05,0.0
U_12513438,C_735214,40,29,72.5,100.0,100.0,0.0,0.0,0.0,2,1.0986122886681098,0,100.0,0.0,0.0,0.0,72.5,100.0
U_12513568,C_735214,40,30,75.0,100.0,100.0,0.0,0.0,0.0,1,0.6931471805599453,0,100.0,0.0,0.0,0.0,75.0,100.0
U_12513642,C_735214,38,20,52.63,0.0,0.0,100.0,0.0,0.0,1,0.6931471805599453,0,0.0,0.0,100.0,0.0,52.63,0.0
U_12519588,C_1791152,6,0,0.0,44.44444444444444,44.44444444444444,55.55555555555556,0.0,0.0,27,3.332204510175204,0,18.51851851851852,25.925925925925924,55.55555555555556,0.0,0.0,44.44444444444444
U_12534888,C_676635,20,17,85.0,100.0,100.0,0.0,0.0,0.0,5,1.791759469228055,0,100.0,0.0,0.0,0.0,85.0,100.0
U_12542186,C_746997,198,153,77.27,50.0,50.0,50.0,0.0,0.0,2,1.0986122886681098,0,0.0,50.0,50.0,0.0,77.27,50.0
U_12545442,C_823327,243,204,83.95,50.0,50.0,0.0,0.0,0.0,4,1.6094379124341005,0,0.0,50.0,0.0,0.0,83.95,50.0
U_12545471,C_823327,68,56,82.35,63.63636363636363,63.63636363636363,36.36363636363637,0.0,0.0,11,2.4849066497880004,0,36.36363636363637,27.27272727272727,36.36363636363637,0.0,82.35,63.63636363636363
U_12545471,C_746997,23,9,39.13,63.63636363636363,63.63636363636363,36.36363636363637,0.0,0.0,11,2.4849066497880004,0,36.36363636363637,27.27272727272727,36.36363636363637,0.0,39.13,63.63636363636363
U_12571060,C_845950,181,181,100.0,100.0,100.0,0.0,0.0,0.0,4,1.6094379124341005,0,100.0,0.0,0.0,0.0,100.0,100.0
U_12572192,C_1925897,20,17,85.0,100.0,100.0,0.0,0.0,0.0,5,1.791759469228055,0,100.0,0.0,0.0,0.0,85.0,100.0
U_12575860,C_746997,59,46,77.97,100.0,100.0,0.0,0.0,0.0,2,1.0986122886681098,0,100.0,0.0,0.0,0.0,77.97,100.0
U_12577258,C_756642,19,11,57.89,100.0,100.0,0.0,0.0,0.0,1,0.6931471805599453,0,100.0,0.0,0.0,0.0,57.89,100.0
U_12593684,C_845950,102,84,82.35,100.0,100.0,0.0,0.0,0.0,1,0.6931471805599453,0,100.0,0.0,0.0,0.0,82.35,100.0
U_12593813,C_845950,125,26,20.8,100.0,100.0,0.0,0.0,0.0,5,1.791759469228055,0,0.0,100.0,0.0,0.0,20.8,100.0
U_12594146,C_845950,125,116,92.8,100.0,0.0,0.0,100.0,0.0,1,0.6931471805599453,0,0.0,0.0,0.0,100.0,92.8,100.0
U_12600570,C_746997,37,24,64.86,100.0,100.0,0.0,0.0,0.0,6,1.9459101490553132,0,100.0,0.0,0.0,0.0,64.86,100.0
U_12607039,C_735214,9,0,0.0,100.0,100.0,0.0,0.0,0.0,1,0.6931471805599453,0,100.0,0.0,0.0,0.0,0.0,100.0
U_12614711,C_746997,43,33,76.74,100.0,100.0,0.0,0.0,0.0,10,2.3978952727983707,0,90.0,10.0,0.0,0.0,76.74,100.0
U_12618034,C_845950,125,123,98.4,100.0,100.0,0.0,0.0,0.0,1,0.6931471805599453,0,100.0,0.0,0.0,0.0,98.4,100.0
U_12618466,C_845950,125,39,31.2,100.0,100.0,0.0,0.0,0.0,2,1.0986122886681098,0,100.0,0.0,0.0,0.0,31.2,100.0
U_12619558,C_746997,7,6,85.71,100.0,100.0,0.0,0.0,0.0,5,1.791759469228055,0,100.0,0.0,0.0,0.0,85.71,100.0
U_12620887,C_735214,32,24,75.0,0.0,0.0,100.0,0.0,0.0,1,0.6931471805599453,0,0.0,0.0,100.0,0.0,75.0,0.0
U_12620946,C_943255,10,7,70.0,100.0,100.0,0.0,0.0,0.0,4,1.6094379124341005,0,75.0,25.0,0.0,0.0,70.0,100.0
U_12621197,C_735214,30,25,83.33,0.0,0.0,100.0,0.0,0.0,1,0.6931471805599453,0,0.0,0.0,100.0,0.0,83.33,0.0
U_12626356,C_746997,26,23,88.46,25.0,25.0,75.0,0.0,0.0,4,1.6094379124341005,0,25.0,0.0,75.0,0.0,88.46,25.0
U_12630862,C_746997,118,80,67.8,100.0,100.0,0.0,0.0,0.0,2,1.0986122886681098,0,100.0,0.0,0.0,0.0,67.8,100.0
U_12630919,C_746997,58,42,72.41,50.0,50.0,50.0,0.0,0.0,2,1.0986122886681098,0,50.0,0.0,50.0,0.0,72.41,50.0
U_12631153,C_746997,13,8,61.54,100.0,100.0,0.0,0.0,0.0,1,0.6931471805599453,0,100.0,0.0,0.0,0.0,61.54,100.0
U_12632544,C_746997,51,31,60.78,50.0,50.0,0.0,0.0,0.0,2,1.0986122886681098,0,50.0,0.0,0.0,0.0,60.78,50.0
U_12651754,C_746997,18,9,50.0,100.0,100.0,0.0,0.0,0.0,2,1.0986122886681098,0,100.0,0.0,0.0,0.0,50.0,100.0
U_12653017,C_845950,5,1,20.0,100.0,100.0,0.0,0.0,0.0,8,2.1972245773362196,0,100.0,0.0,0.0,0.0,20.0,100.0
U_12653017,C_746997,14,9,64.29,100.0,100.0,0.0,0.0,0.0,8,2.1972245773362196,0,100.0,0.0,0.0,0.0,64.29,100.0
U_12653957,C_845950,54,32,59.26,66.66666666666666,66.66666666666666,33.33333333333333,0.0,0.0,3,1.3862943611198906,0,66.66666666666666,0.0,33.33333333333333,0.0,59.26,66.66666666666666
U_12657116,C_735214,40,20,50.0,100.0,100.0,0.0,0.0,0.0,9,2.302585092994046,0,100.0,0.0,0.0,0.0,50.0,100.0
U_12657215,C_697076,44,37,84.09,62.5,31.25,25.0,31.25,12.5,16,2.833213344056216,0,6.25,25.0,25.0,31.25,84.09,62.5
U_12659672,C_770751,8,4,50.0,95.23809523809524,95.23809523809524,4.761904761904762,0.0,0.0,42,3.7612001156935624,0,85.71428571428571,9.523809523809524,4.761904761904762,0.0,50.0,95.23809523809524
U_12659672,C_676975,6,1,16.67,95.23809523809524,95.23809523809524,4.761904761904762,0.0,0.0,42,3.7612001156935624,0,85.71428571428571,9.523809523809524,4.761904761904762,0.0,16.67,95.23809523809524
U_12660064,C_845950,122,112,91.8,100.0,100.0,0.0,0.0,0.0,2,1.0986122886681098,0,100.0,0.0,0.0,0.0,91.8,100.0
U_12661293,C_746997,78,53,67.95,100.0,100.0,0.0,0.0,0.0,2,1.0986122886681098,0,100.0,0.0,0.0,0.0,67.95,100.0
U_12661437,C_746997,12,5,41.67,100.0,100.0,0.0,0.0,0.0,2,1.0986122886681098,0,100.0,0.0,0.0,0.0,41.67,100.0
U_12661453,C_746997,69,52,75.36,0.0,0.0,100.0,0.0,0.0,5,1.791759469228055,0,0.0,0.0,100.0,0.0,75.36,0.0
U_12661456,C_746997,153,115,75.16,85.71428571428571,85.71428571428571,14.285714285714285,0.0,0.0,7,2.0794415416798357,0,85.71428571428571,0.0,14.285714285714285,0.0,75.16,85.71428571428571
U_12676187,C_936971,30,16,53.33,22.22222222222222,22.22222222222222,33.33333333333333,0.0,44.44444444444444,9,2.302585092994046,0,0.0,22.22222222222222,33.33333333333333,0.0,53.33,22.22222222222222
U_12677072,C_1774985,21,16,76.19,100.0,100.0,0.0,0.0,0.0,1,0.6931471805599453,0,100.0,0.0,0.0,0.0,76.19,100.0
U_12695489,C_845950,88,85,96.59,100.0,100.0,0.0,0.0,0.0,2,1.0986122886681098,0,100.0,0.0,0.0,0.0,96.59,100.0
U_12697431,C_746997,23,21,91.3,40.0,40.0,60.0,0.0,0.0,5,1.791759469228055,0,40.0,0.0,60.0,0.0,91.3,40.0
U_12698838,C_845950,125,125,100.0,100.0,100.0,0.0,0.0,0.0,2,1.0986122886681098,0,100.0,0.0,0.0,0.0,100.0,100.0
U_1270807,C_747056,127,85,66.93,100.0,100.0,0.0,0.0,0.0,2,1.0986122886681098,0,100.0,0.0,0.0,0.0,66.93,100.0
U_12714739,C_746997,41,26,63.41,100.0,100.0,0.0,0.0,0.0,3,1.3862943611198906,0,100.0,0.0,0.0,0.0,63.41,100.0
U_1271840,C_890125,11,10,90.91,100.0,100.0,0.0,0.0,0.0,20,3.044522437723423,0,100.0,0.0,0.0,0.0,90.91,100.0
U_12721041,C_845950,14,8,57.14,50.0,50.0,50.0,0.0,0.0,4,1.6094379124341005,0,50.0,0.0,50.0,0.0,57.14,50.0
U_12721041,C_735385,103,69,66.99,50.0,50.0,50.0,0.0,0.0,4,1.6094379124341005,0,50.0,0.0,50.0,0.0,66.99,50.0
U_12722831,C_845950,6,5,83.33,0.0,0.0,100.0,0.0,0.0,1,0.6931471805599453,0,0.0,0.0,100.0,0.0,83.33,0.0
U_12725849,C_943255,6,1,16.67,100.0,100.0,0.0,0.0,0.0,2,1.0986122886681098,0,100.0,0.0,0.0,0.0,16.67,100.0
U_12754289,C_1756058,64,34,53.12,77.77777777777779,77.77777777777779,22.22222222222222,0.0,0.0,9,2.302585092994046,0,11.11111111111111,66.66666666666666,22.22222222222222,0.0,53.12,77.77777777777779
U_12878191,C_735342,80,55,68.75,66.66666666666666,66.66666666666666,33.33333333333333,0.0,0.0,6,1.9459101490553132,0,66.66666666666666,0.0,33.33333333333333,0.0,68.75,66.66666666666666
U_12909021,C_801420,14,7,50.0,100.0,100.0,0.0,0.0,0.0,2,1.0986122886681098,0,100.0,0.0,0.0,0.0,50.0,100.0
U_12915126,C_788547,11,6,54.55,50.0,50.0,50.0,0.0,0.0,10,2.3978952727983707,0,20.0,30.0,50.0,0.0,54.55,50.0
U_12915126,C_746997,16,8,50.0,50.0,50.0,50.0,0.0,0.0,10,2.3978952727983707,0,20.0,30.0,50.0,0.0,50.0,50.0
U_12919586,C_697107,36,32,88.89,50.0,50.0,50.0,0.0,0.0,2,1.0986122886681098,0,50.0,0.0,50.0,0.0,88.89,50.0
U_12935797,C_680881,42,38,90.48,100.0,100.0,0.0,0.0,0.0,4,1.6094379124341005,0,75.0,25.0,0.0,0.0,90.48,100.0
U_12943251,C_801420,196,104,53.06,100.0,100.0,0.0,0.0,0.0,1,0.6931471805599453,0,100.0,0.0,0.0,0.0,53.06,100.0
U_12948516,C_746997,38,32,84.21,100.0,100.0,0.0,0.0,0.0,1,0.6931471805599453,0,100.0,0.0,0.0,0.0,84.21,100.0
U_12949730,C_845950,125,121,96.8,100.0,100.0,0.0,0.0,0.0,1,0.6931471805599453,0,100.0,0.0,0.0,0.0,96.8,100.0
U_12951905,C_674920,10,10,100.0,100.0,100.0,0.0,0.0,0.0,7,2.0794415416798357,0,71.42857142857143,28.57142857142857,0.0,0.0,100.0,100.0
U_12971370,C_801420,166,82,49.4,100.0,100.0,0.0,0.0,0.0,3,1.3862943611198906,0,100.0,0.0,0.0,0.0,49.4,100.0
U_12975347,C_854832,7,5,71.43,75.0,75.0,25.0,0.0,0.0,4,1.6094379124341005,0,75.0,0.0,25.0,0.0,71.43,75.0
U_12976476,C_947252,91,56,61.54,100.0,0.0,0.0,100.0,0.0,1,0.6931471805599453,0,0.0,0.0,0.0,100.0,61.54,100.0
U_12980326,C_854843,21,16,76.19,100.0,100.0,0.0,0.0,0.0,2,1.0986122886681098,0,100.0,0.0,0.0,0.0,76.19,100.0
U_12982991,C_680819,40,30,75.0,100.0,100.0,0.0,0.0,0.0,4,1.6094379124341005,0,100.0,0.0,0.0,0.0,75.0,100.0
U_12983160,C_823300,120,84,70.0,100.0,100.0,0.0,0.0,0.0,5,1.791759469228055,0,100.0,0.0,0.0,0.0,70.0,100.0
U_12987301,C_746997,131,82,62.6,100.0,100.0,0.0,0.0,0.0,2,1.0986122886681098,0,100.0,0.0,0.0,0.0,62.6,100.0
U_13011870,C_1864063,56,27,48.21,50.0,50.0,50.0,0.0,0.0,2,1.0986122886681098,0,50.0,0.0,50.0,0.0,48.21,50.0
U_13011870,C_707035,106,92,86.79,50.0,50.0,50.0,0.0,0.0,2,1.0986122886681098,0,50.0,0.0,50.0,0.0,86.79,50.0
U_13032556,C_697285,20,12,60.0,100.0,100.0,0.0,0.0,0.0,2,1.0986122886681098,0,50.0,50.0,0.0,0.0,60.0,100.0
U_13033261,C_746997,7,6,85.71,60.0,60.0,40.0,0.0,0.0,5,1.791759469228055,0,60.0,0.0,40.0,0.0,85.71,60.0
U_13044186,C_845950,25,17,68.0,100.0,100.0,0.0,0.0,0.0,1,0.6931471805599453,0,100.0,0.0,0.0,0.0,68.0,100.0
U_13044544,C_845950,125,124,99.2,100.0,100.0,0.0,0.0,0.0,2,1.0986122886681098,0,100.0,0.0,0.0,0.0,99.2,100.0
U_13069094,C_845950,6,3,50.0,75.0,75.0,25.0,0.0,0.0,4,1.6094379124341005,0,50.0,25.0,25.0,0.0,50.0,75.0
U_13071881,C_830571,66,56,84.85,100.0,100.0,0.0,0.0,0.0,4,1.6094379124341005,0,50.0,50.0,0.0,0.0,84.85,100.0
U_13071881,C_830569,100,75,75.0,100.0,100.0,0.0,0.0,0.0,4,1.6094379124341005,0,50.0,50.0,0.0,0.0,75.0,100.0
U_13071881,C_830568,227,135,59.47,100.0,100.0,0.0,0.0,0.0,4,1.6094379124341005,0,50.0,50.0,0.0,0.0,59.47,100.0
U_13071881,C_830439,176,111,63.07,100.0,100.0,0.0,0.0,0.0,4,1.6094379124341005,0,50.0,50.0,0.0,0.0,63.07,100.0
U_13071881,C_949439,15,11,73.33,100.0,100.0,0.0,0.0,0.0,4,1.6094379124341005,0,50.0,50.0,0.0,0.0,73.33,100.0
U_13071881,C_674920,30,29,96.67,100.0,100.0,0.0,0.0,0.0,4,1.6094379124341005,0,50.0,50.0,0.0,0.0,96.67,100.0
U_13071881,C_1628052,5,5,100.0,100.0,100.0,0.0,0.0,0.0,4,1.6094379124341005,0,50.0,50.0,0.0,0.0,100.0,100.0
U_13074270,C_1741536,22,13,59.09,100.0,100.0,0.0,0.0,0.0,4,1.6094379124341005,0,100.0,0.0,0.0,0.0,59.09,100.0
U_1308575,C_1741505,5,2,40.0,100.0,0.0,0.0,100.0,0.0,1,0.6931471805599453,0,0.0,0.0,0.0,100.0,40.0,100.0
U_13106032,C_845950,13,5,38.46,0.0,0.0,100.0,0.0,0.0,1,0.6931471805599453,0,0.0,0.0,100.0,0.0,38.46,0.0
U_13106664,C_735239,7,6,85.71,40.909090909090914,40.909090909090914,59.09090909090909,0.0,0.0,22,3.1354942159291497,0,36.36363636363637,4.545454545454546,59.09090909090909,0.0,85.71,40.909090909090914
U_13126448,C_735385,5,3,60.0,16.666666666666664,0.0,83.33333333333334,16.666666666666664,0.0,6,1.9459101490553132,0,0.0,0.0,83.33333333333334,16.666666666666664,60.0,16.666666666666664
U_13159571,C_682356,8,6,75.0,100.0,100.0,0.0,0.0,0.0,119,4.787491742782046,0,97.47899159663864,2.5210084033613445,0.0,0.0,75.0,100.0
U_13178111,C_788547,330,262,79.39,50.0,50.0,0.0,0.0,0.0,2,1.0986122886681098,0,50.0,0.0,0.0,0.0,79.39,50.0
U_13229659,C_746997,54,41,75.93,0.0,0.0,100.0,0.0,0.0,2,1.0986122886681098,0,0.0,0.0,100.0,0.0,75.93,0.0
U_13251012,C_799800,27,18,66.67,75.0,75.0,25.0,0.0,0.0,4,1.6094379124341005,0,75.0,0.0,25.0,0.0,66.67,75.0
U_13259818,C_2244920,14,13,92.86,70.0,70.0,30.0,0.0,0.0,10,2.3978952727983707,0,50.0,20.0,30.0,0.0,92.86,70.0
U_13324178,C_786631,62,51,82.26,100.0,100.0,0.0,0.0,0.0,2,1.0986122886681098,0,100.0,0.0,0.0,0.0,82.26,100.0
U_13331676,C_1945689,5,5,100.0,100.0,100.0,0.0,0.0,0.0,1,0.6931471805599453,0,100.0,0.0,0.0,0.0,100.0,100.0
U_13336914,C_1903985,20,12,60.0,100.0,100.0,0.0,0.0,0.0,16,2.833213344056216,0,100.0,0.0,0.0,0.0,60.0,100.0
U_13337676,C_1704762,157,95,60.51,50.0,50.0,16.666666666666664,0.0,33.33333333333333,18,2.9444389791664403,0,38.88888888888889,11.11111111111111,16.666666666666664,0.0,60.51,50.0
U_13344713,C_911733,101,76,75.25,0.0,0.0,100.0,0.0,0.0,1,0.6931471805599453,0,0.0,0.0,100.0,0.0,75.25,0.0
U_13345414,C_746997,12,7,58.33,100.0,100.0,0.0,0.0,0.0,2,1.0986122886681098,0,100.0,0.0,0.0,0.0,58.33,100.0
U_13353035,C_1801907,13,8,61.54,100.0,100.0,0.0,0.0,0.0,9,2.302585092994046,0,100.0,0.0,0.0,0.0,61.54,100.0
U_13393282,C_1795810,63,40,63.49,80.0,0.0,20.0,80.0,0.0,5,1.791759469228055,0,0.0,0.0,20.0,80.0,63.49,80.0
U_13393282,C_801420,7,2,28.57,80.0,0.0,20.0,80.0,0.0,5,1.791759469228055,0,0.0,0.0,20.0,80.0,28.57,80.0
U_13408018,C_746997,17,5,29.41,100.0,100.0,0.0,0.0,0.0,2,1.0986122886681098,0,100.0,0.0,0.0,0.0,29.41,100.0
U_13408101,C_746997,8,4,50.0,100.0,100.0,0.0,0.0,0.0,2,1.0986122886681098,0,100.0,0.0,0.0,0.0,50.0,100.0
U_13408101,C_735385,5,4,80.0,100.0,100.0,0.0,0.0,0.0,2,1.0986122886681098,0,100.0,0.0,0.0,0.0,80.0,100.0
U_13413687,C_746997,462,357,77.27,100.0,100.0,0.0,0.0,0.0,1,0.6931471805599453,0,100.0,0.0,0.0,0.0,77.27,100.0
U_13417401,C_746997,436,307,70.41,100.0,100.0,0.0,0.0,0.0,5,1.791759469228055,0,100.0,0.0,0.0,0.0,70.41,100.0
U_13417401,C_782555,45,26,57.78,100.0,100.0,0.0,0.0,0.0,5,1.791759469228055,0,100.0,0.0,0.0,0.0,57.78,100.0
U_13417532,C_746997,66,47,71.21,33.33333333333333,33.33333333333333,66.66666666666666,0.0,0.0,3,1.3862943611198906,0,0.0,33.33333333333333,66.66666666666666,0.0,71.21,33.33333333333333
U_13417532,C_782555,28,19,67.86,33.33333333333333,33.33333333333333,66.66666666666666,0.0,0.0,3,1.3862943611198906,0,0.0,33.33333333333333,66.66666666666666,0.0,67.86,33.33333333333333
U_13417662,C_746997,59,37,62.71,100.0,100.0,0.0,0.0,0.0,3,1.3862943611198906,0,100.0,0.0,0.0,0.0,62.71,100.0
U_13417662,C_2059294,7,6,85.71,100.0,100.0,0.0,0.0,0.0,3,1.3862943611198906,0,100.0,0.0,0.0,0.0,85.71,100.0
U_13418020,C_1765606,72,39,54.17,25.0,25.0,75.0,0.0,0.0,4,1.6094379124341005,0,0.0,25.0,75.0,0.0,54.17,25.0
U_13418397,C_830571,66,52,78.79,100.0,100.0,0.0,0.0,0.0,6,1.9459101490553132,0,33.33333333333333,66.66666666666666,0.0,0.0,78.79,100.0
U_13418397,C_830569,100,75,75.0,100.0,100.0,0.0,0.0,0.0,6,1.9459101490553132,0,33.33333333333333,66.66666666666666,0.0,0.0,75.0,100.0
U_13418397,C_830568,177,120,67.8,100.0,100.0,0.0,0.0,0.0,6,1.9459101490553132,0,33.33333333333333,66.66666666666666,0.0,0.0,67.8,100.0
U_13418397,C_1945689,20,17,85.0,100.0,100.0,0.0,0.0,0.0,6,1.9459101490553132,0,33.33333333333333,66.66666666666666,0.0,0.0,85.0,100.0
U_13420828,C_943255,5,0,0.0,100.0,100.0,0.0,0.0,0.0,2,1.0986122886681098,0,100.0,0.0,0.0,0.0,0.0,100.0
U_13421011,C_747047,10,6,60.0,100.0,100.0,0.0,0.0,0.0,8,2.1972245773362196,0,100.0,0.0,0.0,0.0,60.0,100.0
U_13435775,C_676635,6,4,66.67,100.0,100.0,0.0,0.0,0.0,5,1.791759469228055,0,80.0,20.0,0.0,0.0,66.67,100.0
U_13435775,C_707079,7,5,71.43,100.0,100.0,0.0,0.0,0.0,5,1.791759469228055,0,80.0,20.0,0.0,0.0,71.43,100.0
U_13442133,C_674920,10,6,60.0,100.0,100.0,0.0,0.0,0.0,3,1.3862943611198906,0,100.0,0.0,0.0,0.0,60.0,100.0
U_13454197,C_737592,90,74,82.22,100.0,100.0,0.0,0.0,0.0,2,1.0986122886681098,0,100.0,0.0,0.0,0.0,82.22,100.0
U_13476379,C_674920,10,9,90.0,100.0,0.0,0.0,100.0,0.0,1,0.6931471805599453,0,0.0,0.0,0.0,100.0,90.0,100.0
U_13476379,C_676646,23,20,86.96,100.0,0.0,0.0,100.0,0.0,1,0.6931471805599453,0,0.0,0.0,0.0,100.0,86.96,100.0
U_13487567,C_735175,9,7,77.78,100.0,50.0,0.0,50.0,0.0,2,1.0986122886681098,0,50.0,0.0,0.0,50.0,77.78,100.0
U_13500629,C_676969,14,13,92.86,100.0,100.0,0.0,0.0,0.0,2,1.0986122886681098,0,100.0,0.0,0.0,0.0,92.86,100.0
U_13506648,C_2287011,91,91,100.0,100.0,0.0,0.0,100.0,0.0,1,0.6931471805599453,0,0.0,0.0,0.0,100.0,100.0,100.0
U_13529210,C_707083,112,94,83.93,100.0,0.0,0.0,100.0,0.0,1,0.6931471805599453,0,0.0,0.0,0.0,100.0,83.93,100.0
U_13530390,C_677087,20,15,75.0,100.0,100.0,0.0,0.0,0.0,6,1.9459101490553132,0,100.0,0.0,0.0,0.0,75.0,100.0
U_13530390,C_911733,57,45,78.95,100.0,100.0,0.0,0.0,0.0,6,1.9459101490553132,0,100.0,0.0,0.0,0.0,78.95,100.0
U_13530390,C_1903985,60,39,65.0,100.0,100.0,0.0,0.0,0.0,6,1.9459101490553132,0,100.0,0.0,0.0,0.0,65.0,100.0
U_13551375,C_737592,116,108,93.1,50.0,0.0,50.0,50.0,0.0,4,1.6094379124341005,0,0.0,0.0,50.0,50.0,93.1,50.0
U_13551390,C_737592,112,59,52.68,100.0,100.0,0.0,0.0,0.0,1,0.6931471805599453,0,100.0,0.0,0.0,0.0,52.68,100.0
U_13551408,C_737592,116,109,93.97,75.0,25.0,25.0,50.0,0.0,4,1.6094379124341005,0,0.0,25.0,25.0,50.0,93.97,75.0
U_13551484,C_737592,116,112,96.55,83.33333333333334,66.66666666666666,8.333333333333332,16.666666666666664,8.333333333333332,12,2.5649493574615367,0,58.333333333333336,8.333333333333332,8.333333333333332,16.666666666666664,96.55,83.33333333333334
U_13551595,C_737592,42,39,92.86,100.0,100.0,0.0,0.0,0.0,1,0.6931471805599453,0,100.0,0.0,0.0,0.0,92.86,100.0
U_13551607,C_737592,116,114,98.28,100.0,100.0,0.0,0.0,0.0,1,0.6931471805599453,0,100.0,0.0,0.0,0.0,98.28,100.0
U_13551781,C_737592,116,107,92.24,100.0,100.0,0.0,0.0,0.0,2,1.0986122886681098,0,100.0,0.0,0.0,0.0,92.24,100.0
U_13557737,C_845950,77,31,40.26,0.0,0.0,100.0,0.0,0.0,7,2.0794415416798357,0,0.0,0.0,100.0,0.0,40.26,0.0
U_13557737,C_735385,56,44,78.57,0.0,0.0,100.0,0.0,0.0,7,2.0794415416798357,0,0.0,0.0,100.0,0.0,78.57,0.0
U_13561418,C_674920,10,10,100.0,100.0,100.0,0.0,0.0,0.0,4,1.6094379124341005,0,75.0,25.0,0.0,0.0,100.0,100.0
U_13619152,C_799800,17,13,76.47,100.0,100.0,0.0,0.0,0.0,1,0.6931471805599453,0,100.0,0.0,0.0,0.0,76.47,100.0
U_13619380,C_677087,20,18,90.0,100.0,100.0,0.0,0.0,0.0,2,1.0986122886681098,0,50.0,50.0,0.0,0.0,90.0,100.0
U_13629288,C_1806527,5,2,40.0,0.0,0.0,100.0,0.0,0.0,1,0.6931471805599453,0,0.0,0.0,100.0,0.0,40.0,0.0
U_13630835,C_746997,31,24,77.42,50.0,50.0,30.0,0.0,0.0,10,2.3978952727983707,0,50.0,0.0,30.0,0.0,77.42,50.0
U_13637058,C_697367,10,5,50.0,100.0,100.0,0.0,0.0,0.0,2,1.0986122886681098,0,100.0,0.0,0.0,0.0,50.0,100.0
U_13677716,C_1876253,22,19,86.36,100.0,100.0,0.0,0.0,0.0,2,1.0986122886681098,0,50.0,50.0,0.0,0.0,86.36,100.0
U_13685704,C_735243,24,16,66.67,100.0,100.0,0.0,0.0,0.0,1,0.6931471805599453,0,100.0,0.0,0.0,0.0,66.67,100.0
U_13685704,C_735342,140,124,88.57,100.0,100.0,0.0,0.0,0.0,1,0.6931471805599453,0,100.0,0.0,0.0,0.0,88.57,100.0
U_13690755,C_746997,59,49,83.05,100.0,100.0,0.0,0.0,0.0,1,0.6931471805599453,0,0.0,100.0,0.0,0.0,83.05,100.0
U_13691691,C_1753434,21,9,42.86,100.0,100.0,0.0,0.0,0.0,5,1.791759469228055,0,80.0,20.0,0.0,0.0,42.86,100.0
U_13735255,C_949541,106,95,89.62,60.0,60.0,20.0,0.0,0.0,5,1.791759469228055,0,60.0,0.0,20.0,0.0,89.62,60.0
U_13744390,C_746997,8,4,50.0,66.66666666666666,66.66666666666666,33.33333333333333,0.0,0.0,3,1.3862943611198906,0,66.66666666666666,0.0,33.33333333333333,0.0,50.0,66.66666666666666
U_13747665,C_1738993,9,4,44.44,60.0,60.0,20.0,0.0,0.0,5,1.791759469228055,0,40.0,20.0,20.0,0.0,44.44,60.0
U_13747867,C_735385,58,45,77.59,100.0,0.0,0.0,100.0,0.0,1,0.6931471805599453,0,0.0,0.0,0.0,100.0,77.59,100.0
U_13771688,C_674920,20,14,70.0,100.0,100.0,0.0,0.0,0.0,3,1.3862943611198906,0,100.0,0.0,0.0,0.0,70.0,100.0
U_13775592,C_746997,154,91,59.09,0.0,0.0,50.0,0.0,50.0,8,2.1972245773362196,0,0.0,0.0,50.0,0.0,59.09,0.0
U_13775705,C_746997,300,255,85.0,50.0,50.0,50.0,0.0,0.0,2,1.0986122886681098,0,50.0,0.0,50.0,0.0,85.0,50.0
U_13780412,C_1741500,6,4,66.67,77.77777777777779,77.77777777777779,22.22222222222222,0.0,0.0,9,2.302585092994046,0,77.77777777777779,0.0,22.22222222222222,0.0,66.67,77.77777777777779
U_13780412,C_696575,90,82,91.11,77.77777777777779,77.77777777777779,22.22222222222222,0.0,0.0,9,2.302585092994046,0,77.77777777777779,0.0,22.22222222222222,0.0,91.11,77.77777777777779
U_13784291,C_883372,5,5,100.0,95.83333333333334,93.75,4.166666666666666,2.083333333333333,0.0,48,3.8918202981106265,0,52.083333333333336,41.66666666666667,4.166666666666666,2.083333333333333,100.0,95.83333333333334
U_13790524,C_737592,116,114,98.28,100.0,100.0,0.0,0.0,0.0,2,1.0986122886681098,0,100.0,0.0,0.0,0.0,98.28,100.0
U_13802320,C_737592,116,114,98.28,0.0,0.0,0.0,0.0,100.0,1,0.6931471805599453,0,0.0,0.0,0.0,0.0,98.28,0.0
U_13806499,C_830571,66,66,100.0,50.0,16.666666666666664,50.0,33.33333333333333,0.0,6,1.9459101490553132,0,0.0,16.666666666666664,50.0,33.33333333333333,100.0,50.0
U_13806499,C_830569,100,96,96.0,50.0,16.666666666666664,50.0,33.33333333333333,0.0,6,1.9459101490553132,0,0.0,16.666666666666664,50.0,33.33333333333333,96.0,50.0
U_13806499,C_830568,9,6,66.67,50.0,16.666666666666664,50.0,33.33333333333333,0.0,6,1.9459101490553132,0,0.0,16.666666666666664,50.0,33.33333333333333,66.67,50.0
U_13811592,C_854854,33,18,54.55,0.0,0.0,100.0,0.0,0.0,2,1.0986122886681098,0,0.0,0.0,100.0,0.0,54.55,0.0
U_13815224,C_681339,10,7,70.0,100.0,100.0,0.0,0.0,0.0,1,0.6931471805599453,0,100.0,0.0,0.0,0.0,70.0,100.0
U_13820536,C_737592,116,111,95.69,50.0,50.0,50.0,0.0,0.0,4,1.6094379124341005,0,25.0,25.0,50.0,0.0,95.69,50.0
U_13848018,C_2287011,91,91,100.0,100.0,0.0,0.0,100.0,0.0,1,0.6931471805599453,0,0.0,0.0,0.0,100.0,100.0,100.0
U_13892645,C_746997,47,26,55.32,100.0,100.0,0.0,0.0,0.0,1,0.6931471805599453,0,0.0,100.0,0.0,0.0,55.32,100.0
U_13893596,C_735342,54,40,74.07,96.51162790697676,95.34883720930232,2.3255813953488373,1.162790697674419,1.162790697674419,86,4.465908118654584,0,89.53488372093024,5.813953488372093,2.3255813953488373,1.162790697674419,74.07,96.51162790697676
U_13893596,C_696679,6,4,66.67,96.51162790697676,95.34883720930232,2.3255813953488373,1.162790697674419,1.162790697674419,86,4.465908118654584,0,89.53488372093024,5.813953488372093,2.3255813953488373,1.162790697674419,66.67,96.51162790697676
U_13893596,C_2189666,7,3,42.86,96.51162790697676,95.34883720930232,2.3255813953488373,1.162790697674419,1.162790697674419,86,4.465908118654584,0,89.53488372093024,5.813953488372093,2.3255813953488373,1.162790697674419,42.86,96.51162790697676
U_13893761,C_746997,12,8,66.67,33.33333333333333,28.57142857142857,19.047619047619047,4.761904761904762,47.61904761904761,21,3.091042453358316,0,9.523809523809524,19.047619047619047,19.047619047619047,4.761904761904762,66.67,33.33333333333333
U_13894746,C_674920,109,104,95.41,75.0,75.0,0.0,0.0,25.0,4,1.6094379124341005,0,0.0,75.0,0.0,0.0,95.41,75.0
U_13902540,C_677136,115,94,81.74,50.0,50.0,50.0,0.0,0.0,2,1.0986122886681098,0,0.0,50.0,50.0,0.0,81.74,50.0
U_13905356,C_1704762,6,5,83.33,100.0,0.0,0.0,100.0,0.0,1,0.6931471805599453,0,0.0,0.0,0.0,100.0,83.33,100.0
U_13914570,C_746997,16,12,75.0,0.0,0.0,100.0,0.0,0.0,1,0.6931471805599453,0,0.0,0.0,100.0,0.0,75.0,0.0
U_13932067,C_697821,6,3,50.0,100.0,100.0,0.0,0.0,0.0,2,1.0986122886681098,0,50.0,50.0,0.0,0.0,50.0,100.0
U_13933588,C_1987717,15,14,93.33,100.0,100.0,0.0,0.0,0.0,2,1.0986122886681098,0,100.0,0.0,0.0,0.0,93.33,100.0
U_13942836,C_1883679,57,57,100.0,100.0,100.0,0.0,0.0,0.0,1,0.6931471805599453,0,100.0,0.0,0.0,0.0,100.0,100.0
U_13942836,C_1884005,20,19,95.0,100.0,100.0,0.0,0.0,0.0,1,0.6931471805599453,0,100.0,0.0,0.0,0.0,95.0,100.0
U_13960557,C_746997,16,14,87.5,100.0,100.0,0.0,0.0,0.0,1,0.6931471805599453,0,100.0,0.0,0.0,0.0,87.5,100.0
U_13963642,C_2059292,32,24,75.0,100.0,100.0,0.0,0.0,0.0,1,0.6931471805599453,0,100.0,0.0,0.0,0.0,75.0,100.0
U_14034379,C_799800,8,7,87.5,66.66666666666666,66.66666666666666,33.33333333333333,0.0,0.0,3,1.3862943611198906,0,66.66666666666666,0.0,33.33333333333333,0.0,87.5,66.66666666666666
U_14035177,C_746997,86,65,75.58,100.0,100.0,0.0,0.0,0.0,3,1.3862943611198906,0,100.0,0.0,0.0,0.0,75.58,100.0
U_14066676,C_746997,179,135,75.42,100.0,100.0,0.0,0.0,0.0,1,0.6931471805599453,0,100.0,0.0,0.0,0.0,75.42,100.0
U_14066803,C_746997,49,34,69.39,100.0,100.0,0.0,0.0,0.0,2,1.0986122886681098,0,100.0,0.0,0.0,0.0,69.39,100.0
U_14071577,C_1765606,9,7,77.78,100.0,100.0,0.0,0.0,0.0,2,1.0986122886681098,0,100.0,0.0,0.0,0.0,77.78,100.0
U_14074261,C_674920,90,55,61.11,100.0,100.0,0.0,0.0,0.0,1,0.6931471805599453,0,100.0,0.0,0.0,0.0,61.11,100.0
U_14081463,C_936943,10,10,100.0,100.0,100.0,0.0,0.0,0.0,3,1.3862943611198906,0,100.0,0.0,0.0,0.0,100.0,100.0
U_14094423,C_1903985,77,50,64.94,100.0,100.0,0.0,0.0,0.0,1,0.6931471805599453,0,100.0,0.0,0.0,0.0,64.94,100.0
U_14094423,C_1945689,26,17,65.38,100.0,100.0,0.0,0.0,0.0,1,0.6931471805599453,0,100.0,0.0,0.0,0.0,65.38,100.0
U_14098116,C_801420,49,36,73.47,100.0,100.0,0.0,0.0,0.0,2,1.0986122886681098,0,100.0,0.0,0.0,0.0,73.47,100.0
U_14111085,C_746997,324,206,63.58,100.0,100.0,0.0,0.0,0.0,3,1.3862943611198906,0,100.0,0.0,0.0,0.0,63.58,100.0
U_14111088,C_746997,230,171,74.35,100.0,100.0,0.0,0.0,0.0,1,0.6931471805599453,0,100.0,0.0,0.0,0.0,74.35,100.0
U_14134029,C_1750795,9,7,77.78,30.76923076923077,7.6923076923076925,23.076923076923077,23.076923076923077,46.15384615384615,13,2.6390573296152584,0,0.0,7.6923076923076925,23.076923076923077,23.076923076923077,77.78,30.76923076923077
U_14135884,C_737592,116,69,59.48,10.526315789473683,5.263157894736842,26.31578947368421,5.263157894736842,63.1578947368421,19,2.995732273553991,0,0.0,5.263157894736842,26.31578947368421,5.263157894736842,59.48,10.526315789473683
U_14138629,C_948136,99,80,80.81,100.0,0.0,0.0,100.0,0.0,2,1.0986122886681098,0,0.0,0.0,0.0,100.0,80.81,100.0
U_14140405,C_948101,22,18,81.82,100.0,100.0,0.0,0.0,0.0,3,1.3862943611198906,0,100.0,0.0,0.0,0.0,81.82,100.0
U_14149126,C_682407,13,12,92.31,100.0,100.0,0.0,0.0,0.0,2,1.0986122886681098,0,100.0,0.0,0.0,0.0,92.31,100.0
U_14155971,C_1434547,52,35,67.31,100.0,100.0,0.0,0.0,0.0,1,0.6931471805599453,0,100.0,0.0,0.0,0.0,67.31,100.0
U_14162959,C_681073,20,18,90.0,0.0,0.0,100.0,0.0,0.0,5,1.791759469228055,0,0.0,0.0,100.0,0.0,90.0,0.0
U_14162959,C_681091,7,3,42.86,0.0,0.0,100.0,0.0,0.0,5,1.791759469228055,0,0.0,0.0,100.0,0.0,42.86,0.0
U_14162959,C_682549,50,28,56.0,0.0,0.0,100.0,0.0,0.0,5,1.791759469228055,0,0.0,0.0,100.0,0.0,56.0,0.0
U_14202458,C_674920,120,106,88.33,66.66666666666666,66.66666666666666,33.33333333333333,0.0,0.0,6,1.9459101490553132,0,66.66666666666666,0.0,33.33333333333333,0.0,88.33,66.66666666666666
U_14218497,C_746997,45,31,68.89,60.0,60.0,40.0,0.0,0.0,5,1.791759469228055,0,60.0,0.0,40.0,0.0,68.89,60.0
U_14224764,C_1822804,213,210,98.59,0.0,0.0,100.0,0.0,0.0,2,1.0986122886681098,0,0.0,0.0,100.0,0.0,98.59,0.0
U_14228084,C_1765606,7,7,100.0,100.0,100.0,0.0,0.0,0.0,1,0.6931471805599453,0,0.0,100.0,0.0,0.0,100.0,100.0
U_14229201,C_735385,201,167,83.08,100.0,100.0,0.0,0.0,0.0,1,0.6931471805599453,0,100.0,0.0,0.0,0.0,83.08,100.0
U_14231674,C_746997,16,11,68.75,71.42857142857143,71.42857142857143,28.57142857142857,0.0,0.0,7,2.0794415416798357,0,42.857142857142854,28.57142857142857,28.57142857142857,0.0,68.75,71.42857142857143
U_14253682,C_1756058,24,3,12.5,75.0,75.0,25.0,0.0,0.0,4,1.6094379124341005,0,50.0,25.0,25.0,0.0,12.5,75.0
U_14258769,C_1821490,5,3,60.0,100.0,100.0,0.0,0.0,0.0,2,1.0986122886681098,0,100.0,0.0,0.0,0.0,60.0,100.0
U_14258769,C_801420,99,45,45.45,100.0,100.0,0.0,0.0,0.0,2,1.0986122886681098,0,100.0,0.0,0.0,0.0,45.45,100.0
U_14334230,C_747047,126,81,64.29,0.0,0.0,27.27272727272727,0.0,72.72727272727273,11,2.4849066497880004,0,0.0,0.0,27.27272727272727,0.0,64.29,0.0
U_14353504,C_948101,38,23,60.53,68.18181818181817,68.18181818181817,9.090909090909092,0.0,22.727272727272727,22,3.1354942159291497,0,63.63636363636363,4.545454545454546,9.090909090909092,0.0,60.53,68.18181818181817
U_14384619,C_681460,15,10,66.67,100.0,100.0,0.0,0.0,0.0,3,1.3862943611198906,0,100.0,0.0,0.0,0.0,66.67,100.0
U_14394652,C_676664,93,87,93.55,100.0,100.0,0.0,0.0,0.0,1,0.6931471805599453,0,100.0,0.0,0.0,0.0,93.55,100.0
U_14394652,C_682558,30,25,83.33,100.0,100.0,0.0,0.0,0.0,1,0.6931471805599453,0,100.0,0.0,0.0,0.0,83.33,100.0
U_14397406,C_746997,14,11,78.57,100.0,100.0,0.0,0.0,0.0,2,1.0986122886681098,0,100.0,0.0,0.0,0.0,78.57,100.0
U_14397420,C_797404,6,6,100.0,100.0,100.0,0.0,0.0,0.0,3,1.3862943611198906,0,66.66666666666666,33.33333333333333,0.0,0.0,100.0,100.0
U_14428273,C_1929045,13,11,84.62,0.0,0.0,100.0,0.0,0.0,4,1.6094379124341005,0,0.0,0.0,100.0,0.0,84.62,0.0
U_14431552,C_749807,83,64,77.11,50.0,50.0,37.5,0.0,12.5,8,2.1972245773362196,0,0.0,50.0,37.5,0.0,77.11,50.0
U_14461540,C_801443,33,25,75.76,50.0,50.0,0.0,0.0,0.0,2,1.0986122886681098,0,50.0,0.0,0.0,0.0,75.76,50.0
U_14461540,C_681683,10,9,90.0,50.0,50.0,0.0,0.0,0.0,2,1.0986122886681098,0,50.0,0.0,0.0,0.0,90.0,50.0
U_14520825,C_737592,114,63,55.26,25.0,12.5,68.75,12.5,6.25,16,2.833213344056216,0,0.0,12.5,68.75,12.5,55.26,25.0
U_14521122,C_737592,116,83,71.55,100.0,100.0,0.0,0.0,0.0,3,1.3862943611198906,0,100.0,0.0,0.0,0.0,71.55,100.0
U_14531493,C_756665,14,7,50.0,100.0,100.0,0.0,0.0,0.0,1,0.6931471805599453,0,100.0,0.0,0.0,0.0,50.0,100.0
U_14531493,C_735342,90,52,57.78,100.0,100.0,0.0,0.0,0.0,1,0.6931471805599453,0,100.0,0.0,0.0,0.0,57.78,100.0
U_14533388,C_735214,10,4,40.0,25.0,0.0,75.0,25.0,0.0,4,1.6094379124341005,0,0.0,0.0,75.0,25.0,40.0,25.0
U_14544605,C_674920,20,12,60.0,100.0,100.0,0.0,0.0,0.0,1,0.6931471805599453,0,100.0,0.0,0.0,0.0,60.0,100.0
U_14571553,C_1903985,10,1,10.0,100.0,100.0,0.0,0.0,0.0,9,2.302585092994046,0,100.0,0.0,0.0,0.0,10.0,100.0
U_14590858,C_746997,124,101,81.45,100.0,100.0,0.0,0.0,0.0,3,1.3862943611198906,0,100.0,0.0,0.0,0.0,81.45,100.0
U_14598647,C_735385,40,35,87.5,100.0,100.0,0.0,0.0,0.0,2,1.0986122886681098,0,100.0,0.0,0.0,0.0,87.5,100.0
U_14598811,C_911733,35,26,74.29,80.0,80.0,20.0,0.0,0.0,5,1.791759469228055,0,40.0,40.0,20.0,0.0,74.29,80.0
U_14599460,C_746997,31,15,48.39,100.0,100.0,0.0,0.0,0.0,2,1.0986122886681098,0,100.0,0.0,0.0,0.0,48.39,100.0
U_14599460,C_799800,5,5,100.0,100.0,100.0,0.0,0.0,0.0,2,1.0986122886681098,0,100.0,0.0,0.0,0.0,100.0,100.0
U_14634035,C_677087,138,99,71.74,100.0,100.0,0.0,0.0,0.0,14,2.70805020110221,0,100.0,0.0,0.0,0.0,71.74,100.0
U_14634753,C_735239,9,8,88.89,100.0,100.0,0.0,0.0,0.0,3,1.3862943611198906,0,66.66666666666666,33.33333333333333,0.0,0.0,88.89,100.0
U_14638412,C_801420,11,5,45.45,0.0,0.0,100.0,0.0,0.0,1,0.6931471805599453,0,0.0,0.0,100.0,0.0,45.45,0.0
U_14646021,C_737592,22,14,63.64,0.0,0.0,100.0,0.0,0.0,1,0.6931471805599453,0,0.0,0.0,100.0,0.0,63.64,0.0
U_14646917,C_883372,59,45,76.27,100.0,0.0,0.0,100.0,0.0,1,0.6931471805599453,0,0.0,0.0,0.0,100.0,76.27,100.0
U_14648680,C_801420,209,113,54.07,100.0,100.0,0.0,0.0,0.0,4,1.6094379124341005,0,100.0,0.0,0.0,0.0,54.07,100.0
U_14650232,C_737592,116,114,98.28,100.0,100.0,0.0,0.0,0.0,1,0.6931471805599453,0,100.0,0.0,0.0,0.0,98.28,100.0
U_14669568,C_737592,112,49,43.75,0.0,0.0,100.0,0.0,0.0,1,0.6931471805599453,0,0.0,0.0,100.0,0.0,43.75,0.0
U_14678136,C_674920,10,7,70.0,100.0,100.0,0.0,0.0,0.0,3,1.3862943611198906,0,100.0,0.0,0.0,0.0,70.0,100.0
U_14687902,C_1748240,24,20,83.33,78.57142857142857,71.42857142857143,21.428571428571427,7.142857142857142,0.0,14,2.70805020110221,0,57.14285714285714,14.285714285714285,21.428571428571427,7.142857142857142,83.33,78.57142857142857
U_14687902,C_1945689,26,23,88.46,78.57142857142857,71.42857142857143,21.428571428571427,7.142857142857142,0.0,14,2.70805020110221,0,57.14285714285714,14.285714285714285,21.428571428571427,7.142857142857142,88.46,78.57142857142857
U_14688353,C_845950,123,121,98.37,100.0,100.0,0.0,0.0,0.0,1,0.6931471805599453,0,100.0,0.0,0.0,0.0,98.37,100.0
U_14748793,C_746997,72,47,65.28,100.0,100.0,0.0,0.0,0.0,3,1.3862943611198906,0,100.0,0.0,0.0,0.0,65.28,100.0
U_14752675,C_682350,9,8,88.89,0.0,0.0,100.0,0.0,0.0,7,2.0794415416798357,0,0.0,0.0,100.0,0.0,88.89,0.0
U_14766332,C_1017355,19,19,100.0,100.0,0.0,0.0,100.0,0.0,1,0.6931471805599453,0,0.0,0.0,0.0,100.0,100.0,100.0
U_14767294,C_1912006,16,10,62.5,33.33333333333333,33.33333333333333,66.66666666666666,0.0,0.0,9,2.302585092994046,0,22.22222222222222,11.11111111111111,66.66666666666666,0.0,62.5,33.33333333333333
U_14775916,C_1758019,25,18,72.0,35.714285714285715,33.92857142857143,25.0,1.7857142857142856,37.5,56,4.04305126783455,0,14.285714285714285,19.642857142857142,25.0,1.7857142857142856,72.0,35.714285714285715
U_14775916,C_1824928,10,6,60.0,35.714285714285715,33.92857142857143,25.0,1.7857142857142856,37.5,56,4.04305126783455,0,14.285714285714285,19.642857142857142,25.0,1.7857142857142856,60.0,35.714285714285715
U_14812095,C_1903988,7,4,57.14,0.0,0.0,100.0,0.0,0.0,2,1.0986122886681098,0,0.0,0.0,100.0,0.0,57.14,0.0
U_14812727,C_799800,5,4,80.0,100.0,100.0,0.0,0.0,0.0,2,1.0986122886681098,0,100.0,0.0,0.0,0.0,80.0,100.0
U_14817280,C_1864063,30,14,46.67,100.0,100.0,0.0,0.0,0.0,2,1.0986122886681098,0,100.0,0.0,0.0,0.0,46.67,100.0
U_14829611,C_1806527,5,2,40.0,100.0,100.0,0.0,0.0,0.0,15,2.772588722239781,0,100.0,0.0,0.0,0.0,40.0,100.0
U_14829611,C_1903985,106,90,84.91,100.0,100.0,0.0,0.0,0.0,15,2.772588722239781,0,100.0,0.0,0.0,0.0,84.91,100.0
U_14829664,C_749807,30,26,86.67,73.91304347826086,73.91304347826086,26.08695652173913,0.0,0.0,23,3.1780538303479458,0,60.86956521739131,13.043478260869565,26.08695652173913,0.0,86.67,73.91304347826086
U_14832541,C_1429102,40,26,65.0,100.0,100.0,0.0,0.0,0.0,2,1.0986122886681098,0,100.0,0.0,0.0,0.0,65.0,100.0
U_14836085,C_1903985,20,13,65.0,100.0,100.0,0.0,0.0,0.0,2,1.0986122886681098,0,100.0,0.0,0.0,0.0,65.0,100.0
U_14841537,C_1821490,164,99,60.37,100.0,100.0,0.0,0.0,0.0,2,1.0986122886681098,0,100.0,0.0,0.0,0.0,60.37,100.0
U_14841537,C_735364,164,133,81.1,100.0,100.0,0.0,0.0,0.0,2,1.0986122886681098,0,100.0,0.0,0.0,0.0,81.1,100.0
U_14845163,C_746997,107,84,78.5,100.0,100.0,0.0,0.0,0.0,6,1.9459101490553132,0,100.0,0.0,0.0,0.0,78.5,100.0
U_14854063,C_676646,5,4,80.0,100.0,100.0,0.0,0.0,0.0,4,1.6094379124341005,0,100.0,0.0,0.0,0.0,80.0,100.0
U_14906226,C_746997,9,6,66.67,100.0,66.66666666666666,0.0,33.33333333333333,0.0,3,1.3862943611198906,0,33.33333333333333,33.33333333333333,0.0,33.33333333333333,66.67,100.0
U_14909654,C_949439,6,0,0.0,0.0,0.0,100.0,0.0,0.0,4,1.6094379124341005,0,0.0,0.0,100.0,0.0,0.0,0.0
U_14909654,C_1772942,19,11,57.89,0.0,0.0,100.0,0.0,0.0,4,1.6094379124341005,0,0.0,0.0,100.0,0.0,57.89,0.0
U_14916018,C_737592,116,111,95.69,100.0,100.0,0.0,0.0,0.0,1,0.6931471805599453,0,100.0,0.0,0.0,0.0,95.69,100.0
U_14928087,C_1755888,6,4,66.67,100.0,100.0,0.0,0.0,0.0,1,0.6931471805599453,0,0.0,100.0,0.0,0.0,66.67,100.0
U_14928087,C_799800,13,2,15.38,100.0,100.0,0.0,0.0,0.0,1,0.6931471805599453,0,0.0,100.0,0.0,0.0,15.38,100.0
U_14962710,C_674920,10,6,60.0,86.36363636363636,86.36363636363636,13.636363636363637,0.0,0.0,22,3.1354942159291497,0,45.45454545454545,40.909090909090914,13.636363636363637,0.0,60.0,86.36363636363636
U_14966376,C_746997,15,10,66.67,100.0,100.0,0.0,0.0,0.0,3,1.3862943611198906,0,66.66666666666666,33.33333333333333,0.0,0.0,66.67,100.0
U_14966581,C_737592,46,26,56.52,0.0,0.0,100.0,0.0,0.0,1,0.6931471805599453,0,0.0,0.0,100.0,0.0,56.52,0.0
U_15013730,C_756642,5,5,100.0,71.42857142857143,71.42857142857143,17.142857142857142,0.0,8.571428571428571,35,3.58351893845611,0,68.57142857142857,2.857142857142857,17.142857142857142,0.0,100.0,71.42857142857143
U_15019678,C_735239,9,8,88.89,100.0,100.0,0.0,0.0,0.0,4,1.6094379124341005,0,100.0,0.0,0.0,0.0,88.89,100.0
U_15026319,C_681760,5,4,80.0,83.33333333333334,16.666666666666664,16.666666666666664,66.66666666666666,0.0,6,1.9459101490553132,0,16.666666666666664,0.0,16.666666666666664,66.66666666666666,80.0,83.33333333333334
U_15033555,C_707456,23,18,78.26,37.5,37.5,62.5,0.0,0.0,8,2.1972245773362196,0,0.0,37.5,62.5,0.0,78.26,37.5
U_15050071,C_682575,57,47,82.46,100.0,100.0,0.0,0.0,0.0,7,2.0794415416798357,0,71.42857142857143,28.57142857142857,0.0,0.0,82.46,100.0
U_15050071,C_1903985,60,36,60.0,100.0,100.0,0.0,0.0,0.0,7,2.0794415416798357,0,71.42857142857143,28.57142857142857,0.0,0.0,60.0,100.0
U_15050071,C_697748,56,37,66.07,100.0,100.0,0.0,0.0,0.0,7,2.0794415416798357,0,71.42857142857143,28.57142857142857,0.0,0.0,66.07,100.0
U_15059142,C_674920,10,10,100.0,100.0,100.0,0.0,0.0,0.0,1,0.6931471805599453,0,100.0,0.0,0.0,0.0,100.0,100.0
U_15063409,C_735342,20,19,95.0,100.0,100.0,0.0,0.0,0.0,1,0.6931471805599453,0,100.0,0.0,0.0,0.0,95.0,100.0
U_15065638,C_788547,16,7,43.75,50.0,0.0,25.0,50.0,25.0,4,1.6094379124341005,0,0.0,0.0,25.0,50.0,43.75,50.0
U_15070165,C_2033958,27,21,77.78,100.0,100.0,0.0,0.0,0.0,1,0.6931471805599453,0,100.0,0.0,0.0,0.0,77.78,100.0
U_15073075,C_1552662,47,31,65.96,100.0,100.0,0.0,0.0,0.0,2,1.0986122886681098,0,100.0,0.0,0.0,0.0,65.96,100.0
U_15101896,C_949439,6,0,0.0,50.0,44.44444444444444,50.0,5.555555555555555,0.0,18,2.9444389791664403,0,38.88888888888889,5.555555555555555,50.0,5.555555555555555,0.0,50.0
U_15101896,C_1706099,5,1,20.0,50.0,44.44444444444444,50.0,5.555555555555555,0.0,18,2.9444389791664403,0,38.88888888888889,5.555555555555555,50.0,5.555555555555555,20.0,50.0
U_15101896,C_1772942,28,22,78.57,50.0,44.44444444444444,50.0,5.555555555555555,0.0,18,2.9444389791664403,0,38.88888888888889,5.555555555555555,50.0,5.555555555555555,78.57,50.0
U_15103497,C_674920,10,8,80.0,100.0,100.0,0.0,0.0,0.0,18,2.9444389791664403,0,100.0,0.0,0.0,0.0,80.0,100.0
U_15132153,C_737592,113,70,61.95,75.0,75.0,25.0,0.0,0.0,4,1.6094379124341005,0,50.0,25.0,25.0,0.0,61.95,75.0
U_15132292,C_737592,104,46,44.23,0.0,0.0,100.0,0.0,0.0,1,0.6931471805599453,0,0.0,0.0,100.0,0.0,44.23,0.0
U_15132365,C_737592,116,65,56.03,100.0,100.0,0.0,0.0,0.0,1,0.6931471805599453,0,100.0,0.0,0.0,0.0,56.03,100.0
U_15132571,C_737592,116,96,82.76,54.54545454545454,45.45454545454545,45.45454545454545,9.090909090909092,0.0,11,2.4849066497880004,0,0.0,45.45454545454545,45.45454545454545,9.090909090909092,82.76,54.54545454545454
U_15133726,C_1750851,19,9,47.37,0.0,0.0,100.0,0.0,0.0,5,1.791759469228055,0,0.0,0.0,100.0,0.0,47.37,0.0
U_15133726,C_1767521,99,78,78.79,0.0,0.0,100.0,0.0,0.0,5,1.791759469228055,0,0.0,0.0,100.0,0.0,78.79,0.0
U_15133726,C_697429,15,10,66.67,0.0,0.0,100.0,0.0,0.0,5,1.791759469228055,0,0.0,0.0,100.0,0.0,66.67,0.0
U_15143442,C_801420,6,2,33.33,83.33333333333334,83.33333333333334,16.666666666666664,0.0,0.0,6,1.9459101490553132,0,66.66666666666666,16.666666666666664,16.666666666666664,0.0,33.33,83.33333333333334
U_15149428,C_881170,89,76,85.39,100.0,100.0,0.0,0.0,0.0,5,1.791759469228055,0,100.0,0.0,0.0,0.0,85.39,100.0
U_15149801,C_746997,23,16,69.57,66.66666666666666,66.66666666666666,33.33333333333333,0.0,0.0,3,1.3862943611198906,0,66.66666666666666,0.0,33.33333333333333,0.0,69.57,66.66666666666666
U_15153570,C_737592,116,107,92.24,100.0,100.0,0.0,0.0,0.0,1,0.6931471805599453,0,0.0,100.0,0.0,0.0,92.24,100.0
U_15153953,C_735251,32,19,59.38,100.0,100.0,0.0,0.0,0.0,4,1.6094379124341005,0,100.0,0.0,0.0,0.0,59.38,100.0
U_15154135,C_854854,50,38,76.0,8.791208791208792,6.593406593406594,80.21978021978022,2.197802197802198,10.989010989010987,91,4.5217885770490405,0,1.098901098901099,5.4945054945054945,80.21978021978022,2.197802197802198,76.0,8.791208791208792
U_15154135,C_799800,19,14,73.68,8.791208791208792,6.593406593406594,80.21978021978022,2.197802197802198,10.989010989010987,91,4.5217885770490405,0,1.098901098901099,5.4945054945054945,80.21978021978022,2.197802197802198,73.68,8.791208791208792
U_15162145,C_737592,74,67,90.54,100.0,100.0,0.0,0.0,0.0,1,0.6931471805599453,0,100.0,0.0,0.0,0.0,90.54,100.0
U_15168662,C_766175,6,4,66.67,100.0,100.0,0.0,0.0,0.0,3,1.3862943611198906,0,100.0,0.0,0.0,0.0,66.67,100.0
U_15174009,C_949439,6,0,0.0,50.0,0.0,50.0,50.0,0.0,4,1.6094379124341005,0,0.0,0.0,50.0,50.0,0.0,50.0
U_15174009,C_1772942,34,30,88.24,50.0,0.0,50.0,50.0,0.0,4,1.6094379124341005,0,0.0,0.0,50.0,50.0,88.24,50.0
U_15190222,C_845950,22,3,13.64,0.0,0.0,100.0,0.0,0.0,2,1.0986122886681098,0,0.0,0.0,100.0,0.0,13.64,0.0
U_15193711,C_737592,116,114,98.28,100.0,100.0,0.0,0.0,0.0,1,0.6931471805599453,0,100.0,0.0,0.0,0.0,98.28,100.0
U_15193761,C_737592,116,115,99.14,100.0,100.0,0.0,0.0,0.0,1,0.6931471805599453,0,100.0,0.0,0.0,0.0,99.14,100.0
U_15193796,C_737592,116,115,99.14,100.0,100.0,0.0,0.0,0.0,1,0.6931471805599453,0,100.0,0.0,0.0,0.0,99.14,100.0
U_15194046,C_737592,116,114,98.28,100.0,100.0,0.0,0.0,0.0,1,0.6931471805599453,0,100.0,0.0,0.0,0.0,98.28,100.0
U_15195517,C_737592,116,113,97.41,60.0,60.0,0.0,0.0,0.0,5,1.791759469228055,0,60.0,0.0,0.0,0.0,97.41,60.0
U_15196564,C_677087,197,144,73.1,100.0,100.0,0.0,0.0,0.0,3,1.3862943611198906,0,33.33333333333333,66.66666666666666,0.0,0.0,73.1,100.0
U_15199465,C_735164,156,153,98.08,25.0,0.0,50.0,25.0,25.0,4,1.6094379124341005,0,0.0,0.0,50.0,25.0,98.08,25.0
U_15199489,C_781627,9,5,55.56,100.0,100.0,0.0,0.0,0.0,1,0.6931471805599453,0,100.0,0.0,0.0,0.0,55.56,100.0
U_15204159,C_749807,15,12,80.0,100.0,100.0,0.0,0.0,0.0,1,0.6931471805599453,0,100.0,0.0,0.0,0.0,80.0,100.0
U_15212809,C_2095102,121,101,83.47,100.0,100.0,0.0,0.0,0.0,4,1.6094379124341005,0,100.0,0.0,0.0,0.0,83.47,100.0
U_15254952,C_2221569,23,20,86.96,66.66666666666666,50.0,33.33333333333333,16.666666666666664,0.0,6,1.9459101490553132,0,50.0,0.0,33.33333333333333,16.666666666666664,86.96,66.66666666666666
U_15264774,C_948424,21,12,57.14,100.0,33.33333333333333,0.0,66.66666666666666,0.0,3,1.3862943611198906,0,33.33333333333333,0.0,0.0,66.66666666666666,57.14,100.0
U_15264774,C_681255,17,13,76.47,100.0,33.33333333333333,0.0,66.66666666666666,0.0,3,1.3862943611198906,0,33.33333333333333,0.0,0.0,66.66666666666666,76.47,100.0
U_15270892,C_883372,5,5,100.0,0.0,0.0,100.0,0.0,0.0,2,1.0986122886681098,0,0.0,0.0,100.0,0.0,100.0,0.0
U_15270892,C_770751,53,48,90.57,0.0,0.0,100.0,0.0,0.0,2,1.0986122886681098,0,0.0,0.0,100.0,0.0,90.57,0.0
U_15271627,C_1704762,44,30,68.18,100.0,87.5,0.0,12.5,0.0,8,2.1972245773362196,0,25.0,62.5,0.0,12.5,68.18,100.0
U_15273384,C_854843,105,98,93.33,100.0,100.0,0.0,0.0,0.0,3,1.3862943611198906,0,100.0,0.0,0.0,0.0,93.33,100.0
U_15273515,C_1718815,12,12,100.0,100.0,100.0,0.0,0.0,0.0,5,1.791759469228055,0,100.0,0.0,0.0,0.0,100.0,100.0
U_15273515,C_769273,9,6,66.67,100.0,100.0,0.0,0.0,0.0,5,1.791759469228055,0,100.0,0.0,0.0,0.0,66.67,100.0
U_15275499,C_1765595,10,6,60.0,100.0,0.0,0.0,100.0,0.0,1,0.6931471805599453,0,0.0,0.0,0.0,100.0,60.0,100.0
U_15277614,C_1704762,39,33,84.62,100.0,100.0,0.0,0.0,0.0,4,1.6094379124341005,0,100.0,0.0,0.0,0.0,84.62,100.0
U_15282612,C_746997,16,14,87.5,100.0,100.0,0.0,0.0,0.0,1,0.6931471805599453,0,100.0,0.0,0.0,0.0,87.5,100.0
U_15282882,C_746997,385,265,68.83,100.0,100.0,0.0,0.0,0.0,1,0.6931471805599453,0,100.0,0.0,0.0,0.0,68.83,100.0
U_15282882,C_782555,40,26,65.0,100.0,100.0,0.0,0.0,0.0,1,0.6931471805599453,0,100.0,0.0,0.0,0.0,65.0,100.0
U_15285092,C_674920,20,12,60.0,88.88888888888889,88.88888888888889,11.11111111111111,0.0,0.0,9,2.302585092994046,0,88.88888888888889,0.0,11.11111111111111,0.0,60.0,88.88888888888889
U_15285250,C_1781818,5,5,100.0,100.0,100.0,0.0,0.0,0.0,3,1.3862943611198906,0,100.0,0.0,0.0,0.0,100.0,100.0
U_15285491,C_737592,82,70,85.37,100.0,100.0,0.0,0.0,0.0,1,0.6931471805599453,0,100.0,0.0,0.0,0.0,85.37,100.0
U_15285528,C_737592,116,112,96.55,100.0,100.0,0.0,0.0,0.0,2,1.0986122886681098,0,100.0,0.0,0.0,0.0,96.55,100.0
U_15285531,C_737592,116,109,93.97,33.33333333333333,0.0,16.666666666666664,33.33333333333333,16.666666666666664,6,1.9459101490553132,0,0.0,0.0,16.666666666666664,33.33333333333333,93.97,33.33333333333333
U_15285576,C_737592,82,56,68.29,100.0,100.0,0.0,0.0,0.0,9,2.302585092994046,0,100.0,0.0,0.0,0.0,68.29,100.0
U_15285605,C_737592,58,31,53.45,100.0,100.0,0.0,0.0,0.0,1,0.6931471805599453,0,100.0,0.0,0.0,0.0,53.45,100.0
U_15285652,C_737592,58,29,50.0,50.0,0.0,0.0,50.0,50.0,2,1.0986122886681098,0,0.0,0.0,0.0,50.0,50.0,50.0
U_15290340,C_674959,5,3,60.0,100.0,100.0,0.0,0.0,0.0,1,0.6931471805599453,0,100.0,0.0,0.0,0.0,60.0,100.0
U_15293038,C_1925896,10,6,60.0,100.0,100.0,0.0,0.0,0.0,3,1.3862943611198906,0,100.0,0.0,0.0,0.0,60.0,100.0
U_15293863,C_1806527,5,2,40.0,100.0,80.0,0.0,20.0,0.0,5,1.791759469228055,0,80.0,0.0,0.0,20.0,40.0,100.0
U_15296069,C_737592,116,115,99.14,70.0,70.0,10.0,0.0,10.0,10,2.3978952727983707,0,50.0,20.0,10.0,0.0,99.14,70.0
U_15298072,C_681045,27,18,66.67,0.0,0.0,0.0,0.0,0.0,1,0.6931471805599453,0,0.0,0.0,0.0,0.0,66.67,0.0
U_15298072,C_791424,74,50,67.57,0.0,0.0,0.0,0.0,0.0,1,0.6931471805599453,0,0.0,0.0,0.0,0.0,67.57,0.0
U_15303020,C_737592,116,106,91.38,75.0,75.0,0.0,0.0,25.0,4,1.6094379124341005,0,50.0,25.0,0.0,0.0,91.38,75.0
U_15303458,C_737592,116,115,99.14,100.0,100.0,0.0,0.0,0.0,4,1.6094379124341005,0,100.0,0.0,0.0,0.0,99.14,100.0
U_15307447,C_674920,30,18,60.0,100.0,100.0,0.0,0.0,0.0,4,1.6094379124341005,0,100.0,0.0,0.0,0.0,60.0,100.0
U_15311209,C_756636,22,20,90.91,0.0,0.0,77.77777777777779,0.0,22.22222222222222,9,2.302585092994046,0,0.0,0.0,77.77777777777779,0.0,90.91,0.0
U_15316009,C_949439,21,13,61.9,100.0,100.0,0.0,0.0,0.0,3,1.3862943611198906,0,0.0,100.0,0.0,0.0,61.9,100.0
U_15316009,C_1557390,6,0,0.0,100.0,100.0,0.0,0.0,0.0,3,1.3862943611198906,0,0.0,100.0,0.0,0.0,0.0,100.0
U_15316009,C_1706099,31,22,70.97,100.0,100.0,0.0,0.0,0.0,3,1.3862943611198906,0,0.0,100.0,0.0,0.0,70.97,100.0
U_15316009,C_1772942,34,31,91.18,100.0,100.0,0.0,0.0,0.0,3,1.3862943611198906,0,0.0,100.0,0.0,0.0,91.18,100.0
U_15317849,C_1738993,20,12,60.0,33.33333333333333,33.33333333333333,33.33333333333333,0.0,33.33333333333333,6,1.9459101490553132,0,16.666666666666664,16.666666666666664,33.33333333333333,0.0,60.0,33.33333333333333
U_15323828,C_746997,135,106,78.52,100.0,100.0,0.0,0.0,0.0,1,0.6931471805599453,0,100.0,0.0,0.0,0.0,78.52,100.0
U_15339030,C_801420,98,38,38.78,100.0,100.0,0.0,0.0,0.0,5,1.791759469228055,0,100.0,0.0,0.0,0.0,38.78,100.0
U_15342416,C_682356,15,13,86.67,100.0,100.0,0.0,0.0,0.0,5,1.791759469228055,0,100.0,0.0,0.0,0.0,86.67,100.0
U_15345134,C_737592,116,112,96.55,40.0,40.0,60.0,0.0,0.0,5,1.791759469228055,0,40.0,0.0,60.0,0.0,96.55,40.0
U_15355052,C_854854,9,3,33.33,100.0,100.0,0.0,0.0,0.0,2,1.0986122886681098,0,100.0,0.0,0.0,0.0,33.33,100.0
U_15357541,C_1906186,160,130,81.25,100.0,100.0,0.0,0.0,0.0,3,1.3862943611198906,0,100.0,0.0,0.0,0.0,81.25,100.0
U_15357541,C_1929045,16,13,81.25,100.0,100.0,0.0,0.0,0.0,3,1.3862943611198906,0,100.0,0.0,0.0,0.0,81.25,100.0
U_15358482,C_737592,116,112,96.55,50.0,0.0,0.0,50.0,50.0,2,1.0986122886681098,0,0.0,0.0,0.0,50.0,96.55,50.0
U_15359306,C_737592,70,47,67.14,50.0,50.0,50.0,0.0,0.0,2,1.0986122886681098,0,0.0,50.0,50.0,0.0,67.14,50.0
U_15360735,C_890125,8,6,75.0,50.0,50.0,50.0,0.0,0.0,2,1.0986122886681098,0,0.0,50.0,50.0,0.0,75.0,50.0
U_15362795,C_801420,137,60,43.8,100.0,100.0,0.0,0.0,0.0,15,2.772588722239781,0,100.0,0.0,0.0,0.0,43.8,100.0
U_15368394,C_737592,116,115,99.14,0.0,0.0,66.66666666666666,0.0,33.33333333333333,3,1.3862943611198906,0,0.0,0.0,66.66666666666666,0.0,99.14,0.0
U_15371529,C_737592,114,107,93.86,50.0,50.0,50.0,0.0,0.0,2,1.0986122886681098,0,50.0,0.0,50.0,0.0,93.86,50.0
U_15379848,C_737592,82,76,92.68,50.0,50.0,0.0,0.0,50.0,2,1.0986122886681098,0,50.0,0.0,0.0,0.0,92.68,50.0
U_15383216,C_680916,10,8,80.0,100.0,100.0,0.0,0.0,0.0,3,1.3862943611198906,0,66.66666666666666,33.33333333333333,0.0,0.0,80.0,100.0
U_15399094,C_746997,373,307,82.31,100.0,100.0,0.0,0.0,0.0,2,1.0986122886681098,0,50.0,50.0,0.0,0.0,82.31,100.0
U_15399637,C_746997,123,98,79.67,100.0,100.0,0.0,0.0,0.0,1,0.6931471805599453,0,100.0,0.0,0.0,0.0,79.67,100.0
U_15400053,C_799800,24,18,75.0,100.0,100.0,0.0,0.0,0.0,4,1.6094379124341005,0,100.0,0.0,0.0,0.0,75.0,100.0
U_15404389,C_854843,8,7,87.5,100.0,100.0,0.0,0.0,0.0,1,0.6931471805599453,0,100.0,0.0,0.0,0.0,87.5,100.0
U_15404793,C_949439,15,12,80.0,0.0,0.0,100.0,0.0,0.0,3,1.3862943611198906,0,0.0,0.0,100.0,0.0,80.0,0.0
U_15425650,C_735214,40,29,72.5,55.00000000000001,55.00000000000001,40.0,0.0,5.0,20,3.044522437723423,0,55.00000000000001,0.0,40.0,0.0,72.5,55.00000000000001
U_15451036,C_737592,82,46,56.1,50.0,50.0,50.0,0.0,0.0,2,1.0986122886681098,0,50.0,0.0,50.0,0.0,56.1,50.0
U_15455261,C_737592,116,113,97.41,100.0,0.0,0.0,100.0,0.0,1,0.6931471805599453,0,0.0,0.0,0.0,100.0,97.41,100.0
U_15488537,C_677087,18,7,38.89,100.0,100.0,0.0,0.0,0.0,7,2.0794415416798357,0,100.0,0.0,0.0,0.0,38.89,100.0
U_15488537,C_674920,10,5,50.0,100.0,100.0,0.0,0.0,0.0,7,2.0794415416798357,0,100.0,0.0,0.0,0.0,50.0,100.0
U_15489171,C_943255,7,3,42.86,80.0,80.0,20.0,0.0,0.0,5,1.791759469228055,0,60.0,20.0,20.0,0.0,42.86,80.0
U_15491636,C_947252,22,11,50.0,25.0,25.0,75.0,0.0,0.0,4,1.6094379124341005,0,25.0,0.0,75.0,0.0,50.0,25.0
U_15491907,C_734011,5,1,20.0,75.0,75.0,25.0,0.0,0.0,4,1.6094379124341005,0,50.0,25.0,25.0,0.0,20.0,75.0
U_15494666,C_1903985,10,7,70.0,60.0,60.0,40.0,0.0,0.0,5,1.791759469228055,0,0.0,60.0,40.0,0.0,70.0,60.0
U_15495515,C_746997,9,5,55.56,100.0,100.0,0.0,0.0,0.0,4,1.6094379124341005,0,100.0,0.0,0.0,0.0,55.56,100.0
U_15495773,C_674920,30,23,76.67,100.0,100.0,0.0,0.0,0.0,1,0.6931471805599453,0,100.0,0.0,0.0,0.0,76.67,100.0
U_15497297,C_883372,9,8,88.89,50.0,50.0,10.0,0.0,40.0,10,2.3978952727983707,0,0.0,50.0,10.0,0.0,88.89,50.0
U_15501013,C_883372,30,23,76.67,100.0,100.0,0.0,0.0,0.0,6,1.9459101490553132,0,83.33333333333334,16.666666666666664,0.0,0.0,76.67,100.0
U_15501054,C_801420,14,4,28.57,50.0,41.66666666666667,50.0,8.333333333333332,0.0,12,2.5649493574615367,0,41.66666666666667,0.0,50.0,8.333333333333332,28.57,50.0
U_15511578,C_746997,7,5,71.43,100.0,100.0,0.0,0.0,0.0,2,1.0986122886681098,0,100.0,0.0,0.0,0.0,71.43,100.0
U_15533266,C_735239,12,11,91.67,100.0,100.0,0.0,0.0,0.0,5,1.791759469228055,0,100.0,0.0,0.0,0.0,91.67,100.0
U_15533375,C_735042,31,28,90.32,33.33333333333333,16.666666666666664,58.333333333333336,16.666666666666664,8.333333333333332,12,2.5649493574615367,0,8.333333333333332,8.333333333333332,58.333333333333336,16.666666666666664,90.32,33.33333333333333
U_15560746,C_746997,26,18,69.23,100.0,100.0,0.0,0.0,0.0,2,1.0986122886681098,0,100.0,0.0,0.0,0.0,69.23,100.0
U_15763687,C_799800,40,24,60.0,100.0,100.0,0.0,0.0,0.0,5,1.791759469228055,0,100.0,0.0,0.0,0.0,60.0,100.0
U_15764399,C_943255,6,2,33.33,100.0,100.0,0.0,0.0,0.0,1,0.6931471805599453,0,100.0,0.0,0.0,0.0,33.33,100.0
U_15772313,C_754135,8,7,87.5,100.0,100.0,0.0,0.0,0.0,1,0.6931471805599453,0,0.0,100.0,0.0,0.0,87.5,100.0
U_15773914,C_1766899,12,5,41.67,0.0,0.0,100.0,0.0,0.0,1,0.6931471805599453,0,0.0,0.0,100.0,0.0,41.67,0.0
U_15828044,C_674920,50,43,86.0,80.0,80.0,20.0,0.0,0.0,5,1.791759469228055,0,80.0,0.0,20.0,0.0,86.0,80.0
U_15833165,C_786631,12,10,83.33,100.0,100.0,0.0,0.0,0.0,1,0.6931471805599453,0,100.0,0.0,0.0,0.0,83.33,100.0
U_15834758,C_1159827,9,6,66.67,92.3076923076923,92.3076923076923,7.6923076923076925,0.0,0.0,13,2.6390573296152584,0,92.3076923076923,0.0,7.6923076923076925,0.0,66.67,92.3076923076923
U_15843994,C_883372,14,10,71.43,100.0,100.0,0.0,0.0,0.0,1,0.6931471805599453,0,100.0,0.0,0.0,0.0,71.43,100.0
U_15876364,C_1761386,43,21,48.84,50.0,50.0,0.0,0.0,50.0,4,1.6094379124341005,0,50.0,0.0,0.0,0.0,48.84,50.0
U_15905395,C_746997,37,24,64.86,75.0,75.0,25.0,0.0,0.0,4,1.6094379124341005,0,50.0,25.0,25.0,0.0,64.86,75.0
U_15984770,C_1552662,60,50,83.33,100.0,100.0,0.0,0.0,0.0,2,1.0986122886681098,0,100.0,0.0,0.0,0.0,83.33,100.0
U_15994257,C_682575,43,34,79.07,100.0,0.0,0.0,100.0,0.0,1,0.6931471805599453,0,0.0,0.0,0.0,100.0,79.07,100.0
U_16002385,C_746997,399,343,85.96,83.33333333333334,83.33333333333334,16.666666666666664,0.0,0.0,6,1.9459101490553132,0,83.33333333333334,0.0,16.666666666666664,0.0,85.96,83.33333333333334
U_16002385,C_782555,21,19,90.48,83.33333333333334,83.33333333333334,16.666666666666664,0.0,0.0,6,1.9459101490553132,0,83.33333333333334,0.0,16.666666666666664,0.0,90.48,83.33333333333334
U_16016898,C_707365,18,13,72.22,100.0,100.0,0.0,0.0,0.0,1,0.6931471805599453,0,100.0,0.0,0.0,0.0,72.22,100.0
U_16037928,C_799791,37,28,75.68,100.0,100.0,0.0,0.0,0.0,4,1.6094379124341005,0,75.0,25.0,0.0,0.0,75.68,100.0
U_16037928,C_735385,39,28,71.79,100.0,100.0,0.0,0.0,0.0,4,1.6094379124341005,0,75.0,25.0,0.0,0.0,71.79,100.0
U_16049487,C_799800,10,9,90.0,60.0,60.0,40.0,0.0,0.0,5,1.791759469228055,0,60.0,0.0,40.0,0.0,90.0,60.0
U_16052404,C_1750851,19,19,100.0,100.0,100.0,0.0,0.0,0.0,1,0.6931471805599453,0,100.0,0.0,0.0,0.0,100.0,100.0
U_16052404,C_1767521,99,98,98.99,100.0,100.0,0.0,0.0,0.0,1,0.6931471805599453,0,100.0,0.0,0.0,0.0,98.99,100.0
U_16052404,C_697429,15,15,100.0,100.0,100.0,0.0,0.0,0.0,1,0.6931471805599453,0,100.0,0.0,0.0,0.0,100.0,100.0
U_16052607,C_735342,180,133,73.89,100.0,100.0,0.0,0.0,0.0,1,0.6931471805599453,0,100.0,0.0,0.0,0.0,73.89,100.0
U_16053344,C_948037,9,1,11.11,0.0,0.0,100.0,0.0,0.0,3,1.3862943611198906,0,0.0,0.0,100.0,0.0,11.11,0.0
U_16070419,C_674920,50,39,78.0,94.44444444444444,27.77777777777778,5.555555555555555,66.66666666666666,0.0,18,2.9444389791664403,0,22.22222222222222,5.555555555555555,5.555555555555555,66.66666666666666,78.0,94.44444444444444
U_16087539,C_786631,106,104,98.11,100.0,0.0,0.0,100.0,0.0,2,1.0986122886681098,0,0.0,0.0,0.0,100.0,98.11,100.0
U_16102522,C_1776316,13,9,69.23,50.0,50.0,50.0,0.0,0.0,2,1.0986122886681098,0,50.0,0.0,50.0,0.0,69.23,50.0
U_16105142,C_707456,20,16,80.0,100.0,100.0,0.0,0.0,0.0,3,1.3862943611198906,0,100.0,0.0,0.0,0.0,80.0,100.0
U_16114253,C_1718815,12,11,91.67,91.17647058823528,91.17647058823528,8.823529411764707,0.0,0.0,34,3.5553480614894135,0,91.17647058823528,0.0,8.823529411764707,0.0,91.67,91.17647058823528
U_16120486,C_746997,16,10,62.5,0.0,0.0,100.0,0.0,0.0,1,0.6931471805599453,0,0.0,0.0,100.0,0.0,62.5,0.0
U_16139040,C_746997,16,12,75.0,7.142857142857142,0.0,92.85714285714286,7.142857142857142,0.0,14,2.70805020110221,0,0.0,0.0,92.85714285714286,7.142857142857142,75.0,7.142857142857142
U_16142084,C_1771543,100,88,88.0,100.0,100.0,0.0,0.0,0.0,3,1.3862943611198906,0,100.0,0.0,0.0,0.0,88.0,100.0
U_16143168,C_756636,15,13,86.67,100.0,100.0,0.0,0.0,0.0,4,1.6094379124341005,0,100.0,0.0,0.0,0.0,86.67,100.0
U_16150501,C_676635,10,6,60.0,96.0,96.0,4.0,0.0,0.0,25,3.258096538021482,0,96.0,0.0,4.0,0.0,60.0,96.0
U_161661,C_674920,20,17,85.0,100.0,100.0,0.0,0.0,0.0,2,1.0986122886681098,0,100.0,0.0,0.0,0.0,85.0,100.0
U_16188182,C_697048,27,20,74.07,100.0,66.66666666666666,0.0,33.33333333333333,0.0,3,1.3862943611198906,0,66.66666666666666,0.0,0.0,33.33333333333333,74.07,100.0
U_16196166,C_681411,97,89,91.75,100.0,100.0,0.0,0.0,0.0,3,1.3862943611198906,0,100.0,0.0,0.0,0.0,91.75,100.0
U_16196166,C_682575,64,59,92.19,100.0,100.0,0.0,0.0,0.0,3,1.3862943611198906,0,100.0,0.0,0.0,0.0,92.19,100.0
U_16196543,C_1704762,41,20,48.78,100.0,100.0,0.0,0.0,0.0,5,1.791759469228055,0,80.0,20.0,0.0,0.0,48.78,100.0
U_16204521,C_681032,5,3,60.0,0.0,0.0,100.0,0.0,0.0,3,1.3862943611198906,0,0.0,0.0,100.0,0.0,60.0,0.0
U_16209816,C_746997,41,31,75.61,100.0,100.0,0.0,0.0,0.0,2,1.0986122886681098,0,100.0,0.0,0.0,0.0,75.61,100.0
U_1622366,C_773985,72,58,80.56,100.0,100.0,0.0,0.0,0.0,1,0.6931471805599453,0,100.0,0.0,0.0,0.0,80.56,100.0
U_16292013,C_735115,13,7,53.85,100.0,100.0,0.0,0.0,0.0,2,1.0986122886681098,0,100.0,0.0,0.0,0.0,53.85,100.0
U_16298185,C_1410117,16,10,62.5,100.0,100.0,0.0,0.0,0.0,11,2.4849066497880004,0,90.9090909090909,9.090909090909092,0.0,0.0,62.5,100.0
U_16306489,C_746997,458,310,67.69,0.0,0.0,100.0,0.0,0.0,1,0.6931471805599453,0,0.0,0.0,100.0,0.0,67.69,0.0
U_16306489,C_782555,24,11,45.83,0.0,0.0,100.0,0.0,0.0,1,0.6931471805599453,0,0.0,0.0,100.0,0.0,45.83,0.0
U_1630740,C_737592,82,76,92.68,100.0,100.0,0.0,0.0,0.0,3,1.3862943611198906,0,100.0,0.0,0.0,0.0,92.68,100.0
U_16325408,C_735395,5,3,60.0,25.0,25.0,75.0,0.0,0.0,4,1.6094379124341005,0,0.0,25.0,75.0,0.0,60.0,25.0
U_16347784,C_1776316,6,3,50.0,100.0,100.0,0.0,0.0,0.0,3,1.3862943611198906,0,100.0,0.0,0.0,0.0,50.0,100.0
U_16351069,C_681073,63,57,90.48,33.33333333333333,33.33333333333333,66.66666666666666,0.0,0.0,3,1.3862943611198906,0,33.33333333333333,0.0,66.66666666666666,0.0,90.48,33.33333333333333
U_16351069,C_1906555,20,13,65.0,33.33333333333333,33.33333333333333,66.66666666666666,0.0,0.0,3,1.3862943611198906,0,33.33333333333333,0.0,66.66666666666666,0.0,65.0,33.33333333333333
U_16359663,C_707456,194,124,63.92,50.0,50.0,50.0,0.0,0.0,2,1.0986122886681098,0,0.0,50.0,50.0,0.0,63.92,50.0
U_16369551,C_735342,20,17,85.0,100.0,100.0,0.0,0.0,0.0,2,1.0986122886681098,0,100.0,0.0,0.0,0.0,85.0,100.0
U_16373464,C_947260,15,15,100.0,0.0,0.0,100.0,0.0,0.0,1,0.6931471805599453,0,0.0,0.0,100.0,0.0,100.0,0.0
U_16378487,C_697076,116,97,83.62,100.0,100.0,0.0,0.0,0.0,4,1.6094379124341005,0,50.0,50.0,0.0,0.0,83.62,100.0
U_16384402,C_881170,99,86,86.87,60.0,30.0,30.0,30.0,10.0,10,2.3978952727983707,0,30.0,0.0,30.0,30.0,86.87,60.0
U_16393957,C_737592,116,110,94.83,100.0,0.0,0.0,100.0,0.0,2,1.0986122886681098,0,0.0,0.0,0.0,100.0,94.83,100.0
U_16397290,C_1750851,10,8,80.0,100.0,100.0,0.0,0.0,0.0,3,1.3862943611198906,0,100.0,0.0,0.0,0.0,80.0,100.0
U_16440066,C_674920,20,18,90.0,100.0,100.0,0.0,0.0,0.0,2,1.0986122886681098,0,100.0,0.0,0.0,0.0,90.0,100.0
U_16440066,C_801420,47,37,78.72,100.0,100.0,0.0,0.0,0.0,2,1.0986122886681098,0,100.0,0.0,0.0,0.0,78.72,100.0
U_16474640,C_1704762,145,80,55.17,62.5,62.5,25.0,0.0,12.5,8,2.1972245773362196,0,25.0,37.5,25.0,0.0,55.17,62.5
U_16479481,C_2033958,14,8,57.14,66.66666666666666,66.66666666666666,33.33333333333333,0.0,0.0,3,1.3862943611198906,0,33.33333333333333,33.33333333333333,33.33333333333333,0.0,57.14,66.66666666666666
U_16492680,C_770751,34,18,52.94,100.0,100.0,0.0,0.0,0.0,1,0.6931471805599453,0,100.0,0.0,0.0,0.0,52.94,100.0
U_16494881,C_735050,120,52,43.33,0.0,0.0,36.36363636363637,0.0,63.63636363636363,11,2.4849066497880004,0,0.0,0.0,36.36363636363637,0.0,43.33,0.0
U_16555181,C_697429,15,15,100.0,100.0,100.0,0.0,0.0,0.0,8,2.1972245773362196,0,100.0,0.0,0.0,0.0,100.0,100.0
U_16558542,C_737592,116,116,100.0,0.0,0.0,100.0,0.0,0.0,1,0.6931471805599453,0,0.0,0.0,100.0,0.0,100.0,0.0
U_16561680,C_746997,59,50,84.75,0.0,0.0,100.0,0.0,0.0,2,1.0986122886681098,0,0.0,0.0,100.0,0.0,84.75,0.0
U_16563081,C_674971,32,19,59.38,100.0,100.0,0.0,0.0,0.0,4,1.6094379124341005,0,100.0,0.0,0.0,0.0,59.38,100.0
U_16563208,C_1765606,32,15,46.88,89.0909090909091,89.0909090909091,10.909090909090908,0.0,0.0,55,4.02535169073515,0,65.45454545454545,23.636363636363637,10.909090909090908,0.0,46.88,89.0909090909091
U_16563530,C_948103,90,62,68.89,100.0,100.0,0.0,0.0,0.0,3,1.3862943611198906,0,100.0,0.0,0.0,0.0,68.89,100.0
U_16570027,C_801420,53,44,83.02,25.0,25.0,75.0,0.0,0.0,4,1.6094379124341005,0,25.0,0.0,75.0,0.0,83.02,25.0
U_16570679,C_746997,23,16,69.57,100.0,100.0,0.0,0.0,0.0,1,0.6931471805599453,0,100.0,0.0,0.0,0.0,69.57,100.0
U_16589756,C_1944725,26,16,61.54,100.0,100.0,0.0,0.0,0.0,10,2.3978952727983707,0,100.0,0.0,0.0,0.0,61.54,100.0
U_16622020,C_1737097,6,2,33.33,100.0,100.0,0.0,0.0,0.0,3,1.3862943611198906,0,66.66666666666666,33.33333333333333,0.0,0.0,33.33,100.0
U_16622020,C_707035,106,80,75.47,100.0,100.0,0.0,0.0,0.0,3,1.3862943611198906,0,66.66666666666666,33.33333333333333,0.0,0.0,75.47,100.0
U_16622101,C_746997,90,69,76.67,100.0,100.0,0.0,0.0,0.0,6,1.9459101490553132,0,83.33333333333334,16.666666666666664,0.0,0.0,76.67,100.0
U_16631837,C_746997,7,6,85.71,100.0,100.0,0.0,0.0,0.0,1,0.6931471805599453,0,100.0,0.0,0.0,0.0,85.71,100.0
U_16649154,C_735197,5,3,60.0,100.0,100.0,0.0,0.0,0.0,1,0.6931471805599453,0,100.0,0.0,0.0,0.0,60.0,100.0
U_16676537,C_737592,116,102,87.93,33.33333333333333,33.33333333333333,33.33333333333333,0.0,33.33333333333333,3,1.3862943611198906,0,0.0,33.33333333333333,33.33333333333333,0.0,87.93,33.33333333333333
U_16685964,C_674920,10,7,70.0,100.0,100.0,0.0,0.0,0.0,2,1.0986122886681098,0,100.0,0.0,0.0,0.0,70.0,100.0
U_16698507,C_746997,16,14,87.5,100.0,100.0,0.0,0.0,0.0,1,0.6931471805599453,0,100.0,0.0,0.0,0.0,87.5,100.0
U_16708655,C_735175,40,32,80.0,75.0,75.0,12.5,0.0,12.5,8,2.1972245773362196,0,0.0,75.0,12.5,0.0,80.0,75.0
U_16711450,C_746997,16,12,75.0,100.0,100.0,0.0,0.0,0.0,1,0.6931471805599453,0,100.0,0.0,0.0,0.0,75.0,100.0
U_16730587,C_1771179,10,9,90.0,100.0,100.0,0.0,0.0,0.0,1,0.6931471805599453,0,100.0,0.0,0.0,0.0,90.0,100.0
U_16740399,C_1903983,378,279,73.81,100.0,100.0,0.0,0.0,0.0,1,0.6931471805599453,0,100.0,0.0,0.0,0.0,73.81,100.0
U_16832053,C_674920,15,12,80.0,100.0,100.0,0.0,0.0,0.0,2,1.0986122886681098,0,50.0,50.0,0.0,0.0,80.0,100.0
U_16861570,C_680814,14,5,35.71,100.0,100.0,0.0,0.0,0.0,1,0.6931471805599453,0,100.0,0.0,0.0,0.0,35.71,100.0
U_16865694,C_681460,14,12,85.71,100.0,100.0,0.0,0.0,0.0,2,1.0986122886681098,0,100.0,0.0,0.0,0.0,85.71,100.0
U_16875233,C_854843,21,15,71.43,100.0,0.0,0.0,100.0,0.0,2,1.0986122886681098,0,0.0,0.0,0.0,100.0,71.43,100.0
U_16875233,C_947252,24,20,83.33,100.0,0.0,0.0,100.0,0.0,2,1.0986122886681098,0,0.0,0.0,0.0,100.0,83.33,100.0
U_16889610,C_948037,11,8,72.73,66.66666666666666,33.33333333333333,0.0,33.33333333333333,33.33333333333333,3,1.3862943611198906,0,0.0,33.33333333333333,0.0,33.33333333333333,72.73,66.66666666666666
U_16892536,C_674920,30,30,100.0,0.0,0.0,33.33333333333333,0.0,66.66666666666666,3,1.3862943611198906,0,0.0,0.0,33.33333333333333,0.0,100.0,0.0
U_16893240,C_881170,81,73,90.12,37.5,37.5,50.0,0.0,0.0,8,2.1972245773362196,0,37.5,0.0,50.0,0.0,90.12,37.5
U_1698582,C_799800,5,4,80.0,100.0,100.0,0.0,0.0,0.0,3,1.3862943611198906,0,100.0,0.0,0.0,0.0,80.0,100.0
U_16999438,C_746997,7,4,57.14,100.0,100.0,0.0,0.0,0.0,4,1.6094379124341005,0,75.0,25.0,0.0,0.0,57.14,100.0
U_1702381,C_854854,44,20,45.45,100.0,100.0,0.0,0.0,0.0,2,1.0986122886681098,0,100.0,0.0,0.0,0.0,45.45,100.0
U_17110686,C_735195,28,20,71.43,100.0,100.0,0.0,0.0,0.0,1,0.6931471805599453,0,100.0,0.0,0.0,0.0,71.43,100.0
U_17111916,C_746997,74,65,87.84,16.666666666666664,16.666666666666664,33.33333333333333,0.0,0.0,6,1.9459101490553132,0,0.0,16.666666666666664,33.33333333333333,0.0,87.84,16.666666666666664
U_17113786,C_677087,37,30,81.08,100.0,100.0,0.0,0.0,0.0,4,1.6094379124341005,0,100.0,0.0,0.0,0.0,81.08,100.0
U_1711555,C_674920,10,9,90.0,100.0,100.0,0.0,0.0,0.0,4,1.6094379124341005,0,100.0,0.0,0.0,0.0,90.0,100.0
U_17118179,C_1469181,56,53,94.64,37.94871794871795,0.0,61.53846153846154,37.94871794871795,0.5128205128205128,195,5.278114659230517,0,0.0,0.0,61.53846153846154,37.94871794871795,94.64,37.94871794871795
U_17148060,C_1765606,8,5,62.5,100.0,0.0,0.0,100.0,0.0,3,1.3862943611198906,0,0.0,0.0,0.0,100.0,62.5,100.0
U_17169265,C_799791,10,7,70.0,20.0,20.0,60.0,0.0,20.0,5,1.791759469228055,0,20.0,0.0,60.0,0.0,70.0,20.0
U_17169265,C_674971,14,9,64.29,20.0,20.0,60.0,0.0,20.0,5,1.791759469228055,0,20.0,0.0,60.0,0.0,64.29,20.0
U_17212438,C_943255,42,15,35.71,100.0,100.0,0.0,0.0,0.0,1,0.6931471805599453,0,100.0,0.0,0.0,0.0,35.71,100.0
U_17212438,C_1731879,13,8,61.54,100.0,100.0,0.0,0.0,0.0,1,0.6931471805599453,0,100.0,0.0,0.0,0.0,61.54,100.0
U_17212438,C_746997,48,29,60.42,100.0,100.0,0.0,0.0,0.0,1,0.6931471805599453,0,100.0,0.0,0.0,0.0,60.42,100.0
U_17212490,C_746997,16,13,81.25,80.0,80.0,20.0,0.0,0.0,5,1.791759469228055,0,60.0,20.0,20.0,0.0,81.25,80.0
U_17426786,C_681448,29,21,72.41,100.0,100.0,0.0,0.0,0.0,3,1.3862943611198906,0,66.66666666666666,33.33333333333333,0.0,0.0,72.41,100.0
U_17453374,C_737592,116,114,98.28,100.0,90.0,0.0,10.0,0.0,10,2.3978952727983707,0,80.0,10.0,0.0,10.0,98.28,100.0
U_17461818,C_674920,120,103,85.83,0.0,0.0,100.0,0.0,0.0,1,0.6931471805599453,0,0.0,0.0,100.0,0.0,85.83,0.0
U_17487227,C_746997,57,40,70.18,0.0,0.0,60.0,0.0,40.0,5,1.791759469228055,0,0.0,0.0,60.0,0.0,70.18,0.0
U_17513508,C_801420,89,59,66.29,100.0,100.0,0.0,0.0,0.0,2,1.0986122886681098,0,100.0,0.0,0.0,0.0,66.29,100.0
U_17578275,C_735342,394,379,96.19,100.0,100.0,0.0,0.0,0.0,7,2.0794415416798357,0,71.42857142857143,28.57142857142857,0.0,0.0,96.19,100.0
U_17581460,C_707083,53,37,69.81,40.0,40.0,60.0,0.0,0.0,5,1.791759469228055,0,40.0,0.0,60.0,0.0,69.81,40.0
U_17668992,C_674920,10,7,70.0,100.0,100.0,0.0,0.0,0.0,5,1.791759469228055,0,80.0,20.0,0.0,0.0,70.0,100.0
U_17685978,C_674971,174,172,98.85,85.71428571428571,85.71428571428571,14.285714285714285,0.0,0.0,7,2.0794415416798357,0,85.71428571428571,0.0,14.285714285714285,0.0,98.85,85.71428571428571
U_17685978,C_681255,9,8,88.89,85.71428571428571,85.71428571428571,14.285714285714285,0.0,0.0,7,2.0794415416798357,0,85.71428571428571,0.0,14.285714285714285,0.0,88.89,85.71428571428571
U_17694862,C_674920,10,7,70.0,80.0,60.0,20.0,20.0,0.0,5,1.791759469228055,0,40.0,20.0,20.0,20.0,70.0,80.0
U_17707378,C_883372,72,54,75.0,100.0,100.0,0.0,0.0,0.0,2,1.0986122886681098,0,100.0,0.0,0.0,0.0,75.0,100.0
U_17707783,C_681671,8,5,62.5,100.0,100.0,0.0,0.0,0.0,1,0.6931471805599453,0,100.0,0.0,0.0,0.0,62.5,100.0
U_17755239,C_735395,5,3,60.0,100.0,100.0,0.0,0.0,0.0,1,0.6931471805599453,0,100.0,0.0,0.0,0.0,60.0,100.0
U_17894743,C_786631,115,106,92.17,100.0,100.0,0.0,0.0,0.0,7,2.0794415416798357,0,100.0,0.0,0.0,0.0,92.17,100.0
U_17895749,C_786631,124,86,69.35,0.0,0.0,100.0,0.0,0.0,2,1.0986122886681098,0,0.0,0.0,100.0,0.0,69.35,0.0
U_18008528,C_681255,14,10,71.43,0.0,0.0,100.0,0.0,0.0,4,1.6094379124341005,0,0.0,0.0,100.0,0.0,71.43,0.0
U_18052021,C_2221567,8,5,62.5,66.66666666666666,66.66666666666666,0.0,0.0,33.33333333333333,6,1.9459101490553132,0,33.33333333333333,33.33333333333333,0.0,0.0,62.5,66.66666666666666
U_18086879,C_735342,354,259,73.16,57.14285714285714,57.14285714285714,42.857142857142854,0.0,0.0,7,2.0794415416798357,0,57.14285714285714,0.0,42.857142857142854,0.0,73.16,57.14285714285714
U_18105347,C_1822804,225,222,98.67,0.0,0.0,100.0,0.0,0.0,1,0.6931471805599453,0,0.0,0.0,100.0,0.0,98.67,0.0
U_1811445,C_756646,5,2,40.0,100.0,100.0,0.0,0.0,0.0,3,1.3862943611198906,0,100.0,0.0,0.0,0.0,40.0,100.0
U_18230370,C_1822804,225,213,94.67,5.714285714285714,2.857142857142857,5.714285714285714,2.857142857142857,77.14285714285715,35,3.58351893845611,0,0.0,2.857142857142857,5.714285714285714,2.857142857142857,94.67,5.714285714285714
U_18230370,C_1472684,40,40,100.0,5.714285714285714,2.857142857142857,5.714285714285714,2.857142857142857,77.14285714285715,35,3.58351893845611,0,0.0,2.857142857142857,5.714285714285714,2.857142857142857,100.0,5.714285714285714
U_18252033,C_948037,10,10,100.0,50.0,50.0,0.0,0.0,50.0,2,1.0986122886681098,0,50.0,0.0,0.0,0.0,100.0,50.0
U_18255062,C_681255,5,4,80.0,100.0,100.0,0.0,0.0,0.0,1,0.6931471805599453,0,100.0,0.0,0.0,0.0,80.0,100.0
U_18306236,C_1741500,66,53,80.3,100.0,100.0,0.0,0.0,0.0,2,1.0986122886681098,0,100.0,0.0,0.0,0.0,80.3,100.0
U_18307867,C_746997,16,10,62.5,50.0,50.0,50.0,0.0,0.0,8,2.1972245773362196,0,50.0,0.0,50.0,0.0,62.5,50.0
U_18360396,C_746997,8,6,75.0,100.0,100.0,0.0,0.0,0.0,13,2.6390573296152584,0,100.0,0.0,0.0,0.0,75.0,100.0
U_18486011,C_735186,6,0,0.0,0.0,0.0,100.0,0.0,0.0,1,0.6931471805599453,0,0.0,0.0,100.0,0.0,0.0,0.0
U_18494363,C_936943,72,71,98.61,0.0,0.0,50.0,0.0,50.0,2,1.0986122886681098,0,0.0,0.0,50.0,0.0,98.61,0.0
U_18498074,C_854854,24,20,83.33,60.0,60.0,40.0,0.0,0.0,10,2.3978952727983707,0,50.0,10.0,40.0,0.0,83.33,60.0
U_18498074,C_1438319,16,16,100.0,60.0,60.0,40.0,0.0,0.0,10,2.3978952727983707,0,50.0,10.0,40.0,0.0,100.0,60.0
U_18500189,C_747056,162,156,96.3,100.0,100.0,0.0,0.0,0.0,1,0.6931471805599453,0,100.0,0.0,0.0,0.0,96.3,100.0
U_18520855,C_746997,34,25,73.53,100.0,100.0,0.0,0.0,0.0,2,1.0986122886681098,0,100.0,0.0,0.0,0.0,73.53,100.0
U_18573572,C_737592,116,114,98.28,100.0,100.0,0.0,0.0,0.0,1,0.6931471805599453,0,100.0,0.0,0.0,0.0,98.28,100.0
U_1858257,C_735050,46,36,78.26,100.0,100.0,0.0,0.0,0.0,1,0.6931471805599453,0,100.0,0.0,0.0,0.0,78.26,100.0
U_18606861,C_934534,91,66,72.53,100.0,100.0,0.0,0.0,0.0,1,0.6931471805599453,0,100.0,0.0,0.0,0.0,72.53,100.0
U_18606861,C_1718815,512,477,93.16,100.0,100.0,0.0,0.0,0.0,1,0.6931471805599453,0,100.0,0.0,0.0,0.0,93.16,100.0
U_18624788,C_735385,25,17,68.0,100.0,100.0,0.0,0.0,0.0,1,0.6931471805599453,0,100.0,0.0,0.0,0.0,68.0,100.0
U_18625077,C_737592,116,58,50.0,83.33333333333334,16.666666666666664,16.666666666666664,66.66666666666666,0.0,6,1.9459101490553132,0,0.0,16.666666666666664,16.666666666666664,66.66666666666666,50.0,83.33333333333334
U_18735710,C_737592,116,114,98.28,66.66666666666666,33.33333333333333,33.33333333333333,33.33333333333333,0.0,3,1.3862943611198906,0,33.33333333333333,0.0,33.33333333333333,33.33333333333333,98.28,66.66666666666666
U_18773719,C_746997,9,5,55.56,100.0,33.33333333333333,0.0,66.66666666666666,0.0,3,1.3862943611198906,0,33.33333333333333,0.0,0.0,66.66666666666666,55.56,100.0
U_19116502,C_696709,42,37,88.1,100.0,100.0,0.0,0.0,0.0,1,0.6931471805599453,0,100.0,0.0,0.0,0.0,88.1,100.0
U_19118528,C_735342,20,14,70.0,100.0,100.0,0.0,0.0,0.0,1,0.6931471805599453,0,100.0,0.0,0.0,0.0,70.0,100.0
U_1912646,C_947149,55,49,89.09,0.0,0.0,100.0,0.0,0.0,2,1.0986122886681098,0,0.0,0.0,100.0,0.0,89.09,0.0
U_1912652,C_947149,55,46,83.64,28.57142857142857,28.57142857142857,71.42857142857143,0.0,0.0,7,2.0794415416798357,0,0.0,28.57142857142857,71.42857142857143,0.0,83.64,28.57142857142857
U_1912659,C_947149,55,36,65.45,0.0,0.0,100.0,0.0,0.0,1,0.6931471805599453,0,0.0,0.0,100.0,0.0,65.45,0.0
U_1912675,C_947149,55,51,92.73,54.54545454545454,54.54545454545454,45.45454545454545,0.0,0.0,22,3.1354942159291497,0,45.45454545454545,9.090909090909092,45.45454545454545,0.0,92.73,54.54545454545454
U_1912677,C_947149,55,39,70.91,0.0,0.0,100.0,0.0,0.0,2,1.0986122886681098,0,0.0,0.0,100.0,0.0,70.91,0.0
U_19139230,C_1808023,11,7,63.64,90.0,90.0,10.0,0.0,0.0,10,2.3978952727983707,0,60.0,30.0,10.0,0.0,63.64,90.0
U_19157418,C_1738993,32,23,71.88,88.88888888888889,88.88888888888889,11.11111111111111,0.0,0.0,9,2.302585092994046,0,77.77777777777779,11.11111111111111,11.11111111111111,0.0,71.88,88.88888888888889
U_19194009,C_1903983,210,84,40.0,100.0,100.0,0.0,0.0,0.0,2,1.0986122886681098,0,100.0,0.0,0.0,0.0,40.0,100.0
U_19264337,C_735342,274,180,65.69,100.0,100.0,0.0,0.0,0.0,1,0.6931471805599453,0,100.0,0.0,0.0,0.0,65.69,100.0
U_19271145,C_737592,116,71,61.21,100.0,100.0,0.0,0.0,0.0,2,1.0986122886681098,0,100.0,0.0,0.0,0.0,61.21,100.0
U_19276271,C_737592,116,111,95.69,100.0,0.0,0.0,100.0,0.0,1,0.6931471805599453,0,0.0,0.0,0.0,100.0,95.69,100.0
U_19286972,C_746997,165,117,70.91,37.5,37.5,62.5,0.0,0.0,8,2.1972245773362196,0,25.0,12.5,62.5,0.0,70.91,37.5
U_19309284,C_883372,6,5,83.33,100.0,100.0,0.0,0.0,0.0,1,0.6931471805599453,0,100.0,0.0,0.0,0.0,83.33,100.0
U_19312310,C_1811730,174,155,89.08,100.0,100.0,0.0,0.0,0.0,3,1.3862943611198906,0,100.0,0.0,0.0,0.0,89.08,100.0
U_19331250,C_746997,23,17,73.91,100.0,100.0,0.0,0.0,0.0,1,0.6931471805599453,0,100.0,0.0,0.0,0.0,73.91,100.0
U_19774531,C_1903980,13,12,92.31,100.0,100.0,0.0,0.0,0.0,1,0.6931471805599453,0,100.0,0.0,0.0,0.0,92.31,100.0
U_19775242,C_674920,110,80,72.73,62.5,37.5,37.5,25.0,0.0,8,2.1972245773362196,0,12.5,25.0,37.5,25.0,72.73,62.5
U_1978314,C_735214,40,27,67.5,0.0,0.0,50.0,0.0,0.0,2,1.0986122886681098,0,0.0,0.0,50.0,0.0,67.5,0.0
U_1978314,C_1806527,5,2,40.0,0.0,0.0,50.0,0.0,0.0,2,1.0986122886681098,0,0.0,0.0,50.0,0.0,40.0,0.0
U_19794559,C_948129,10,7,70.0,100.0,100.0,0.0,0.0,0.0,1,0.6931471805599453,0,100.0,0.0,0.0,0.0,70.0,100.0
U_19804863,C_1929045,16,12,75.0,0.0,0.0,100.0,0.0,0.0,1,0.6931471805599453,0,0.0,0.0,100.0,0.0,75.0,0.0
U_19805378,C_680719,45,24,53.33,100.0,100.0,0.0,0.0,0.0,4,1.6094379124341005,0,100.0,0.0,0.0,0.0,53.33,100.0
U_19805378,C_680817,249,221,88.76,100.0,100.0,0.0,0.0,0.0,4,1.6094379124341005,0,100.0,0.0,0.0,0.0,88.76,100.0
U_19809597,C_799800,6,2,33.33,100.0,100.0,0.0,0.0,0.0,8,2.1972245773362196,0,100.0,0.0,0.0,0.0,33.33,100.0
U_19857299,C_735241,13,10,76.92,100.0,100.0,0.0,0.0,0.0,2,1.0986122886681098,0,100.0,0.0,0.0,0.0,76.92,100.0
U_19868228,C_823300,11,9,81.82,97.05882352941175,97.05882352941175,2.941176470588235,0.0,0.0,34,3.5553480614894135,0,91.17647058823528,5.88235294117647,2.941176470588235,0.0,81.82,97.05882352941175
U_19868274,C_735214,10,10,100.0,50.0,50.0,50.0,0.0,0.0,2,1.0986122886681098,0,50.0,0.0,50.0,0.0,100.0,50.0
U_19868274,C_1704762,300,223,74.33,50.0,50.0,50.0,0.0,0.0,2,1.0986122886681098,0,50.0,0.0,50.0,0.0,74.33,50.0
U_19899000,C_697170,5,2,40.0,100.0,100.0,0.0,0.0,0.0,1,0.6931471805599453,0,0.0,100.0,0.0,0.0,40.0,100.0
U_19916969,C_854843,83,65,78.31,66.66666666666666,0.0,33.33333333333333,66.66666666666666,0.0,9,2.302585092994046,0,0.0,0.0,33.33333333333333,66.66666666666666,78.31,66.66666666666666
U_19918532,C_1755959,6,2,33.33,50.0,50.0,50.0,0.0,0.0,2,1.0986122886681098,0,0.0,50.0,50.0,0.0,33.33,50.0
U_19918532,C_697748,52,40,76.92,50.0,50.0,50.0,0.0,0.0,2,1.0986122886681098,0,0.0,50.0,50.0,0.0,76.92,50.0
U_19951699,C_746997,11,7,63.64,100.0,100.0,0.0,0.0,0.0,2,1.0986122886681098,0,100.0,0.0,0.0,0.0,63.64,100.0
U_20019109,C_1732839,369,243,65.85,0.0,0.0,100.0,0.0,0.0,2,1.0986122886681098,0,0.0,0.0,100.0,0.0,65.85,0.0
U_20216968,C_799800,5,3,60.0,88.88888888888889,55.55555555555556,11.11111111111111,33.33333333333333,0.0,9,2.302585092994046,0,55.55555555555556,0.0,11.11111111111111,33.33333333333333,60.0,88.88888888888889
U_20224466,C_1718815,537,463,86.22,100.0,100.0,0.0,0.0,0.0,1,0.6931471805599453,0,100.0,0.0,0.0,0.0,86.22,100.0
U_20224466,C_1889777,82,43,52.44,100.0,100.0,0.0,0.0,0.0,1,0.6931471805599453,0,100.0,0.0,0.0,0.0,52.44,100.0
U_20224466,C_1912002,5,2,40.0,100.0,100.0,0.0,0.0,0.0,1,0.6931471805599453,0,100.0,0.0,0.0,0.0,40.0,100.0
U_20231432,C_801420,89,56,62.92,100.0,100.0,0.0,0.0,0.0,2,1.0986122886681098,0,100.0,0.0,0.0,0.0,62.92,100.0
U_20266774,C_1903985,50,28,56.0,66.66666666666666,66.66666666666666,33.33333333333333,0.0,0.0,3,1.3862943611198906,0,66.66666666666666,0.0,33.33333333333333,0.0,56.0,66.66666666666666
U_20285038,C_735138,16,13,81.25,100.0,100.0,0.0,0.0,0.0,1,0.6931471805599453,0,100.0,0.0,0.0,0.0,81.25,100.0
U_20293868,C_801420,56,18,32.14,100.0,100.0,0.0,0.0,0.0,2,1.0986122886681098,0,100.0,0.0,0.0,0.0,32.14,100.0
U_20293868,C_1992927,84,49,58.33,100.0,100.0,0.0,0.0,0.0,2,1.0986122886681098,0,100.0,0.0,0.0,0.0,58.33,100.0
U_20293868,C_747047,126,60,47.62,100.0,100.0,0.0,0.0,0.0,2,1.0986122886681098,0,100.0,0.0,0.0,0.0,47.62,100.0
U_20293868,C_769273,6,4,66.67,100.0,100.0,0.0,0.0,0.0,2,1.0986122886681098,0,100.0,0.0,0.0,0.0,66.67,100.0
U_20323401,C_823315,48,37,77.08,0.0,0.0,100.0,0.0,0.0,1,0.6931471805599453,0,0.0,0.0,100.0,0.0,77.08,0.0
U_2032350,C_746997,87,58,66.67,100.0,100.0,0.0,0.0,0.0,1,0.6931471805599453,0,100.0,0.0,0.0,0.0,66.67,100.0
U_20351867,C_747056,166,104,62.65,100.0,100.0,0.0,0.0,0.0,1,0.6931471805599453,0,100.0,0.0,0.0,0.0,62.65,100.0
U_2037228,C_1628052,41,35,85.37,100.0,100.0,0.0,0.0,0.0,1,0.6931471805599453,0,0.0,100.0,0.0,0.0,85.37,100.0
U_2043771,C_947250,84,83,98.81,50.0,0.0,50.0,50.0,0.0,4,1.6094379124341005,0,0.0,0.0,50.0,50.0,98.81,50.0
U_2043771,C_1750793,20,19,95.0,50.0,0.0,50.0,50.0,0.0,4,1.6094379124341005,0,0.0,0.0,50.0,50.0,95.0,50.0
U_20471892,C_681339,10,9,90.0,25.0,25.0,75.0,0.0,0.0,4,1.6094379124341005,0,25.0,0.0,75.0,0.0,90.0,25.0
U_20474079,C_1794790,132,115,87.12,33.33333333333333,33.33333333333333,66.66666666666666,0.0,0.0,3,1.3862943611198906,0,0.0,33.33333333333333,66.66666666666666,0.0,87.12,33.33333333333333
U_2050677,C_947250,84,67,79.76,0.0,0.0,100.0,0.0,0.0,1,0.6931471805599453,0,0.0,0.0,100.0,0.0,79.76,0.0
U_2050688,C_947250,84,70,83.33,0.0,0.0,100.0,0.0,0.0,1,0.6931471805599453,0,0.0,0.0,100.0,0.0,83.33,0.0
U_2050903,C_947250,84,63,75.0,0.0,0.0,100.0,0.0,0.0,1,0.6931471805599453,0,0.0,0.0,100.0,0.0,75.0,0.0
U_2050903,C_674920,10,7,70.0,0.0,0.0,100.0,0.0,0.0,1,0.6931471805599453,0,0.0,0.0,100.0,0.0,70.0,0.0
U_20573493,C_674971,53,46,86.79,100.0,100.0,0.0,0.0,0.0,7,2.0794415416798357,0,100.0,0.0,0.0,0.0,86.79,100.0
U_20585330,C_1795810,10,10,100.0,31.25,25.0,68.75,6.25,0.0,32,3.49650756146648,0,12.5,12.5,68.75,6.25,100.0,31.25
U_20788340,C_801420,8,7,87.5,100.0,100.0,0.0,0.0,0.0,3,1.3862943611198906,0,100.0,0.0,0.0,0.0,87.5,100.0
U_20808215,C_883372,6,5,83.33,100.0,100.0,0.0,0.0,0.0,1,0.6931471805599453,0,100.0,0.0,0.0,0.0,83.33,100.0
U_2081492,C_1907853,8,4,50.0,100.0,100.0,0.0,0.0,0.0,3,1.3862943611198906,0,100.0,0.0,0.0,0.0,50.0,100.0
U_2082725,C_756646,5,3,60.0,0.0,0.0,100.0,0.0,0.0,2,1.0986122886681098,0,0.0,0.0,100.0,0.0,60.0,0.0
U_20889551,C_801420,6,3,50.0,100.0,100.0,0.0,0.0,0.0,4,1.6094379124341005,0,100.0,0.0,0.0,0.0,50.0,100.0
U_20992709,C_947244,55,38,69.09,100.0,100.0,0.0,0.0,0.0,4,1.6094379124341005,0,100.0,0.0,0.0,0.0,69.09,100.0
U_20993766,C_735214,40,29,72.5,0.0,0.0,100.0,0.0,0.0,1,0.6931471805599453,0,0.0,0.0,100.0,0.0,72.5,0.0
U_21042849,C_947260,15,10,66.67,100.0,100.0,0.0,0.0,0.0,1,0.6931471805599453,0,100.0,0.0,0.0,0.0,66.67,100.0
U_21043766,C_1750851,19,19,100.0,0.0,0.0,100.0,0.0,0.0,1,0.6931471805599453,0,0.0,0.0,100.0,0.0,100.0,0.0
U_21043766,C_1767521,99,93,93.94,0.0,0.0,100.0,0.0,0.0,1,0.6931471805599453,0,0.0,0.0,100.0,0.0,93.94,0.0
U_21043766,C_697429,15,15,100.0,0.0,0.0,100.0,0.0,0.0,1,0.6931471805599453,0,0.0,0.0,100.0,0.0,100.0,0.0
U_21101626,C_883372,23,18,78.26,100.0,100.0,0.0,0.0,0.0,2,1.0986122886681098,0,100.0,0.0,0.0,0.0,78.26,100.0
U_2116995,C_1756078,40,29,72.5,100.0,100.0,0.0,0.0,0.0,1,0.6931471805599453,0,100.0,0.0,0.0,0.0,72.5,100.0
U_21242476,C_746997,45,33,73.33,100.0,100.0,0.0,0.0,0.0,2,1.0986122886681098,0,100.0,0.0,0.0,0.0,73.33,100.0
U_21341195,C_735342,62,50,80.65,25.0,15.0,75.0,10.0,0.0,20,3.044522437723423,0,10.0,5.0,75.0,10.0,80.65,25.0
U_21341195,C_1806527,5,2,40.0,25.0,15.0,75.0,10.0,0.0,20,3.044522437723423,0,10.0,5.0,75.0,10.0,40.0,25.0
U_21348660,C_1760297,79,74,93.67,0.0,0.0,50.0,0.0,50.0,2,1.0986122886681098,0,0.0,0.0,50.0,0.0,93.67,0.0
U_2147656,C_674920,30,24,80.0,100.0,100.0,0.0,0.0,0.0,1,0.6931471805599453,0,100.0,0.0,0.0,0.0,80.0,100.0
U_2208038,C_1914506,24,20,83.33,0.0,0.0,100.0,0.0,0.0,1,0.6931471805599453,0,0.0,0.0,100.0,0.0,83.33,0.0
U_22218603,C_735164,156,148,94.87,100.0,100.0,0.0,0.0,0.0,1,0.6931471805599453,0,100.0,0.0,0.0,0.0,94.87,100.0
U_22244487,C_737592,116,64,55.17,66.66666666666666,66.66666666666666,0.0,0.0,0.0,3,1.3862943611198906,0,66.66666666666666,0.0,0.0,0.0,55.17,66.66666666666666
U_22244595,C_737592,116,113,97.41,100.0,100.0,0.0,0.0,0.0,2,1.0986122886681098,0,100.0,0.0,0.0,0.0,97.41,100.0
U_22250438,C_746997,56,43,76.79,100.0,100.0,0.0,0.0,0.0,5,1.791759469228055,0,100.0,0.0,0.0,0.0,76.79,100.0
U_22270018,C_737592,116,68,58.62,100.0,100.0,0.0,0.0,0.0,2,1.0986122886681098,0,100.0,0.0,0.0,0.0,58.62,100.0
U_22270444,C_737592,116,70,60.34,50.0,50.0,50.0,0.0,0.0,2,1.0986122886681098,0,50.0,0.0,50.0,0.0,60.34,50.0
U_22285541,C_801420,22,10,45.45,0.0,0.0,100.0,0.0,0.0,2,1.0986122886681098,0,0.0,0.0,100.0,0.0,45.45,0.0
U_22290679,C_799800,56,44,78.57,0.0,0.0,100.0,0.0,0.0,1,0.6931471805599453,0,0.0,0.0,100.0,0.0,78.57,0.0
U_22327929,C_737592,34,33,97.06,66.66666666666666,0.0,33.33333333333333,66.66666666666666,0.0,3,1.3862943611198906,0,0.0,0.0,33.33333333333333,66.66666666666666,97.06,66.66666666666666
U_22331217,C_735115,14,5,35.71,100.0,100.0,0.0,0.0,0.0,3,1.3862943611198906,0,100.0,0.0,0.0,0.0,35.71,100.0
U_22331217,C_735342,20,18,90.0,100.0,100.0,0.0,0.0,0.0,3,1.3862943611198906,0,100.0,0.0,0.0,0.0,90.0,100.0
U_22341420,C_737592,50,46,92.0,100.0,100.0,0.0,0.0,0.0,2,1.0986122886681098,0,100.0,0.0,0.0,0.0,92.0,100.0
U_22348593,C_746997,86,60,69.77,60.0,0.0,40.0,60.0,0.0,5,1.791759469228055,0,0.0,0.0,40.0,60.0,69.77,60.0
U_22381188,C_756642,34,18,52.94,0.0,0.0,100.0,0.0,0.0,1,0.6931471805599453,0,0.0,0.0,100.0,0.0,52.94,0.0
U_2238857,C_854832,8,7,87.5,0.0,0.0,100.0,0.0,0.0,1,0.6931471805599453,0,0.0,0.0,100.0,0.0,87.5,0.0
U_22458383,C_735385,97,73,75.26,100.0,100.0,0.0,0.0,0.0,4,1.6094379124341005,0,100.0,0.0,0.0,0.0,75.26,100.0
U_22726682,C_735214,40,31,77.5,0.0,0.0,100.0,0.0,0.0,2,1.0986122886681098,0,0.0,0.0,100.0,0.0,77.5,0.0
U_22727857,C_1732839,30,21,70.0,83.33333333333334,83.33333333333334,16.666666666666664,0.0,0.0,6,1.9459101490553132,0,50.0,33.33333333333333,16.666666666666664,0.0,70.0,83.33333333333334
U_22751815,C_737592,116,113,97.41,100.0,100.0,0.0,0.0,0.0,1,0.6931471805599453,0,100.0,0.0,0.0,0.0,97.41,100.0
U_22752883,C_737592,108,54,50.0,90.0,90.0,0.0,0.0,0.0,10,2.3978952727983707,0,90.0,0.0,0.0,0.0,50.0,90.0
U_22758069,C_737592,116,112,96.55,72.5,72.5,27.500000000000004,0.0,0.0,40,3.713572066704308,0,57.49999999999999,15.0,27.500000000000004,0.0,96.55,72.5
U_22766396,C_737592,62,29,46.77,92.3076923076923,92.3076923076923,0.0,0.0,3.8461538461538463,26,3.295836866004329,0,92.3076923076923,0.0,0.0,0.0,46.77,92.3076923076923
U_22773294,C_746997,25,18,72.0,100.0,100.0,0.0,0.0,0.0,5,1.791759469228055,0,60.0,40.0,0.0,0.0,72.0,100.0
U_22773294,C_799800,38,30,78.95,100.0,100.0,0.0,0.0,0.0,5,1.791759469228055,0,60.0,40.0,0.0,0.0,78.95,100.0
U_22774095,C_801443,505,454,89.9,0.0,0.0,0.0,0.0,0.0,1,0.6931471805599453,0,0.0,0.0,0.0,0.0,89.9,0.0
U_22792606,C_746997,13,6,46.15,100.0,100.0,0.0,0.0,0.0,2,1.0986122886681098,0,100.0,0.0,0.0,0.0,46.15,100.0
U_22794099,C_674920,20,11,55.0,100.0,100.0,0.0,0.0,0.0,1,0.6931471805599453,0,100.0,0.0,0.0,0.0,55.0,100.0
U_22804744,C_1017355,35,22,62.86,0.0,0.0,25.0,0.0,75.0,4,1.6094379124341005,0,0.0,0.0,25.0,0.0,62.86,0.0
U_22827489,C_735239,14,8,57.14,0.0,0.0,100.0,0.0,0.0,1,0.6931471805599453,0,0.0,0.0,100.0,0.0,57.14,0.0
U_22833915,C_1761386,47,27,57.45,50.0,50.0,50.0,0.0,0.0,4,1.6094379124341005,0,50.0,0.0,50.0,0.0,57.45,50.0
U_22839362,C_735214,21,8,38.1,100.0,100.0,0.0,0.0,0.0,3,1.3862943611198906,0,100.0,0.0,0.0,0.0,38.1,100.0
U_22839362,C_1017355,35,25,71.43,100.0,100.0,0.0,0.0,0.0,3,1.3862943611198906,0,100.0,0.0,0.0,0.0,71.43,100.0
U_22840128,C_823315,47,38,80.85,0.0,0.0,100.0,0.0,0.0,1,0.6931471805599453,0,0.0,0.0,100.0,0.0,80.85,0.0
U_22870080,C_943223,31,17,54.84,100.0,100.0,0.0,0.0,0.0,4,1.6094379124341005,0,100.0,0.0,0.0,0.0,54.84,100.0
U_22891992,C_737592,34,29,85.29,100.0,100.0,0.0,0.0,0.0,1,0.6931471805599453,0,100.0,0.0,0.0,0.0,85.29,100.0
U_22892052,C_947252,66,18,27.27,100.0,100.0,0.0,0.0,0.0,3,1.3862943611198906,0,100.0,0.0,0.0,0.0,27.27,100.0
U_22947967,C_737592,82,79,96.34,100.0,100.0,0.0,0.0,0.0,1,0.6931471805599453,0,100.0,0.0,0.0,0.0,96.34,100.0
U_23124440,C_737592,116,88,75.86,0.0,0.0,0.0,0.0,100.0,1,0.6931471805599453,0,0.0,0.0,0.0,0.0,75.86,0.0
U_23125885,C_737592,116,61,52.59,0.0,0.0,100.0,0.0,0.0,1,0.6931471805599453,0,0.0,0.0,100.0,0.0,52.59,0.0
U_23135099,C_737592,116,73,62.93,100.0,0.0,0.0,100.0,0.0,2,1.0986122886681098,0,0.0,0.0,0.0,100.0,62.93,100.0
U_23137231,C_737592,116,115,99.14,50.0,50.0,50.0,0.0,0.0,2,1.0986122886681098,0,0.0,50.0,50.0,0.0,99.14,50.0
U_2314141,C_747056,99,56,56.57,100.0,100.0,0.0,0.0,0.0,2,1.0986122886681098,0,100.0,0.0,0.0,0.0,56.57,100.0
U_23166472,C_737592,116,110,94.83,100.0,100.0,0.0,0.0,0.0,3,1.3862943611198906,0,100.0,0.0,0.0,0.0,94.83,100.0
U_23190564,C_737592,116,112,96.55,100.0,100.0,0.0,0.0,0.0,3,1.3862943611198906,0,100.0,0.0,0.0,0.0,96.55,100.0
U_23237390,C_737592,116,114,98.28,100.0,100.0,0.0,0.0,0.0,4,1.6094379124341005,0,100.0,0.0,0.0,0.0,98.28,100.0
U_23237623,C_737592,116,63,54.31,80.0,20.0,20.0,60.0,0.0,5,1.791759469228055,0,20.0,0.0,20.0,60.0,54.31,80.0
U_23237629,C_737592,116,85,73.28,60.0,60.0,40.0,0.0,0.0,5,1.791759469228055,0,60.0,0.0,40.0,0.0,73.28,60.0
U_23240551,C_737592,116,105,90.52,100.0,100.0,0.0,0.0,0.0,2,1.0986122886681098,0,100.0,0.0,0.0,0.0,90.52,100.0
U_23241556,C_737592,116,115,99.14,100.0,100.0,0.0,0.0,0.0,2,1.0986122886681098,0,100.0,0.0,0.0,0.0,99.14,100.0
U_23242331,C_737592,116,70,60.34,0.0,0.0,100.0,0.0,0.0,2,1.0986122886681098,0,0.0,0.0,100.0,0.0,60.34,0.0
U_23247950,C_737592,116,114,98.28,100.0,100.0,0.0,0.0,0.0,2,1.0986122886681098,0,100.0,0.0,0.0,0.0,98.28,100.0
U_23261362,C_737592,116,116,100.0,100.0,0.0,0.0,100.0,0.0,1,0.6931471805599453,0,0.0,0.0,0.0,100.0,100.0,100.0
U_23349924,C_696596,60,27,45.0,66.66666666666666,66.66666666666666,33.33333333333333,0.0,0.0,3,1.3862943611198906,0,66.66666666666666,0.0,33.33333333333333,0.0,45.0,66.66666666666666
U_23380409,C_735214,17,9,52.94,0.0,0.0,100.0,0.0,0.0,2,1.0986122886681098,0,0.0,0.0,100.0,0.0,52.94,0.0
U_23390143,C_737592,22,22,100.0,100.0,0.0,0.0,100.0,0.0,1,0.6931471805599453,0,0.0,0.0,0.0,100.0,100.0,100.0
U_23433651,C_674920,10,7,70.0,100.0,100.0,0.0,0.0,0.0,1,0.6931471805599453,0,100.0,0.0,0.0,0.0,70.0,100.0
U_23454270,C_845950,10,6,60.0,100.0,100.0,0.0,0.0,0.0,2,1.0986122886681098,0,100.0,0.0,0.0,0.0,60.0,100.0
U_23530638,C_808528,80,77,96.25,100.0,100.0,0.0,0.0,0.0,3,1.3862943611198906,0,100.0,0.0,0.0,0.0,96.25,100.0
U_23579160,C_674920,90,88,97.78,100.0,100.0,0.0,0.0,0.0,1,0.6931471805599453,0,100.0,0.0,0.0,0.0,97.78,100.0
U_23581123,C_948395,60,58,96.67,100.0,100.0,0.0,0.0,0.0,11,2.4849066497880004,0,72.72727272727273,27.27272727272727,0.0,0.0,96.67,100.0
U_23621312,C_735214,38,29,76.32,0.0,0.0,70.0,0.0,30.0,10,2.3978952727983707,0,0.0,0.0,70.0,0.0,76.32,0.0
U_23634723,C_737592,116,109,93.97,33.33333333333333,33.33333333333333,66.66666666666666,0.0,0.0,3,1.3862943611198906,0,0.0,33.33333333333333,66.66666666666666,0.0,93.97,33.33333333333333
U_23874848,C_1738993,11,6,54.55,50.0,0.0,50.0,50.0,0.0,2,1.0986122886681098,0,0.0,0.0,50.0,50.0,54.55,50.0
U_23902304,C_735175,8,7,87.5,100.0,100.0,0.0,0.0,0.0,11,2.4849066497880004,0,100.0,0.0,0.0,0.0,87.5,100.0
U_23975820,C_737592,34,29,85.29,100.0,100.0,0.0,0.0,0.0,2,1.0986122886681098,0,100.0,0.0,0.0,0.0,85.29,100.0
U_24067,C_1646044,21,18,85.71,70.0,70.0,30.0,0.0,0.0,10,2.3978952727983707,0,40.0,30.0,30.0,0.0,85.71,70.0
U_24138042,C_788547,6,4,66.67,75.0,75.0,25.0,0.0,0.0,4,1.6094379124341005,0,75.0,0.0,25.0,0.0,66.67,75.0
U_24145778,C_749807,30,28,93.33,100.0,0.0,0.0,100.0,0.0,1,0.6931471805599453,0,0.0,0.0,0.0,100.0,93.33,100.0
U_24147638,C_2059302,14,6,42.86,50.0,50.0,25.0,0.0,25.0,4,1.6094379124341005,0,0.0,50.0,25.0,0.0,42.86,50.0
U_24157571,C_674920,120,119,99.17,100.0,100.0,0.0,0.0,0.0,1,0.6931471805599453,0,100.0,0.0,0.0,0.0,99.17,100.0
U_2459416,C_674920,40,29,72.5,50.0,50.0,50.0,0.0,0.0,2,1.0986122886681098,0,0.0,50.0,50.0,0.0,72.5,50.0
U_24645822,C_1738993,9,6,66.67,100.0,100.0,0.0,0.0,0.0,1,0.6931471805599453,0,0.0,100.0,0.0,0.0,66.67,100.0
U_24670284,C_2189666,11,7,63.64,100.0,100.0,0.0,0.0,0.0,2,1.0986122886681098,0,100.0,0.0,0.0,0.0,63.64,100.0
U_24676580,C_1797904,80,62,77.5,18.51851851851852,14.814814814814811,22.22222222222222,3.7037037037037033,51.85185185185185,27,3.332204510175204,0,0.0,14.814814814814811,22.22222222222222,3.7037037037037033,77.5,18.51851851851852
U_24685664,C_1738818,16,9,56.25,33.33333333333333,0.0,33.33333333333333,33.33333333333333,0.0,3,1.3862943611198906,0,0.0,0.0,33.33333333333333,33.33333333333333,56.25,33.33333333333333
U_24693126,C_737592,116,113,97.41,50.0,50.0,25.0,0.0,0.0,4,1.6094379124341005,0,0.0,50.0,25.0,0.0,97.41,50.0
U_24693175,C_2059302,29,20,68.97,83.33333333333334,83.33333333333334,16.666666666666664,0.0,0.0,6,1.9459101490553132,0,83.33333333333334,0.0,16.666666666666664,0.0,68.97,83.33333333333334
U_24718787,C_674920,10,4,40.0,100.0,100.0,0.0,0.0,0.0,1,0.6931471805599453,0,100.0,0.0,0.0,0.0,40.0,100.0
U_24720424,C_674920,80,66,82.5,100.0,100.0,0.0,0.0,0.0,1,0.6931471805599453,0,100.0,0.0,0.0,0.0,82.5,100.0
U_24854895,C_737592,116,114,98.28,100.0,100.0,0.0,0.0,0.0,2,1.0986122886681098,0,100.0,0.0,0.0,0.0,98.28,100.0
U_2495946,C_947149,55,52,94.55,100.0,100.0,0.0,0.0,0.0,1,0.6931471805599453,0,100.0,0.0,0.0,0.0,94.55,100.0
U_25004920,C_696951,6,4,66.67,0.0,0.0,100.0,0.0,0.0,1,0.6931471805599453,0,0.0,0.0,100.0,0.0,66.67,0.0
U_25051266,C_674920,120,101,84.17,0.0,0.0,100.0,0.0,0.0,1,0.6931471805599453,0,0.0,0.0,100.0,0.0,84.17,0.0
U_25051266,C_676646,36,34,94.44,0.0,0.0,100.0,0.0,0.0,1,0.6931471805599453,0,0.0,0.0,100.0,0.0,94.44,0.0
U_25057805,C_737592,116,113,97.41,100.0,100.0,0.0,0.0,0.0,1,0.6931471805599453,0,100.0,0.0,0.0,0.0,97.41,100.0
U_25240049,C_737592,116,111,95.69,100.0,100.0,0.0,0.0,0.0,1,0.6931471805599453,0,100.0,0.0,0.0,0.0,95.69,100.0
U_25255845,C_680992,21,17,80.95,0.0,0.0,100.0,0.0,0.0,1,0.6931471805599453,0,0.0,0.0,100.0,0.0,80.95,0.0
U_25261375,C_680992,31,26,83.87,0.0,0.0,33.33333333333333,0.0,66.66666666666666,3,1.3862943611198906,0,0.0,0.0,33.33333333333333,0.0,83.87,0.0
U_25280946,C_696628,26,13,50.0,33.33333333333333,0.0,66.66666666666666,33.33333333333333,0.0,3,1.3862943611198906,0,0.0,0.0,66.66666666666666,33.33333333333333,50.0,33.33333333333333
U_25306917,C_737592,116,106,91.38,100.0,100.0,0.0,0.0,0.0,3,1.3862943611198906,0,100.0,0.0,0.0,0.0,91.38,100.0
U_25309443,C_737592,18,9,50.0,95.83333333333334,95.83333333333334,0.0,0.0,4.166666666666666,24,3.218875824868201,0,95.83333333333334,0.0,0.0,0.0,50.0,95.83333333333334
U_25325014,C_680992,26,22,84.62,0.0,0.0,100.0,0.0,0.0,1,0.6931471805599453,0,0.0,0.0,100.0,0.0,84.62,0.0
U_25327954,C_746997,8,4,50.0,100.0,100.0,0.0,0.0,0.0,1,0.6931471805599453,0,100.0,0.0,0.0,0.0,50.0,100.0
U_25704928,C_737592,116,63,54.31,100.0,100.0,0.0,0.0,0.0,1,0.6931471805599453,0,100.0,0.0,0.0,0.0,54.31,100.0
U_25705025,C_737592,116,66,56.9,100.0,100.0,0.0,0.0,0.0,1,0.6931471805599453,0,100.0,0.0,0.0,0.0,56.9,100.0
U_25717592,C_947244,133,128,96.24,37.5,37.5,62.5,0.0,0.0,8,2.1972245773362196,0,25.0,12.5,62.5,0.0,96.24,37.5
U_25732514,C_734011,54,13,24.07,100.0,100.0,0.0,0.0,0.0,2,1.0986122886681098,0,100.0,0.0,0.0,0.0,24.07,100.0
U_2574367,C_1822804,225,218,96.89,0.0,0.0,100.0,0.0,0.0,4,1.6094379124341005,0,0.0,0.0,100.0,0.0,96.89,0.0
U_25867062,C_737592,116,83,71.55,44.44444444444444,44.44444444444444,55.55555555555556,0.0,0.0,9,2.302585092994046,0,0.0,44.44444444444444,55.55555555555556,0.0,71.55,44.44444444444444
U_25886730,C_746997,11,6,54.55,100.0,100.0,0.0,0.0,0.0,1,0.6931471805599453,0,100.0,0.0,0.0,0.0,54.55,100.0
U_25898114,C_746997,21,10,47.62,50.0,50.0,33.33333333333333,0.0,0.0,6,1.9459101490553132,0,50.0,0.0,33.33333333333333,0.0,47.62,50.0
U_25938666,C_823300,168,122,72.62,100.0,0.0,0.0,100.0,0.0,2,1.0986122886681098,0,0.0,0.0,0.0,100.0,72.62,100.0
U_26075232,C_735342,414,299,72.22,100.0,100.0,0.0,0.0,0.0,2,1.0986122886681098,0,100.0,0.0,0.0,0.0,72.22,100.0
U_260765,C_1776316,15,8,53.33,100.0,100.0,0.0,0.0,0.0,1,0.6931471805599453,0,100.0,0.0,0.0,0.0,53.33,100.0
U_26103302,C_746997,37,34,91.89,100.0,100.0,0.0,0.0,0.0,2,1.0986122886681098,0,100.0,0.0,0.0,0.0,91.89,100.0
U_2619248,C_746997,9,7,77.78,100.0,100.0,0.0,0.0,0.0,1,0.6931471805599453,0,100.0,0.0,0.0,0.0,77.78,100.0
U_26305091,C_746997,43,26,60.47,100.0,100.0,0.0,0.0,0.0,1,0.6931471805599453,0,100.0,0.0,0.0,0.0,60.47,100.0
U_26307515,C_746997,26,16,61.54,100.0,100.0,0.0,0.0,0.0,1,0.6931471805599453,0,100.0,0.0,0.0,0.0,61.54,100.0
U_26312977,C_746997,125,100,80.0,100.0,100.0,0.0,0.0,0.0,1,0.6931471805599453,0,100.0,0.0,0.0,0.0,80.0,100.0
U_26314492,C_746997,380,282,74.21,100.0,100.0,0.0,0.0,0.0,1,0.6931471805599453,0,100.0,0.0,0.0,0.0,74.21,100.0
U_26320318,C_737592,116,112,96.55,100.0,100.0,0.0,0.0,0.0,1,0.6931471805599453,0,100.0,0.0,0.0,0.0,96.55,100.0
U_26322332,C_746997,430,315,73.26,0.0,0.0,100.0,0.0,0.0,2,1.0986122886681098,0,0.0,0.0,100.0,0.0,73.26,0.0
U_26325021,C_746997,389,258,66.32,100.0,100.0,0.0,0.0,0.0,3,1.3862943611198906,0,66.66666666666666,33.33333333333333,0.0,0.0,66.32,100.0
U_26327559,C_746997,118,72,61.02,0.0,0.0,100.0,0.0,0.0,1,0.6931471805599453,0,0.0,0.0,100.0,0.0,61.02,0.0
U_26333702,C_746997,130,81,62.31,28.57142857142857,28.57142857142857,71.42857142857143,0.0,0.0,7,2.0794415416798357,0,28.57142857142857,0.0,71.42857142857143,0.0,62.31,28.57142857142857
U_26336357,C_949542,162,131,80.86,100.0,100.0,0.0,0.0,0.0,3,1.3862943611198906,0,100.0,0.0,0.0,0.0,80.86,100.0
U_26336505,C_746997,282,217,76.95,100.0,100.0,0.0,0.0,0.0,1,0.6931471805599453,0,100.0,0.0,0.0,0.0,76.95,100.0
U_26336505,C_782555,17,15,88.24,100.0,100.0,0.0,0.0,0.0,1,0.6931471805599453,0,100.0,0.0,0.0,0.0,88.24,100.0
U_26337528,C_746997,81,54,66.67,100.0,100.0,0.0,0.0,0.0,1,0.6931471805599453,0,100.0,0.0,0.0,0.0,66.67,100.0
U_26341043,C_746997,74,51,68.92,100.0,100.0,0.0,0.0,0.0,2,1.0986122886681098,0,100.0,0.0,0.0,0.0,68.92,100.0
U_26348119,C_746997,126,88,69.84,100.0,100.0,0.0,0.0,0.0,1,0.6931471805599453,0,100.0,0.0,0.0,0.0,69.84,100.0
U_26353378,C_948241,7,4,57.14,33.33333333333333,33.33333333333333,66.66666666666666,0.0,0.0,3,1.3862943611198906,0,33.33333333333333,0.0,66.66666666666666,0.0,57.14,33.33333333333333
U_26354537,C_674971,26,19,73.08,100.0,100.0,0.0,0.0,0.0,5,1.791759469228055,0,80.0,20.0,0.0,0.0,73.08,100.0
U_26368456,C_746997,55,35,63.64,20.0,20.0,60.0,0.0,20.0,5,1.791759469228055,0,20.0,0.0,60.0,0.0,63.64,20.0
U_26416689,C_737592,116,112,96.55,50.0,50.0,37.5,0.0,0.0,8,2.1972245773362196,0,37.5,12.5,37.5,0.0,96.55,50.0
U_26588298,C_676635,30,23,76.67,100.0,100.0,0.0,0.0,0.0,1,0.6931471805599453,0,100.0,0.0,0.0,0.0,76.67,100.0
U_26638392,C_707083,8,7,87.5,100.0,100.0,0.0,0.0,0.0,7,2.0794415416798357,0,100.0,0.0,0.0,0.0,87.5,100.0
U_26664139,C_922854,58,49,84.48,100.0,100.0,0.0,0.0,0.0,1,0.6931471805599453,0,100.0,0.0,0.0,0.0,84.48,100.0
U_26665731,C_1829954,75,74,98.67,40.0,40.0,60.0,0.0,0.0,5,1.791759469228055,0,40.0,0.0,60.0,0.0,98.67,40.0
U_26667190,C_737592,112,111,99.11,0.0,0.0,100.0,0.0,0.0,1,0.6931471805599453,0,0.0,0.0,100.0,0.0,99.11,0.0
U_266885,C_799791,11,6,54.55,100.0,100.0,0.0,0.0,0.0,1,0.6931471805599453,0,100.0,0.0,0.0,0.0,54.55,100.0
U_26690966,C_1886696,20,20,100.0,100.0,100.0,0.0,0.0,0.0,1,0.6931471805599453,0,0.0,100.0,0.0,0.0,100.0,100.0
U_26730804,C_737592,116,103,88.79,100.0,100.0,0.0,0.0,0.0,1,0.6931471805599453,0,100.0,0.0,0.0,0.0,88.79,100.0
U_26953613,C_747056,18,8,44.44,100.0,100.0,0.0,0.0,0.0,2,1.0986122886681098,0,100.0,0.0,0.0,0.0,44.44,100.0
U_26994505,C_799800,5,5,100.0,100.0,100.0,0.0,0.0,0.0,1,0.6931471805599453,0,100.0,0.0,0.0,0.0,100.0,100.0
U_27110193,C_707035,106,94,88.68,100.0,100.0,0.0,0.0,0.0,1,0.6931471805599453,0,100.0,0.0,0.0,0.0,88.68,100.0
U_27168036,C_799800,5,5,100.0,66.66666666666666,66.66666666666666,33.33333333333333,0.0,0.0,6,1.9459101490553132,0,66.66666666666666,0.0,33.33333333333333,0.0,100.0,66.66666666666666
U_27245121,C_734011,55,8,14.55,100.0,100.0,0.0,0.0,0.0,1,0.6931471805599453,0,100.0,0.0,0.0,0.0,14.55,100.0
U_2727050,C_746997,8,7,87.5,100.0,100.0,0.0,0.0,0.0,4,1.6094379124341005,0,100.0,0.0,0.0,0.0,87.5,100.0
U_27358761,C_746997,38,33,86.84,0.0,0.0,100.0,0.0,0.0,1,0.6931471805599453,0,0.0,0.0,100.0,0.0,86.84,0.0
U_27369973,C_947152,6,3,50.0,0.0,0.0,100.0,0.0,0.0,2,1.0986122886681098,0,0.0,0.0,100.0,0.0,50.0,0.0
U_27385117,C_735214,29,13,44.83,0.0,0.0,50.0,0.0,50.0,2,1.0986122886681098,0,0.0,0.0,50.0,0.0,44.83,0.0
U_27397042,C_674971,32,24,75.0,100.0,100.0,0.0,0.0,0.0,1,0.6931471805599453,0,100.0,0.0,0.0,0.0,75.0,100.0
U_27405206,C_746997,20,15,75.0,100.0,100.0,0.0,0.0,0.0,1,0.6931471805599453,0,100.0,0.0,0.0,0.0,75.0,100.0
U_27410626,C_947252,115,66,57.39,0.0,0.0,100.0,0.0,0.0,2,1.0986122886681098,0,0.0,0.0,100.0,0.0,57.39,0.0
U_27449713,C_737592,112,111,99.11,0.0,0.0,50.0,0.0,50.0,2,1.0986122886681098,0,0.0,0.0,50.0,0.0,99.11,0.0
U_27520151,C_2053613,18,18,100.0,100.0,100.0,0.0,0.0,0.0,6,1.9459101490553132,0,100.0,0.0,0.0,0.0,100.0,100.0
U_27526952,C_674920,30,22,73.33,100.0,100.0,0.0,0.0,0.0,1,0.6931471805599453,0,100.0,0.0,0.0,0.0,73.33,100.0
U_27573017,C_746997,12,9,75.0,100.0,100.0,0.0,0.0,0.0,1,0.6931471805599453,0,100.0,0.0,0.0,0.0,75.0,100.0
U_2765558,C_746997,30,22,73.33,8.47457627118644,8.47457627118644,20.33898305084746,0.0,71.1864406779661,59,4.0943445622221,0,3.389830508474576,5.084745762711865,20.33898305084746,0.0,73.33,8.47457627118644
U_27711706,C_747056,13,11,84.62,66.66666666666666,66.66666666666666,33.33333333333333,0.0,0.0,6,1.9459101490553132,0,33.33333333333333,33.33333333333333,33.33333333333333,0.0,84.62,66.66666666666666
U_27758405,C_746997,11,9,81.82,100.0,100.0,0.0,0.0,0.0,1,0.6931471805599453,0,100.0,0.0,0.0,0.0,81.82,100.0
U_27790929,C_674920,10,6,60.0,100.0,100.0,0.0,0.0,0.0,1,0.6931471805599453,0,100.0,0.0,0.0,0.0,60.0,100.0
U_27870997,C_758928,35,20,57.14,100.0,100.0,0.0,0.0,0.0,6,1.9459101490553132,0,83.33333333333334,16.666666666666664,0.0,0.0,57.14,100.0
U_27912910,C_883372,5,4,80.0,35.55555555555556,24.444444444444443,57.77777777777777,11.11111111111111,6.666666666666667,45,3.828641396489095,0,0.0,24.444444444444443,57.77777777777777,11.11111111111111,80.0,35.55555555555556
U_27990557,C_746997,16,10,62.5,0.0,0.0,100.0,0.0,0.0,3,1.3862943611198906,0,0.0,0.0,100.0,0.0,62.5,0.0
U_28059023,C_854854,244,220,90.16,100.0,100.0,0.0,0.0,0.0,1,0.6931471805599453,0,100.0,0.0,0.0,0.0,90.16,100.0
U_28086253,C_707035,19,11,57.89,100.0,100.0,0.0,0.0,0.0,1,0.6931471805599453,0,100.0,0.0,0.0,0.0,57.89,100.0
U_28093973,C_676635,10,8,80.0,0.0,0.0,100.0,0.0,0.0,1,0.6931471805599453,0,0.0,0.0,100.0,0.0,80.0,0.0
U_28107632,C_754135,84,28,33.33,0.0,0.0,100.0,0.0,0.0,2,1.0986122886681098,0,0.0,0.0,100.0,0.0,33.33,0.0
U_28110526,C_697577,5,4,80.0,100.0,100.0,0.0,0.0,0.0,3,1.3862943611198906,0,100.0,0.0,0.0,0.0,80.0,100.0
U_28112176,C_707035,24,18,75.0,0.0,0.0,100.0,0.0,0.0,1,0.6931471805599453,0,0.0,0.0,100.0,0.0,75.0,0.0
U_28131320,C_1903985,20,6,30.0,0.0,0.0,0.0,0.0,100.0,1,0.6931471805599453,0,0.0,0.0,0.0,0.0,30.0,0.0
U_28132763,C_674920,10,5,50.0,100.0,100.0,0.0,0.0,0.0,3,1.3862943611198906,0,100.0,0.0,0.0,0.0,50.0,100.0
U_28151153,C_879069,14,7,50.0,100.0,100.0,0.0,0.0,0.0,5,1.791759469228055,0,100.0,0.0,0.0,0.0,50.0,100.0
U_28151153,C_845950,56,48,85.71,100.0,100.0,0.0,0.0,0.0,5,1.791759469228055,0,100.0,0.0,0.0,0.0,85.71,100.0
U_28157062,C_674920,80,29,36.25,0.0,0.0,66.66666666666666,0.0,0.0,3,1.3862943611198906,0,0.0,0.0,66.66666666666666,0.0,36.25,0.0
U_28161777,C_682486,19,14,73.68,76.92307692307693,69.23076923076923,23.076923076923077,7.6923076923076925,0.0,13,2.6390573296152584,0,61.53846153846154,7.6923076923076925,23.076923076923077,7.6923076923076925,73.68,76.92307692307693
U_28175059,C_1756070,5,3,60.0,100.0,100.0,0.0,0.0,0.0,1,0.6931471805599453,0,100.0,0.0,0.0,0.0,60.0,100.0
U_28178824,C_927963,153,65,42.48,100.0,100.0,0.0,0.0,0.0,1,0.6931471805599453,0,100.0,0.0,0.0,0.0,42.48,100.0
U_28331905,C_1765606,110,73,66.36,100.0,100.0,0.0,0.0,0.0,7,2.0794415416798357,0,85.71428571428571,14.285714285714285,0.0,0.0,66.36,100.0
U_28331905,C_1771168,5,5,100.0,100.0,100.0,0.0,0.0,0.0,7,2.0794415416798357,0,85.71428571428571,14.285714285714285,0.0,0.0,100.0,100.0
U_28337223,C_737592,22,13,59.09,100.0,0.0,0.0,100.0,0.0,1,0.6931471805599453,0,0.0,0.0,0.0,100.0,59.09,100.0
U_28342221,C_947165,7,6,85.71,12.5,0.0,87.5,12.5,0.0,8,2.1972245773362196,0,0.0,0.0,87.5,12.5,85.71,12.5
U_28343433,C_1750851,19,9,47.37,100.0,100.0,0.0,0.0,0.0,1,0.6931471805599453,0,100.0,0.0,0.0,0.0,47.37,100.0
U_28343433,C_1767521,99,69,69.7,100.0,100.0,0.0,0.0,0.0,1,0.6931471805599453,0,100.0,0.0,0.0,0.0,69.7,100.0
U_28343433,C_697429,15,13,86.67,100.0,100.0,0.0,0.0,0.0,1,0.6931471805599453,0,100.0,0.0,0.0,0.0,86.67,100.0
U_28362365,C_674920,120,96,80.0,100.0,100.0,0.0,0.0,0.0,2,1.0986122886681098,0,100.0,0.0,0.0,0.0,80.0,100.0
U_28386457,C_674920,10,5,50.0,100.0,100.0,0.0,0.0,0.0,3,1.3862943611198906,0,66.66666666666666,33.33333333333333,0.0,0.0,50.0,100.0
U_28400658,C_799800,27,20,74.07,100.0,100.0,0.0,0.0,0.0,15,2.772588722239781,0,100.0,0.0,0.0,0.0,74.07,100.0
U_28411571,C_707456,145,107,73.79,0.0,0.0,100.0,0.0,0.0,1,0.6931471805599453,0,0.0,0.0,100.0,0.0,73.79,0.0
U_28420688,C_1756069,44,37,84.09,100.0,100.0,0.0,0.0,0.0,7,2.0794415416798357,0,71.42857142857143,28.57142857142857,0.0,0.0,84.09,100.0
U_28437955,C_1738993,10,7,70.0,100.0,100.0,0.0,0.0,0.0,6,1.9459101490553132,0,83.33333333333334,16.666666666666664,0.0,0.0,70.0,100.0
U_284675,C_735241,23,13,56.52,80.0,80.0,20.0,0.0,0.0,5,1.791759469228055,0,20.0,60.0,20.0,0.0,56.52,80.0
U_28478742,C_845950,125,73,58.4,100.0,100.0,0.0,0.0,0.0,3,1.3862943611198906,0,100.0,0.0,0.0,0.0,58.4,100.0
U_28478742,C_746997,536,420,78.36,100.0,100.0,0.0,0.0,0.0,3,1.3862943611198906,0,100.0,0.0,0.0,0.0,78.36,100.0
U_28478742,C_782555,16,6,37.5,100.0,100.0,0.0,0.0,0.0,3,1.3862943611198906,0,100.0,0.0,0.0,0.0,37.5,100.0
U_28491005,C_674920,10,6,60.0,20.0,20.0,40.0,0.0,40.0,5,1.791759469228055,0,20.0,0.0,40.0,0.0,60.0,20.0
U_28529258,C_674920,20,15,75.0,66.66666666666666,66.66666666666666,33.33333333333333,0.0,0.0,3,1.3862943611198906,0,66.66666666666666,0.0,33.33333333333333,0.0,75.0,66.66666666666666
U_28557938,C_674920,40,27,67.5,100.0,100.0,0.0,0.0,0.0,1,0.6931471805599453,0,100.0,0.0,0.0,0.0,67.5,100.0
U_28561562,C_801420,5,0,0.0,100.0,100.0,0.0,0.0,0.0,4,1.6094379124341005,0,75.0,25.0,0.0,0.0,0.0,100.0
U_28583006,C_746997,14,12,85.71,66.66666666666666,33.33333333333333,0.0,33.33333333333333,33.33333333333333,3,1.3862943611198906,0,0.0,33.33333333333333,0.0,33.33333333333333,85.71,66.66666666666666
U_28583269,C_1822804,225,225,100.0,0.0,0.0,100.0,0.0,0.0,1,0.6931471805599453,0,0.0,0.0,100.0,0.0,100.0,0.0
U_28614637,C_735342,60,47,78.33,45.45454545454545,22.727272727272727,54.54545454545454,22.727272727272727,0.0,22,3.1354942159291497,0,13.636363636363637,9.090909090909092,54.54545454545454,22.727272727272727,78.33,45.45454545454545
U_28637172,C_735239,22,16,72.73,71.42857142857143,71.42857142857143,28.57142857142857,0.0,0.0,7,2.0794415416798357,0,71.42857142857143,0.0,28.57142857142857,0.0,72.73,71.42857142857143
U_28638424,C_680992,20,16,80.0,100.0,100.0,0.0,0.0,0.0,2,1.0986122886681098,0,100.0,0.0,0.0,0.0,80.0,100.0
U_28638605,C_681744,24,24,100.0,100.0,100.0,0.0,0.0,0.0,5,1.791759469228055,0,100.0,0.0,0.0,0.0,100.0,100.0
U_28657090,C_947244,133,128,96.24,100.0,100.0,0.0,0.0,0.0,1,0.6931471805599453,0,0.0,100.0,0.0,0.0,96.24,100.0
U_28670467,C_1755909,6,5,83.33,100.0,100.0,0.0,0.0,0.0,2,1.0986122886681098,0,100.0,0.0,0.0,0.0,83.33,100.0
U_28670922,C_735241,15,11,73.33,100.0,100.0,0.0,0.0,0.0,1,0.6931471805599453,0,100.0,0.0,0.0,0.0,73.33,100.0
U_28714551,C_735357,24,16,66.67,75.0,75.0,25.0,0.0,0.0,4,1.6094379124341005,0,0.0,75.0,25.0,0.0,66.67,75.0
U_28714551,C_756636,56,45,80.36,75.0,75.0,25.0,0.0,0.0,4,1.6094379124341005,0,0.0,75.0,25.0,0.0,80.36,75.0
U_28746775,C_1724279,15,11,73.33,80.0,50.0,20.0,30.0,0.0,10,2.3978952727983707,0,40.0,10.0,20.0,30.0,73.33,80.0
U_28779148,C_681460,8,5,62.5,83.33333333333334,83.33333333333334,0.0,0.0,0.0,6,1.9459101490553132,0,83.33333333333334,0.0,0.0,0.0,62.5,83.33333333333334
U_28781380,C_681683,5,4,80.0,0.0,0.0,77.77777777777779,0.0,19.444444444444446,36,3.610917912644224,0,0.0,0.0,77.77777777777779,0.0,80.0,0.0
U_2878246,C_1552662,100,68,68.0,0.0,0.0,100.0,0.0,0.0,1,0.6931471805599453,0,0.0,0.0,100.0,0.0,68.0,0.0
U_2878246,C_1764865,6,2,33.33,0.0,0.0,100.0,0.0,0.0,1,0.6931471805599453,0,0.0,0.0,100.0,0.0,33.33,0.0
U_28790302,C_746997,134,110,82.09,33.33333333333333,0.0,66.66666666666666,33.33333333333333,0.0,3,1.3862943611198906,0,0.0,0.0,66.66666666666666,33.33333333333333,82.09,33.33333333333333
U_28791303,C_1714448,79,53,67.09,0.0,0.0,100.0,0.0,0.0,2,1.0986122886681098,0,0.0,0.0,100.0,0.0,67.09,0.0
U_28873803,C_680747,19,9,47.37,100.0,100.0,0.0,0.0,0.0,1,0.6931471805599453,0,100.0,0.0,0.0,0.0,47.37,100.0
U_28875653,C_1738993,26,14,53.85,100.0,100.0,0.0,0.0,0.0,1,0.6931471805599453,0,100.0,0.0,0.0,0.0,53.85,100.0
U_28898952,C_769273,7,7,100.0,0.0,0.0,100.0,0.0,0.0,1,0.6931471805599453,0,0.0,0.0,100.0,0.0,100.0,0.0
U_28920347,C_1918338,19,16,84.21,100.0,100.0,0.0,0.0,0.0,4,1.6094379124341005,0,100.0,0.0,0.0,0.0,84.21,100.0
U_28934310,C_680979,39,9,23.08,50.0,50.0,50.0,0.0,0.0,4,1.6094379124341005,0,25.0,25.0,50.0,0.0,23.08,50.0
U_28934310,C_786631,139,59,42.45,50.0,50.0,50.0,0.0,0.0,4,1.6094379124341005,0,25.0,25.0,50.0,0.0,42.45,50.0
U_28934310,C_680819,74,39,52.7,50.0,50.0,50.0,0.0,0.0,4,1.6094379124341005,0,25.0,25.0,50.0,0.0,52.7,50.0
U_28934310,C_947250,84,22,26.19,50.0,50.0,50.0,0.0,0.0,4,1.6094379124341005,0,25.0,25.0,50.0,0.0,26.19,50.0
U_28934310,C_948101,151,74,49.01,50.0,50.0,50.0,0.0,0.0,4,1.6094379124341005,0,25.0,25.0,50.0,0.0,49.01,50.0
U_28934310,C_948137,67,16,23.88,50.0,50.0,50.0,0.0,0.0,4,1.6094379124341005,0,25.0,25.0,50.0,0.0,23.88,50.0
U_28934310,C_948241,20,6,30.0,50.0,50.0,50.0,0.0,0.0,4,1.6094379124341005,0,25.0,25.0,50.0,0.0,30.0,50.0
U_28934310,C_948114,95,20,21.05,50.0,50.0,50.0,0.0,0.0,4,1.6094379124341005,0,25.0,25.0,50.0,0.0,21.05,50.0
U_28934310,C_1410126,38,15,39.47,50.0,50.0,50.0,0.0,0.0,4,1.6094379124341005,0,25.0,25.0,50.0,0.0,39.47,50.0
U_28934310,C_948431,45,15,33.33,50.0,50.0,50.0,0.0,0.0,4,1.6094379124341005,0,25.0,25.0,50.0,0.0,33.33,50.0
U_28934310,C_948103,90,26,28.89,50.0,50.0,50.0,0.0,0.0,4,1.6094379124341005,0,25.0,25.0,50.0,0.0,28.89,50.0
U_28934310,C_1797904,80,17,21.25,50.0,50.0,50.0,0.0,0.0,4,1.6094379124341005,0,25.0,25.0,50.0,0.0,21.25,50.0
U_28934310,C_1824924,15,8,53.33,50.0,50.0,50.0,0.0,0.0,4,1.6094379124341005,0,25.0,25.0,50.0,0.0,53.33,50.0
U_28934310,C_1825107,60,26,43.33,50.0,50.0,50.0,0.0,0.0,4,1.6094379124341005,0,25.0,25.0,50.0,0.0,43.33,50.0
U_28934310,C_773985,136,33,24.26,50.0,50.0,50.0,0.0,0.0,4,1.6094379124341005,0,25.0,25.0,50.0,0.0,24.26,50.0
U_28934310,C_1906555,69,30,43.48,50.0,50.0,50.0,0.0,0.0,4,1.6094379124341005,0,25.0,25.0,50.0,0.0,43.48,50.0
U_28934310,C_735197,184,76,41.3,50.0,50.0,50.0,0.0,0.0,4,1.6094379124341005,0,25.0,25.0,50.0,0.0,41.3,50.0
U_28934310,C_735241,119,39,32.77,50.0,50.0,50.0,0.0,0.0,4,1.6094379124341005,0,25.0,25.0,50.0,0.0,32.77,50.0
U_28934310,C_746997,509,199,39.1,50.0,50.0,50.0,0.0,0.0,4,1.6094379124341005,0,25.0,25.0,50.0,0.0,39.1,50.0
U_28934310,C_1918338,94,16,17.02,50.0,50.0,50.0,0.0,0.0,4,1.6094379124341005,0,25.0,25.0,50.0,0.0,17.02,50.0
U_28934310,C_1925897,165,66,40.0,50.0,50.0,50.0,0.0,0.0,4,1.6094379124341005,0,25.0,25.0,50.0,0.0,40.0,50.0
U_28934310,C_2189666,29,6,20.69,50.0,50.0,50.0,0.0,0.0,4,1.6094379124341005,0,25.0,25.0,50.0,0.0,20.69,50.0
U_28934310,C_2221558,9,3,33.33,50.0,50.0,50.0,0.0,0.0,4,1.6094379124341005,0,25.0,25.0,50.0,0.0,33.33,50.0
U_28934310,C_2286953,30,16,53.33,50.0,50.0,50.0,0.0,0.0,4,1.6094379124341005,0,25.0,25.0,50.0,0.0,53.33,50.0
U_28948923,C_1914506,8,3,37.5,66.66666666666666,58.333333333333336,29.166666666666668,8.333333333333332,4.166666666666666,24,3.218875824868201,0,20.833333333333336,37.5,29.166666666666668,8.333333333333332,37.5,66.66666666666666
U_28975827,C_883372,14,11,78.57,100.0,100.0,0.0,0.0,0.0,4,1.6094379124341005,0,100.0,0.0,0.0,0.0,78.57,100.0
U_28987739,C_854843,11,7,63.64,87.5,87.5,12.5,0.0,0.0,8,2.1972245773362196,0,75.0,12.5,12.5,0.0,63.64,87.5
U_28990563,C_674920,20,13,65.0,88.88888888888889,88.88888888888889,11.11111111111111,0.0,0.0,9,2.302585092994046,0,66.66666666666666,22.22222222222222,11.11111111111111,0.0,65.0,88.88888888888889
U_28997683,C_1718815,10,9,90.0,100.0,100.0,0.0,0.0,0.0,2,1.0986122886681098,0,100.0,0.0,0.0,0.0,90.0,100.0
U_28997683,C_1906555,10,6,60.0,100.0,100.0,0.0,0.0,0.0,2,1.0986122886681098,0,100.0,0.0,0.0,0.0,60.0,100.0
U_28997683,C_784161,106,103,97.17,100.0,100.0,0.0,0.0,0.0,2,1.0986122886681098,0,100.0,0.0,0.0,0.0,97.17,100.0
U_29015300,C_746997,452,339,75.0,100.0,100.0,0.0,0.0,0.0,2,1.0986122886681098,0,100.0,0.0,0.0,0.0,75.0,100.0
U_29015300,C_782555,9,5,55.56,100.0,100.0,0.0,0.0,0.0,2,1.0986122886681098,0,100.0,0.0,0.0,0.0,55.56,100.0
U_29015826,C_707035,76,61,80.26,100.0,100.0,0.0,0.0,0.0,5,1.791759469228055,0,100.0,0.0,0.0,0.0,80.26,100.0
U_29019568,C_788547,8,1,12.5,100.0,100.0,0.0,0.0,0.0,1,0.6931471805599453,0,100.0,0.0,0.0,0.0,12.5,100.0
U_2901987,C_674920,10,3,30.0,100.0,0.0,0.0,100.0,0.0,1,0.6931471805599453,0,0.0,0.0,0.0,100.0,30.0,100.0
U_29027990,C_799800,5,4,80.0,93.33333333333331,91.11111111111111,4.444444444444445,2.2222222222222223,2.2222222222222223,45,3.828641396489095,0,84.44444444444444,6.666666666666667,4.444444444444445,2.2222222222222223,80.0,93.33333333333331
U_29037371,C_735342,282,215,76.24,100.0,100.0,0.0,0.0,0.0,7,2.0794415416798357,0,85.71428571428571,14.285714285714285,0.0,0.0,76.24,100.0
U_29037371,C_883372,107,74,69.16,100.0,100.0,0.0,0.0,0.0,7,2.0794415416798357,0,85.71428571428571,14.285714285714285,0.0,0.0,69.16,100.0
U_29040364,C_680747,118,70,59.32,16.666666666666664,16.666666666666664,83.33333333333334,0.0,0.0,6,1.9459101490553132,0,16.666666666666664,0.0,83.33333333333334,0.0,59.32,16.666666666666664
U_29040364,C_788547,166,117,70.48,16.666666666666664,16.666666666666664,83.33333333333334,0.0,0.0,6,1.9459101490553132,0,16.666666666666664,0.0,83.33333333333334,0.0,70.48,16.666666666666664
U_29040364,C_735186,14,7,50.0,16.666666666666664,16.666666666666664,83.33333333333334,0.0,0.0,6,1.9459101490553132,0,16.666666666666664,0.0,83.33333333333334,0.0,50.0,16.666666666666664
U_29059906,C_1825107,9,7,77.78,100.0,100.0,0.0,0.0,0.0,1,0.6931471805599453,0,100.0,0.0,0.0,0.0,77.78,100.0
U_29067675,C_674920,24,12,50.0,100.0,100.0,0.0,0.0,0.0,6,1.9459101490553132,0,83.33333333333334,16.666666666666664,0.0,0.0,50.0,100.0
U_29086236,C_735342,406,278,68.47,100.0,100.0,0.0,0.0,0.0,10,2.3978952727983707,0,100.0,0.0,0.0,0.0,68.47,100.0
U_29086236,C_682356,9,8,88.89,100.0,100.0,0.0,0.0,0.0,10,2.3978952727983707,0,100.0,0.0,0.0,0.0,88.89,100.0
U_29117425,C_674920,80,73,91.25,100.0,100.0,0.0,0.0,0.0,1,0.6931471805599453,0,100.0,0.0,0.0,0.0,91.25,100.0
U_29149313,C_1945689,14,9,64.29,100.0,100.0,0.0,0.0,0.0,1,0.6931471805599453,0,100.0,0.0,0.0,0.0,64.29,100.0
U_29152894,C_735385,6,4,66.67,0.0,0.0,100.0,0.0,0.0,1,0.6931471805599453,0,0.0,0.0,100.0,0.0,66.67,0.0
U_29154976,C_756646,5,4,80.0,100.0,100.0,0.0,0.0,0.0,5,1.791759469228055,0,80.0,20.0,0.0,0.0,80.0,100.0
U_29179266,C_754135,22,19,86.36,0.0,0.0,100.0,0.0,0.0,2,1.0986122886681098,0,0.0,0.0,100.0,0.0,86.36,0.0
U_29179266,C_1718815,654,634,96.94,0.0,0.0,100.0,0.0,0.0,2,1.0986122886681098,0,0.0,0.0,100.0,0.0,96.94,0.0
U_29185753,C_707035,106,88,83.02,100.0,100.0,0.0,0.0,0.0,10,2.3978952727983707,0,100.0,0.0,0.0,0.0,83.02,100.0
U_29188274,C_823308,129,86,66.67,100.0,100.0,0.0,0.0,0.0,2,1.0986122886681098,0,100.0,0.0,0.0,0.0,66.67,100.0
U_29190192,C_1738993,5,3,60.0,100.0,100.0,0.0,0.0,0.0,4,1.6094379124341005,0,100.0,0.0,0.0,0.0,60.0,100.0
U_29192609,C_1704762,23,16,69.57,80.0,80.0,20.0,0.0,0.0,5,1.791759469228055,0,80.0,0.0,20.0,0.0,69.57,80.0
U_29193122,C_1912004,40,32,80.0,100.0,100.0,0.0,0.0,0.0,1,0.6931471805599453,0,100.0,0.0,0.0,0.0,80.0,100.0
U_29195976,C_735342,414,288,69.57,100.0,100.0,0.0,0.0,0.0,2,1.0986122886681098,0,100.0,0.0,0.0,0.0,69.57,100.0
U_29195976,C_674920,60,44,73.33,100.0,100.0,0.0,0.0,0.0,2,1.0986122886681098,0,100.0,0.0,0.0,0.0,73.33,100.0
U_2920723,C_948114,23,19,82.61,38.46153846153847,38.46153846153847,61.53846153846154,0.0,0.0,13,2.6390573296152584,0,38.46153846153847,0.0,61.53846153846154,0.0,82.61,38.46153846153847
U_29207435,C_2221551,5,5,100.0,100.0,100.0,0.0,0.0,0.0,2,1.0986122886681098,0,100.0,0.0,0.0,0.0,100.0,100.0
U_29209093,C_1736024,33,29,87.88,100.0,100.0,0.0,0.0,0.0,2,1.0986122886681098,0,100.0,0.0,0.0,0.0,87.88,100.0
U_29209126,C_883372,9,4,44.44,100.0,100.0,0.0,0.0,0.0,2,1.0986122886681098,0,0.0,100.0,0.0,0.0,44.44,100.0
U_29212411,C_1767591,5,5,100.0,100.0,100.0,0.0,0.0,0.0,3,1.3862943611198906,0,100.0,0.0,0.0,0.0,100.0,100.0
U_29226833,C_696892,99,78,78.79,100.0,100.0,0.0,0.0,0.0,2,1.0986122886681098,0,100.0,0.0,0.0,0.0,78.79,100.0
U_29275217,C_677087,197,150,76.14,100.0,100.0,0.0,0.0,0.0,6,1.9459101490553132,0,66.66666666666666,33.33333333333333,0.0,0.0,76.14,100.0
U_29277640,C_948083,37,34,91.89,25.0,0.0,75.0,25.0,0.0,4,1.6094379124341005,0,0.0,0.0,75.0,25.0,91.89,25.0
U_29279516,C_799800,5,4,80.0,25.0,25.0,75.0,0.0,0.0,4,1.6094379124341005,0,0.0,25.0,75.0,0.0,80.0,25.0
U_29307217,C_947250,24,15,62.5,0.0,0.0,100.0,0.0,0.0,1,0.6931471805599453,0,0.0,0.0,100.0,0.0,62.5,0.0
U_29324897,C_947252,22,10,45.45,100.0,100.0,0.0,0.0,0.0,13,2.6390573296152584,0,100.0,0.0,0.0,0.0,45.45,100.0
U_29326934,C_735342,414,295,71.26,100.0,100.0,0.0,0.0,0.0,4,1.6094379124341005,0,100.0,0.0,0.0,0.0,71.26,100.0
U_29326934,C_747056,26,19,73.08,100.0,100.0,0.0,0.0,0.0,4,1.6094379124341005,0,100.0,0.0,0.0,0.0,73.08,100.0
U_29326934,C_1776316,59,43,72.88,100.0,100.0,0.0,0.0,0.0,4,1.6094379124341005,0,100.0,0.0,0.0,0.0,72.88,100.0
U_29326934,C_1903980,90,71,78.89,100.0,100.0,0.0,0.0,0.0,4,1.6094379124341005,0,100.0,0.0,0.0,0.0,78.89,100.0
U_29347838,C_948113,6,5,83.33,0.0,0.0,100.0,0.0,0.0,2,1.0986122886681098,0,0.0,0.0,100.0,0.0,83.33,0.0
U_29347838,C_1767521,17,10,58.82,0.0,0.0,100.0,0.0,0.0,2,1.0986122886681098,0,0.0,0.0,100.0,0.0,58.82,0.0
U_29383299,C_1765606,17,14,82.35,100.0,100.0,0.0,0.0,0.0,1,0.6931471805599453,0,100.0,0.0,0.0,0.0,82.35,100.0
U_29390102,C_758928,16,7,43.75,100.0,100.0,0.0,0.0,0.0,8,2.1972245773362196,0,100.0,0.0,0.0,0.0,43.75,100.0
U_29404031,C_948431,30,12,40.0,100.0,100.0,0.0,0.0,0.0,2,1.0986122886681098,0,50.0,50.0,0.0,0.0,40.0,100.0
U_29410101,C_758928,62,15,24.19,99.49367088607596,99.49367088607596,0.2531645569620253,0.0,0.2531645569620253,395,5.981414211254481,0,97.9746835443038,1.5189873417721518,0.2531645569620253,0.0,24.19,99.49367088607596
U_29421788,C_674920,24,17,70.83,58.333333333333336,50.0,41.66666666666667,8.333333333333332,0.0,12,2.5649493574615367,0,33.33333333333333,16.666666666666664,41.66666666666667,8.333333333333332,70.83,58.333333333333336
U_29422755,C_746997,37,25,67.57,0.0,0.0,100.0,0.0,0.0,5,1.791759469228055,0,0.0,0.0,100.0,0.0,67.57,0.0
U_29426656,C_1944722,81,65,80.25,85.71428571428571,57.14285714285714,14.285714285714285,28.57142857142857,0.0,7,2.0794415416798357,0,14.285714285714285,42.857142857142854,14.285714285714285,28.57142857142857,80.25,85.71428571428571
U_29434346,C_1738993,73,55,75.34,100.0,100.0,0.0,0.0,0.0,5,1.791759469228055,0,100.0,0.0,0.0,0.0,75.34,100.0
U_29450539,C_948431,44,20,45.45,100.0,100.0,0.0,0.0,0.0,1,0.6931471805599453,0,100.0,0.0,0.0,0.0,45.45,100.0
U_29451384,C_947252,91,68,74.73,100.0,100.0,0.0,0.0,0.0,1,0.6931471805599453,0,100.0,0.0,0.0,0.0,74.73,100.0
U_29452704,C_677014,5,5,100.0,100.0,100.0,0.0,0.0,0.0,1,0.6931471805599453,0,100.0,0.0,0.0,0.0,100.0,100.0
U_29452704,C_677087,5,5,100.0,100.0,100.0,0.0,0.0,0.0,1,0.6931471805599453,0,100.0,0.0,0.0,0.0,100.0,100.0
U_29459854,C_799791,146,104,71.23,100.0,100.0,0.0,0.0,0.0,1,0.6931471805599453,0,100.0,0.0,0.0,0.0,71.23,100.0
U_29476375,C_2066096,106,106,100.0,100.0,100.0,0.0,0.0,0.0,1,0.6931471805599453,0,100.0,0.0,0.0,0.0,100.0,100.0
U_29482808,C_674920,40,27,67.5,100.0,100.0,0.0,0.0,0.0,1,0.6931471805599453,0,100.0,0.0,0.0,0.0,67.5,100.0
U_29494674,C_674920,10,7,70.0,0.0,0.0,100.0,0.0,0.0,3,1.3862943611198906,0,0.0,0.0,100.0,0.0,70.0,0.0
U_29500288,C_674920,120,75,62.5,77.77777777777779,77.77777777777779,22.22222222222222,0.0,0.0,9,2.302585092994046,0,55.55555555555556,22.22222222222222,22.22222222222222,0.0,62.5,77.77777777777779
U_295417,C_1753434,7,3,42.86,50.0,16.666666666666664,50.0,33.33333333333333,0.0,6,1.9459101490553132,0,16.666666666666664,0.0,50.0,33.33333333333333,42.86,50.0
U_29564277,C_947149,55,42,76.36,0.0,0.0,100.0,0.0,0.0,1,0.6931471805599453,0,0.0,0.0,100.0,0.0,76.36,0.0
U_29564445,C_674920,100,32,32.0,0.0,0.0,100.0,0.0,0.0,2,1.0986122886681098,0,0.0,0.0,100.0,0.0,32.0,0.0
U_29565329,C_947149,55,53,96.36,87.5,0.0,12.5,87.5,0.0,8,2.1972245773362196,0,0.0,0.0,12.5,87.5,96.36,87.5
U_29573862,C_1771170,10,6,60.0,50.955414012738856,49.044585987261144,39.490445859872615,1.910828025477707,9.554140127388536,157,5.062595033026967,0,16.560509554140125,32.48407643312102,39.490445859872615,1.910828025477707,60.0,50.955414012738856
U_29573862,C_799800,64,37,57.81,50.955414012738856,49.044585987261144,39.490445859872615,1.910828025477707,9.554140127388536,157,5.062595033026967,0,16.560509554140125,32.48407643312102,39.490445859872615,1.910828025477707,57.81,50.955414012738856
U_29579987,C_1756063,400,396,99.0,33.33333333333333,33.33333333333333,66.66666666666666,0.0,0.0,3,1.3862943611198906,0,33.33333333333333,0.0,66.66666666666666,0.0,99.0,33.33333333333333
U_29592514,C_1750851,19,15,78.95,83.33333333333334,83.33333333333334,16.666666666666664,0.0,0.0,6,1.9459101490553132,0,83.33333333333334,0.0,16.666666666666664,0.0,78.95,83.33333333333334
U_29592514,C_697429,15,13,86.67,83.33333333333334,83.33333333333334,16.666666666666664,0.0,0.0,6,1.9459101490553132,0,83.33333333333334,0.0,16.666666666666664,0.0,86.67,83.33333333333334
U_29621008,C_1756066,110,97,88.18,13.333333333333334,0.0,86.66666666666667,13.333333333333334,0.0,15,2.772588722239781,0,0.0,0.0,86.66666666666667,13.333333333333334,88.18,13.333333333333334
U_29621008,C_1756753,171,150,87.72,13.333333333333334,0.0,86.66666666666667,13.333333333333334,0.0,15,2.772588722239781,0,0.0,0.0,86.66666666666667,13.333333333333334,87.72,13.333333333333334
U_29641923,C_746997,103,79,76.7,100.0,100.0,0.0,0.0,0.0,4,1.6094379124341005,0,100.0,0.0,0.0,0.0,76.7,100.0
U_29668789,C_681255,5,4,80.0,100.0,100.0,0.0,0.0,0.0,1,0.6931471805599453,0,100.0,0.0,0.0,0.0,80.0,100.0
U_29690941,C_1929045,13,11,84.62,88.0,88.0,8.0,0.0,0.0,25,3.258096538021482,0,64.0,24.0,8.0,0.0,84.62,88.0
U_29690941,C_1945689,10,8,80.0,88.0,88.0,8.0,0.0,0.0,25,3.258096538021482,0,64.0,24.0,8.0,0.0,80.0,88.0
U_29693421,C_1552662,90,72,80.0,100.0,100.0,0.0,0.0,0.0,8,2.1972245773362196,0,62.5,37.5,0.0,0.0,80.0,100.0
U_29701907,C_823308,12,7,58.33,0.0,0.0,100.0,0.0,0.0,1,0.6931471805599453,0,0.0,0.0,100.0,0.0,58.33,0.0
U_29717074,C_746997,11,7,63.64,66.66666666666666,66.66666666666666,33.33333333333333,0.0,0.0,33,3.5263605246161616,0,57.57575757575758,9.090909090909092,33.33333333333333,0.0,63.64,66.66666666666666
U_29743104,C_735338,10,9,90.0,100.0,100.0,0.0,0.0,0.0,2,1.0986122886681098,0,100.0,0.0,0.0,0.0,90.0,100.0
U_29771207,C_735342,40,35,87.5,33.33333333333333,0.0,66.66666666666666,33.33333333333333,0.0,3,1.3862943611198906,0,0.0,0.0,66.66666666666666,33.33333333333333,87.5,33.33333333333333
U_29775163,C_674920,10,5,50.0,100.0,100.0,0.0,0.0,0.0,4,1.6094379124341005,0,100.0,0.0,0.0,0.0,50.0,100.0
U_29788357,C_855431,5,4,80.0,83.33333333333334,83.33333333333334,16.666666666666664,0.0,0.0,12,2.5649493574615367,0,83.33333333333334,0.0,16.666666666666664,0.0,80.0,83.33333333333334
U_29788357,C_1765606,169,118,69.82,83.33333333333334,83.33333333333334,16.666666666666664,0.0,0.0,12,2.5649493574615367,0,83.33333333333334,0.0,16.666666666666664,0.0,69.82,83.33333333333334
U_29788357,C_1764865,66,47,71.21,83.33333333333334,83.33333333333334,16.666666666666664,0.0,0.0,12,2.5649493574615367,0,83.33333333333334,0.0,16.666666666666664,0.0,71.21,83.33333333333334
U_29788357,C_697096,23,16,69.57,83.33333333333334,83.33333333333334,16.666666666666664,0.0,0.0,12,2.5649493574615367,0,83.33333333333334,0.0,16.666666666666664,0.0,69.57,83.33333333333334
U_29789876,C_746997,83,61,73.49,100.0,100.0,0.0,0.0,0.0,1,0.6931471805599453,0,100.0,0.0,0.0,0.0,73.49,100.0
U_29802674,C_947252,93,66,70.97,50.0,50.0,50.0,0.0,0.0,2,1.0986122886681098,0,50.0,0.0,50.0,0.0,70.97,50.0
U_29805483,C_674920,30,18,60.0,100.0,100.0,0.0,0.0,0.0,4,1.6094379124341005,0,100.0,0.0,0.0,0.0,60.0,100.0
U_29811273,C_674920,30,18,60.0,100.0,100.0,0.0,0.0,0.0,13,2.6390573296152584,0,92.3076923076923,7.6923076923076925,0.0,0.0,60.0,100.0
U_29815770,C_674920,70,37,52.86,100.0,100.0,0.0,0.0,0.0,3,1.3862943611198906,0,100.0,0.0,0.0,0.0,52.86,100.0
U_29816906,C_1903985,60,40,66.67,100.0,100.0,0.0,0.0,0.0,2,1.0986122886681098,0,100.0,0.0,0.0,0.0,66.67,100.0
U_29819055,C_2287011,181,181,100.0,40.0,0.0,40.0,40.0,20.0,5,1.791759469228055,0,0.0,0.0,40.0,40.0,100.0,40.0
U_29842831,C_737592,116,94,81.03,100.0,100.0,0.0,0.0,0.0,4,1.6094379124341005,0,100.0,0.0,0.0,0.0,81.03,100.0
U_29843246,C_737592,116,112,96.55,0.0,0.0,100.0,0.0,0.0,2,1.0986122886681098,0,0.0,0.0,100.0,0.0,96.55,0.0
U_29848995,C_737592,82,68,82.93,100.0,100.0,0.0,0.0,0.0,1,0.6931471805599453,0,100.0,0.0,0.0,0.0,82.93,100.0
U_29851814,C_737592,82,55,67.07,100.0,100.0,0.0,0.0,0.0,1,0.6931471805599453,0,0.0,100.0,0.0,0.0,67.07,100.0
U_29855046,C_737592,82,82,100.0,70.0,60.0,30.0,10.0,0.0,10,2.3978952727983707,0,30.0,30.0,30.0,10.0,100.0,70.0
U_29860621,C_677087,20,17,85.0,57.14285714285714,57.14285714285714,42.857142857142854,0.0,0.0,7,2.0794415416798357,0,57.14285714285714,0.0,42.857142857142854,0.0,85.0,57.14285714285714
U_29860621,C_1811739,30,22,73.33,57.14285714285714,57.14285714285714,42.857142857142854,0.0,0.0,7,2.0794415416798357,0,57.14285714285714,0.0,42.857142857142854,0.0,73.33,57.14285714285714
U_29861055,C_737592,70,34,48.57,0.0,0.0,100.0,0.0,0.0,1,0.6931471805599453,0,0.0,0.0,100.0,0.0,48.57,0.0
U_29861057,C_737592,116,110,94.83,0.0,0.0,0.0,0.0,100.0,1,0.6931471805599453,0,0.0,0.0,0.0,0.0,94.83,0.0
U_29861058,C_737592,116,53,45.69,100.0,100.0,0.0,0.0,0.0,3,1.3862943611198906,0,66.66666666666666,33.33333333333333,0.0,0.0,45.69,100.0
U_29885144,C_737592,116,116,100.0,13.043478260869565,8.695652173913043,56.52173913043478,4.3478260869565215,4.3478260869565215,23,3.1780538303479458,0,0.0,8.695652173913043,56.52173913043478,4.3478260869565215,100.0,13.043478260869565
U_29909703,C_1808023,8,7,87.5,100.0,100.0,0.0,0.0,0.0,3,1.3862943611198906,0,100.0,0.0,0.0,0.0,87.5,100.0
U_29935916,C_854854,10,7,70.0,100.0,100.0,0.0,0.0,0.0,1,0.6931471805599453,0,100.0,0.0,0.0,0.0,70.0,100.0
U_29938132,C_1765606,15,10,66.67,100.0,100.0,0.0,0.0,0.0,1,0.6931471805599453,0,100.0,0.0,0.0,0.0,66.67,100.0
U_29947667,C_947252,68,35,51.47,100.0,100.0,0.0,0.0,0.0,1,0.6931471805599453,0,100.0,0.0,0.0,0.0,51.47,100.0
U_29948186,C_677144,40,27,67.5,100.0,100.0,0.0,0.0,0.0,6,1.9459101490553132,0,100.0,0.0,0.0,0.0,67.5,100.0
U_29948186,C_1738993,71,45,63.38,100.0,100.0,0.0,0.0,0.0,6,1.9459101490553132,0,100.0,0.0,0.0,0.0,63.38,100.0
U_29948186,C_682558,46,42,91.3,100.0,100.0,0.0,0.0,0.0,6,1.9459101490553132,0,100.0,0.0,0.0,0.0,91.3,100.0
U_29948186,C_1864063,38,23,60.53,100.0,100.0,0.0,0.0,0.0,6,1.9459101490553132,0,100.0,0.0,0.0,0.0,60.53,100.0
U_29948186,C_1864067,134,107,79.85,100.0,100.0,0.0,0.0,0.0,6,1.9459101490553132,0,100.0,0.0,0.0,0.0,79.85,100.0
U_29952238,C_1761386,10,5,50.0,100.0,100.0,0.0,0.0,0.0,5,1.791759469228055,0,100.0,0.0,0.0,0.0,50.0,100.0
U_29954146,C_749807,203,182,89.66,100.0,100.0,0.0,0.0,0.0,1,0.6931471805599453,0,100.0,0.0,0.0,0.0,89.66,100.0
U_29958221,C_799791,30,22,73.33,66.66666666666666,66.66666666666666,33.33333333333333,0.0,0.0,3,1.3862943611198906,0,0.0,66.66666666666666,33.33333333333333,0.0,73.33,66.66666666666666
U_30000947,C_677136,235,212,90.21,25.0,25.0,50.0,0.0,25.0,4,1.6094379124341005,0,0.0,25.0,50.0,0.0,90.21,25.0
U_30002743,C_677014,19,18,94.74,12.5,12.5,87.5,0.0,0.0,8,2.1972245773362196,0,0.0,12.5,87.5,0.0,94.74,12.5
U_30010817,C_1732839,18,7,38.89,100.0,0.0,0.0,100.0,0.0,1,0.6931471805599453,0,0.0,0.0,0.0,100.0,38.89,100.0
U_30021853,C_1731879,33,26,78.79,71.42857142857143,14.285714285714285,14.285714285714285,57.14285714285714,14.285714285714285,7,2.0794415416798357,0,14.285714285714285,0.0,14.285714285714285,57.14285714285714,78.79,71.42857142857143
U_30022746,C_1756056,5,4,80.0,100.0,100.0,0.0,0.0,0.0,3,1.3862943611198906,0,66.66666666666666,33.33333333333333,0.0,0.0,80.0,100.0
U_30022746,C_1875515,5,2,40.0,100.0,100.0,0.0,0.0,0.0,3,1.3862943611198906,0,66.66666666666666,33.33333333333333,0.0,0.0,40.0,100.0
U_30022746,C_1891055,22,21,95.45,100.0,100.0,0.0,0.0,0.0,3,1.3862943611198906,0,66.66666666666666,33.33333333333333,0.0,0.0,95.45,100.0
U_30025050,C_1704762,122,101,82.79,100.0,100.0,0.0,0.0,0.0,1,0.6931471805599453,0,100.0,0.0,0.0,0.0,82.79,100.0
U_30036470,C_948099,10,2,20.0,100.0,100.0,0.0,0.0,0.0,1,0.6931471805599453,0,100.0,0.0,0.0,0.0,20.0,100.0
U_30054445,C_674920,30,20,66.67,100.0,100.0,0.0,0.0,0.0,10,2.3978952727983707,0,100.0,0.0,0.0,0.0,66.67,100.0
U_3006073,C_770751,5,5,100.0,100.0,100.0,0.0,0.0,0.0,2,1.0986122886681098,0,100.0,0.0,0.0,0.0,100.0,100.0
U_30080404,C_1906186,40,39,97.5,0.0,0.0,100.0,0.0,0.0,1,0.6931471805599453,0,0.0,0.0,100.0,0.0,97.5,0.0
U_30095412,C_735342,90,72,80.0,99.24812030075188,99.24812030075188,0.7518796992481203,0.0,0.0,133,4.897839799950911,0,99.24812030075188,0.0,0.7518796992481203,0.0,80.0,99.24812030075188
U_30095412,C_948431,16,12,75.0,99.24812030075188,99.24812030075188,0.7518796992481203,0.0,0.0,133,4.897839799950911,0,99.24812030075188,0.0,0.7518796992481203,0.0,75.0,99.24812030075188
U_30098249,C_1903980,28,10,35.71,66.66666666666666,66.66666666666666,33.33333333333333,0.0,0.0,3,1.3862943611198906,0,0.0,66.66666666666666,33.33333333333333,0.0,35.71,66.66666666666666
U_30112808,C_1527362,5,4,80.0,85.71428571428571,85.71428571428571,14.285714285714285,0.0,0.0,7,2.0794415416798357,0,85.71428571428571,0.0,14.285714285714285,0.0,80.0,85.71428571428571
U_30113531,C_737592,116,115,99.14,100.0,0.0,0.0,100.0,0.0,6,1.9459101490553132,0,0.0,0.0,0.0,100.0,99.14,100.0
U_30137298,C_746997,140,96,68.57,100.0,100.0,0.0,0.0,0.0,1,0.6931471805599453,0,100.0,0.0,0.0,0.0,68.57,100.0
U_30145383,C_2066096,106,106,100.0,100.0,100.0,0.0,0.0,0.0,2,1.0986122886681098,0,100.0,0.0,0.0,0.0,100.0,100.0
U_30145383,C_2095102,10,8,80.0,100.0,100.0,0.0,0.0,0.0,2,1.0986122886681098,0,100.0,0.0,0.0,0.0,80.0,100.0
U_30145531,C_769273,19,15,78.95,0.0,0.0,100.0,0.0,0.0,1,0.6931471805599453,0,0.0,0.0,100.0,0.0,78.95,0.0
U_30152830,C_1765606,37,23,62.16,0.0,0.0,100.0,0.0,0.0,3,1.3862943611198906,0,0.0,0.0,100.0,0.0,62.16,0.0
U_30155974,C_1906186,160,125,78.12,0.0,0.0,100.0,0.0,0.0,1,0.6931471805599453,0,0.0,0.0,100.0,0.0,78.12,0.0
U_30180400,C_676646,14,11,78.57,100.0,100.0,0.0,0.0,0.0,3,1.3862943611198906,0,100.0,0.0,0.0,0.0,78.57,100.0
U_30180400,C_697748,58,21,36.21,100.0,100.0,0.0,0.0,0.0,3,1.3862943611198906,0,100.0,0.0,0.0,0.0,36.21,100.0
U_30207454,C_696575,40,35,87.5,66.66666666666666,66.66666666666666,33.33333333333333,0.0,0.0,3,1.3862943611198906,0,66.66666666666666,0.0,33.33333333333333,0.0,87.5,66.66666666666666
U_30209333,C_677014,8,5,62.5,0.0,0.0,80.0,0.0,20.0,5,1.791759469228055,0,0.0,0.0,80.0,0.0,62.5,0.0
U_30256087,C_674920,120,115,95.83,100.0,100.0,0.0,0.0,0.0,1,0.6931471805599453,0,100.0,0.0,0.0,0.0,95.83,100.0
U_30261348,C_677087,57,38,66.67,30.0,10.0,30.0,20.0,40.0,10,2.3978952727983707,0,0.0,10.0,30.0,20.0,66.67,30.0
U_30264289,C_674920,20,11,55.0,100.0,100.0,0.0,0.0,0.0,2,1.0986122886681098,0,100.0,0.0,0.0,0.0,55.0,100.0
U_30268822,C_801420,5,2,40.0,100.0,100.0,0.0,0.0,0.0,36,3.610917912644224,0,100.0,0.0,0.0,0.0,40.0,100.0
U_30269972,C_674920,10,9,90.0,100.0,100.0,0.0,0.0,0.0,15,2.772588722239781,0,100.0,0.0,0.0,0.0,90.0,100.0
U_30276001,C_823308,37,21,56.76,100.0,100.0,0.0,0.0,0.0,2,1.0986122886681098,0,100.0,0.0,0.0,0.0,56.76,100.0
U_30276011,C_1765606,74,43,58.11,100.0,100.0,0.0,0.0,0.0,1,0.6931471805599453,0,100.0,0.0,0.0,0.0,58.11,100.0
U_30276011,C_1771158,19,17,89.47,100.0,100.0,0.0,0.0,0.0,1,0.6931471805599453,0,100.0,0.0,0.0,0.0,89.47,100.0
U_30277765,C_674920,20,20,100.0,100.0,100.0,0.0,0.0,0.0,3,1.3862943611198906,0,100.0,0.0,0.0,0.0,100.0,100.0
U_30278734,C_677087,37,30,81.08,100.0,100.0,0.0,0.0,0.0,5,1.791759469228055,0,100.0,0.0,0.0,0.0,81.08,100.0
U_30278734,C_1864063,13,8,61.54,100.0,100.0,0.0,0.0,0.0,5,1.791759469228055,0,100.0,0.0,0.0,0.0,61.54,100.0
U_30278734,C_697367,140,120,85.71,100.0,100.0,0.0,0.0,0.0,5,1.791759469228055,0,100.0,0.0,0.0,0.0,85.71,100.0
U_30280022,C_1696155,5,5,100.0,0.0,0.0,100.0,0.0,0.0,1,0.6931471805599453,0,0.0,0.0,100.0,0.0,100.0,0.0
U_30280947,C_1795810,10,4,40.0,100.0,100.0,0.0,0.0,0.0,1,0.6931471805599453,0,100.0,0.0,0.0,0.0,40.0,100.0
U_30285779,C_1903962,161,124,77.02,37.5,12.5,50.0,25.0,0.0,8,2.1972245773362196,0,12.5,0.0,50.0,25.0,77.02,37.5
U_30286685,C_746997,25,19,76.0,100.0,100.0,0.0,0.0,0.0,3,1.3862943611198906,0,100.0,0.0,0.0,0.0,76.0,100.0
U_30291487,C_682679,14,12,85.71,100.0,100.0,0.0,0.0,0.0,1,0.6931471805599453,0,0.0,100.0,0.0,0.0,85.71,100.0
U_30306412,C_854843,10,6,60.0,100.0,100.0,0.0,0.0,0.0,1,0.6931471805599453,0,100.0,0.0,0.0,0.0,60.0,100.0
U_30306412,C_674920,40,32,80.0,100.0,100.0,0.0,0.0,0.0,1,0.6931471805599453,0,100.0,0.0,0.0,0.0,80.0,100.0
U_30313254,C_1945689,25,22,88.0,0.0,0.0,100.0,0.0,0.0,2,1.0986122886681098,0,0.0,0.0,100.0,0.0,88.0,0.0
U_30319195,C_2151142,60,57,95.0,25.0,25.0,0.0,0.0,75.0,4,1.6094379124341005,0,25.0,0.0,0.0,0.0,95.0,25.0
U_30325014,C_943255,25,13,52.0,100.0,100.0,0.0,0.0,0.0,5,1.791759469228055,0,100.0,0.0,0.0,0.0,52.0,100.0
U_30325014,C_799800,20,9,45.0,100.0,100.0,0.0,0.0,0.0,5,1.791759469228055,0,100.0,0.0,0.0,0.0,45.0,100.0
U_30332566,C_883372,94,79,84.04,100.0,100.0,0.0,0.0,0.0,2,1.0986122886681098,0,0.0,100.0,0.0,0.0,84.04,100.0
U_30344819,C_1755950,33,17,51.52,100.0,100.0,0.0,0.0,0.0,1,0.6931471805599453,0,100.0,0.0,0.0,0.0,51.52,100.0
U_30349039,C_682697,12,11,91.67,0.0,0.0,100.0,0.0,0.0,1,0.6931471805599453,0,0.0,0.0,100.0,0.0,91.67,0.0
U_30350283,C_1829948,260,165,63.46,20.0,20.0,40.0,0.0,20.0,5,1.791759469228055,0,0.0,20.0,40.0,0.0,63.46,20.0
U_30351215,C_735342,414,352,85.02,0.0,0.0,100.0,0.0,0.0,7,2.0794415416798357,0,0.0,0.0,100.0,0.0,85.02,0.0
U_30358523,C_1829948,260,208,80.0,0.0,0.0,88.88888888888889,0.0,11.11111111111111,9,2.302585092994046,0,0.0,0.0,88.88888888888889,0.0,80.0,0.0
U_30360909,C_1945689,25,18,72.0,100.0,100.0,0.0,0.0,0.0,3,1.3862943611198906,0,66.66666666666666,33.33333333333333,0.0,0.0,72.0,100.0
U_30361317,C_674920,90,83,92.22,60.0,60.0,40.0,0.0,0.0,5,1.791759469228055,0,0.0,60.0,40.0,0.0,92.22,60.0
U_30371488,C_1822804,226,187,82.74,14.285714285714285,0.0,85.71428571428571,14.285714285714285,0.0,7,2.0794415416798357,0,0.0,0.0,85.71428571428571,14.285714285714285,82.74,14.285714285714285
U_30371513,C_697076,5,3,60.0,66.66666666666666,66.66666666666666,33.33333333333333,0.0,0.0,3,1.3862943611198906,0,66.66666666666666,0.0,33.33333333333333,0.0,60.0,66.66666666666666
U_30372014,C_674920,10,6,60.0,100.0,100.0,0.0,0.0,0.0,1,0.6931471805599453,0,100.0,0.0,0.0,0.0,60.0,100.0
U_30383715,C_674920,40,28,70.0,100.0,100.0,0.0,0.0,0.0,3,1.3862943611198906,0,100.0,0.0,0.0,0.0,70.0,100.0
U_30387973,C_735342,414,403,97.34,100.0,100.0,0.0,0.0,0.0,7,2.0794415416798357,0,71.42857142857143,28.57142857142857,0.0,0.0,97.34,100.0
U_30393211,C_682679,20,17,85.0,100.0,100.0,0.0,0.0,0.0,3,1.3862943611198906,0,100.0,0.0,0.0,0.0,85.0,100.0
U_30393211,C_758190,278,223,80.22,100.0,100.0,0.0,0.0,0.0,3,1.3862943611198906,0,100.0,0.0,0.0,0.0,80.22,100.0
U_30393211,C_681630,21,19,90.48,100.0,100.0,0.0,0.0,0.0,3,1.3862943611198906,0,100.0,0.0,0.0,0.0,90.48,100.0
U_30393795,C_674920,30,20,66.67,50.0,50.0,50.0,0.0,0.0,2,1.0986122886681098,0,50.0,0.0,50.0,0.0,66.67,50.0
U_30394835,C_1765606,15,11,73.33,33.33333333333333,33.33333333333333,66.66666666666666,0.0,0.0,3,1.3862943611198906,0,33.33333333333333,0.0,66.66666666666666,0.0,73.33,33.33333333333333
U_30415432,C_674920,39,30,76.92,85.71428571428571,85.71428571428571,14.285714285714285,0.0,0.0,7,2.0794415416798357,0,85.71428571428571,0.0,14.285714285714285,0.0,76.92,85.71428571428571
U_30415432,C_893222,5,4,80.0,85.71428571428571,85.71428571428571,14.285714285714285,0.0,0.0,7,2.0794415416798357,0,85.71428571428571,0.0,14.285714285714285,0.0,80.0,85.71428571428571
U_30430780,C_1891061,88,68,77.27,100.0,100.0,0.0,0.0,0.0,7,2.0794415416798357,0,100.0,0.0,0.0,0.0,77.27,100.0
U_30433292,C_735164,156,149,95.51,0.0,0.0,100.0,0.0,0.0,1,0.6931471805599453,0,0.0,0.0,100.0,0.0,95.51,0.0
U_30437645,C_823308,27,18,66.67,100.0,100.0,0.0,0.0,0.0,9,2.302585092994046,0,100.0,0.0,0.0,0.0,66.67,100.0
U_30438968,C_758190,278,263,94.6,0.0,0.0,100.0,0.0,0.0,1,0.6931471805599453,0,0.0,0.0,100.0,0.0,94.6,0.0
U_30440441,C_922854,5,2,40.0,100.0,100.0,0.0,0.0,0.0,2,1.0986122886681098,0,100.0,0.0,0.0,0.0,40.0,100.0
U_30442267,C_1929045,15,15,100.0,0.0,0.0,100.0,0.0,0.0,1,0.6931471805599453,0,0.0,0.0,100.0,0.0,100.0,0.0
U_30443442,C_674920,50,27,54.0,83.33333333333334,83.33333333333334,0.0,0.0,16.666666666666664,6,1.9459101490553132,0,83.33333333333334,0.0,0.0,0.0,54.0,83.33333333333334
U_30444030,C_1822804,225,157,69.78,0.0,0.0,100.0,0.0,0.0,4,1.6094379124341005,0,0.0,0.0,100.0,0.0,69.78,0.0
U_3044601,C_682697,18,16,88.89,100.0,0.0,0.0,100.0,0.0,1,0.6931471805599453,0,0.0,0.0,0.0,100.0,88.89,100.0
U_30451803,C_1822804,225,216,96.0,0.0,0.0,100.0,0.0,0.0,2,1.0986122886681098,0,0.0,0.0,100.0,0.0,96.0,0.0
U_30452112,C_801420,8,2,25.0,77.77777777777779,77.77777777777779,22.22222222222222,0.0,0.0,9,2.302585092994046,0,22.22222222222222,55.55555555555556,22.22222222222222,0.0,25.0,77.77777777777779
U_30452167,C_735342,60,56,93.33,100.0,100.0,0.0,0.0,0.0,2,1.0986122886681098,0,100.0,0.0,0.0,0.0,93.33,100.0
U_30455394,C_1822804,225,223,99.11,0.0,0.0,100.0,0.0,0.0,7,2.0794415416798357,0,0.0,0.0,100.0,0.0,99.11,0.0
U_30463307,C_674920,120,88,73.33,100.0,100.0,0.0,0.0,0.0,29,3.4011973816621555,0,100.0,0.0,0.0,0.0,73.33,100.0
U_30477921,C_1822804,222,220,99.1,0.0,0.0,100.0,0.0,0.0,5,1.791759469228055,0,0.0,0.0,100.0,0.0,99.1,0.0
U_30489479,C_735241,8,3,37.5,100.0,100.0,0.0,0.0,0.0,1,0.6931471805599453,0,100.0,0.0,0.0,0.0,37.5,100.0
U_30490405,C_1822804,225,216,96.0,14.285714285714285,0.0,71.42857142857143,14.285714285714285,14.285714285714285,7,2.0794415416798357,0,0.0,0.0,71.42857142857143,14.285714285714285,96.0,14.285714285714285
U_30494410,C_797404,175,140,80.0,50.0,50.0,50.0,0.0,0.0,4,1.6094379124341005,0,50.0,0.0,50.0,0.0,80.0,50.0
U_30502124,C_883372,44,29,65.91,100.0,100.0,0.0,0.0,0.0,3,1.3862943611198906,0,66.66666666666666,33.33333333333333,0.0,0.0,65.91,100.0
U_30540428,C_735214,40,29,72.5,16.666666666666664,16.666666666666664,83.33333333333334,0.0,0.0,12,2.5649493574615367,0,0.0,16.666666666666664,83.33333333333334,0.0,72.5,16.666666666666664
U_30541379,C_854854,28,12,42.86,66.66666666666666,66.66666666666666,33.33333333333333,0.0,0.0,6,1.9459101490553132,0,66.66666666666666,0.0,33.33333333333333,0.0,42.86,66.66666666666666
U_30542317,C_1822804,185,165,89.19,0.0,0.0,100.0,0.0,0.0,1,0.6931471805599453,0,0.0,0.0,100.0,0.0,89.19,0.0
U_30548800,C_674920,20,16,80.0,50.0,50.0,50.0,0.0,0.0,2,1.0986122886681098,0,50.0,0.0,50.0,0.0,80.0,50.0
U_30549729,C_674920,10,4,40.0,100.0,0.0,0.0,100.0,0.0,1,0.6931471805599453,0,0.0,0.0,0.0,100.0,40.0,100.0
U_30558986,C_1822804,225,206,91.56,100.0,0.0,0.0,100.0,0.0,5,1.791759469228055,0,0.0,0.0,0.0,100.0,91.56,100.0
U_30562704,C_1829948,154,69,44.81,50.0,0.0,50.0,50.0,0.0,2,1.0986122886681098,0,0.0,0.0,50.0,50.0,44.81,50.0
U_30569467,C_674920,10,7,70.0,44.44444444444444,11.11111111111111,33.33333333333333,33.33333333333333,22.22222222222222,9,2.302585092994046,0,11.11111111111111,0.0,33.33333333333333,33.33333333333333,70.0,44.44444444444444
U_30572992,C_1822804,225,198,88.0,20.0,0.0,80.0,20.0,0.0,5,1.791759469228055,0,0.0,0.0,80.0,20.0,88.0,20.0
U_30575042,C_1822804,225,189,84.0,0.0,0.0,100.0,0.0,0.0,2,1.0986122886681098,0,0.0,0.0,100.0,0.0,84.0,0.0
U_30575212,C_735115,284,125,44.01,63.63636363636363,0.0,31.818181818181817,63.63636363636363,4.545454545454546,22,3.1354942159291497,0,0.0,0.0,31.818181818181817,63.63636363636363,44.01,63.63636363636363
U_30577613,C_1822804,212,143,67.45,100.0,0.0,0.0,100.0,0.0,1,0.6931471805599453,0,0.0,0.0,0.0,100.0,67.45,100.0
U_30581228,C_788547,6,3,50.0,100.0,100.0,0.0,0.0,0.0,14,2.70805020110221,0,100.0,0.0,0.0,0.0,50.0,100.0
U_30585241,C_1765606,53,41,77.36,100.0,100.0,0.0,0.0,0.0,4,1.6094379124341005,0,100.0,0.0,0.0,0.0,77.36,100.0
U_30597310,C_1822804,225,212,94.22,0.0,0.0,100.0,0.0,0.0,1,0.6931471805599453,0,0.0,0.0,100.0,0.0,94.22,0.0
U_30601855,C_1822804,225,209,92.89,0.0,0.0,100.0,0.0,0.0,5,1.791759469228055,0,0.0,0.0,100.0,0.0,92.89,0.0
U_30602783,C_1822804,225,219,97.33,0.0,0.0,100.0,0.0,0.0,3,1.3862943611198906,0,0.0,0.0,100.0,0.0,97.33,0.0
U_30603520,C_801420,6,2,33.33,100.0,100.0,0.0,0.0,0.0,2,1.0986122886681098,0,100.0,0.0,0.0,0.0,33.33,100.0
U_30605950,C_788547,5,3,60.0,100.0,100.0,0.0,0.0,0.0,2,1.0986122886681098,0,50.0,50.0,0.0,0.0,60.0,100.0
U_30607824,C_1704762,154,104,67.53,83.33333333333334,83.33333333333334,16.666666666666664,0.0,0.0,6,1.9459101490553132,0,83.33333333333334,0.0,16.666666666666664,0.0,67.53,83.33333333333334
U_30609221,C_674920,10,5,50.0,100.0,100.0,0.0,0.0,0.0,4,1.6094379124341005,0,75.0,25.0,0.0,0.0,50.0,100.0
U_30609243,C_1822804,225,216,96.0,83.33333333333334,0.0,16.666666666666664,83.33333333333334,0.0,6,1.9459101490553132,0,0.0,0.0,16.666666666666664,83.33333333333334,96.0,83.33333333333334
U_30611701,C_1822804,225,199,88.44,0.0,0.0,100.0,0.0,0.0,2,1.0986122886681098,0,0.0,0.0,100.0,0.0,88.44,0.0
U_30613986,C_1822804,225,214,95.11,0.0,0.0,100.0,0.0,0.0,4,1.6094379124341005,0,0.0,0.0,100.0,0.0,95.11,0.0
U_30615373,C_1822804,225,209,92.89,20.0,20.0,40.0,0.0,40.0,5,1.791759469228055,0,0.0,20.0,40.0,0.0,92.89,20.0
U_30616340,C_1822804,225,209,92.89,0.0,0.0,100.0,0.0,0.0,1,0.6931471805599453,0,0.0,0.0,100.0,0.0,92.89,0.0
U_30617654,C_1822804,225,213,94.67,50.0,0.0,50.0,50.0,0.0,2,1.0986122886681098,0,0.0,0.0,50.0,50.0,94.67,50.0
U_30619166,C_677136,57,46,80.7,75.0,75.0,25.0,0.0,0.0,4,1.6094379124341005,0,75.0,0.0,25.0,0.0,80.7,75.0
U_30622402,C_1822804,225,191,84.89,33.33333333333333,0.0,33.33333333333333,33.33333333333333,33.33333333333333,3,1.3862943611198906,0,0.0,0.0,33.33333333333333,33.33333333333333,84.89,33.33333333333333
U_30625520,C_797404,6,4,66.67,75.0,75.0,25.0,0.0,0.0,4,1.6094379124341005,0,75.0,0.0,25.0,0.0,66.67,75.0
U_30625520,C_674971,24,16,66.67,75.0,75.0,25.0,0.0,0.0,4,1.6094379124341005,0,75.0,0.0,25.0,0.0,66.67,75.0
U_30626210,C_1822804,225,214,95.11,53.333333333333336,26.666666666666668,33.33333333333333,26.666666666666668,6.666666666666667,15,2.772588722239781,0,0.0,26.666666666666668,33.33333333333333,26.666666666666668,95.11,53.333333333333336
U_30630143,C_1822804,225,203,90.22,0.0,0.0,100.0,0.0,0.0,1,0.6931471805599453,0,0.0,0.0,100.0,0.0,90.22,0.0
U_30640377,C_1822804,222,216,97.3,0.0,0.0,100.0,0.0,0.0,1,0.6931471805599453,0,0.0,0.0,100.0,0.0,97.3,0.0
U_30640856,C_1822804,218,216,99.08,0.0,0.0,100.0,0.0,0.0,2,1.0986122886681098,0,0.0,0.0,100.0,0.0,99.08,0.0
U_30641235,C_1822804,225,221,98.22,100.0,0.0,0.0,100.0,0.0,2,1.0986122886681098,0,0.0,0.0,0.0,100.0,98.22,100.0
U_30642646,C_1822804,225,203,90.22,100.0,0.0,0.0,100.0,0.0,1,0.6931471805599453,0,0.0,0.0,0.0,100.0,90.22,100.0
U_30642939,C_1822804,225,208,92.44,0.0,0.0,100.0,0.0,0.0,1,0.6931471805599453,0,0.0,0.0,100.0,0.0,92.44,0.0
U_30642955,C_1822804,225,202,89.78,100.0,0.0,0.0,100.0,0.0,1,0.6931471805599453,0,0.0,0.0,0.0,100.0,89.78,100.0
U_30643198,C_1822804,225,215,95.56,100.0,0.0,0.0,100.0,0.0,1,0.6931471805599453,0,0.0,0.0,0.0,100.0,95.56,100.0
U_30648137,C_1822804,225,210,93.33,100.0,100.0,0.0,0.0,0.0,3,1.3862943611198906,0,100.0,0.0,0.0,0.0,93.33,100.0
U_30650159,C_1822804,225,207,92.0,0.0,0.0,100.0,0.0,0.0,2,1.0986122886681098,0,0.0,0.0,100.0,0.0,92.0,0.0
U_30652754,C_1822804,225,160,71.11,0.0,0.0,100.0,0.0,0.0,1,0.6931471805599453,0,0.0,0.0,100.0,0.0,71.11,0.0
U_30658835,C_1822804,225,210,93.33,0.0,0.0,100.0,0.0,0.0,2,1.0986122886681098,0,0.0,0.0,100.0,0.0,93.33,0.0
U_30659424,C_1822804,225,207,92.0,0.0,0.0,100.0,0.0,0.0,2,1.0986122886681098,0,0.0,0.0,100.0,0.0,92.0,0.0
U_30659808,C_674920,80,65,81.25,100.0,100.0,0.0,0.0,0.0,32,3.49650756146648,0,100.0,0.0,0.0,0.0,81.25,100.0
U_30660272,C_1822804,145,104,71.72,0.0,0.0,100.0,0.0,0.0,4,1.6094379124341005,0,0.0,0.0,100.0,0.0,71.72,0.0
U_30660687,C_1822804,225,212,94.22,0.0,0.0,100.0,0.0,0.0,4,1.6094379124341005,0,0.0,0.0,100.0,0.0,94.22,0.0
U_30661879,C_1822804,217,211,97.24,0.0,0.0,100.0,0.0,0.0,1,0.6931471805599453,0,0.0,0.0,100.0,0.0,97.24,0.0
U_30661959,C_674920,40,28,70.0,0.0,0.0,100.0,0.0,0.0,1,0.6931471805599453,0,0.0,0.0,100.0,0.0,70.0,0.0
U_30662574,C_1822804,225,211,93.78,0.0,0.0,100.0,0.0,0.0,1,0.6931471805599453,0,0.0,0.0,100.0,0.0,93.78,0.0
U_30663172,C_1822804,218,204,93.58,25.0,0.0,75.0,25.0,0.0,4,1.6094379124341005,0,0.0,0.0,75.0,25.0,93.58,25.0
U_30668528,C_1822804,225,195,86.67,0.0,0.0,100.0,0.0,0.0,4,1.6094379124341005,0,0.0,0.0,100.0,0.0,86.67,0.0
U_30676534,C_1822804,225,203,90.22,0.0,0.0,100.0,0.0,0.0,1,0.6931471805599453,0,0.0,0.0,100.0,0.0,90.22,0.0
U_30677095,C_1822804,225,163,72.44,0.0,0.0,100.0,0.0,0.0,1,0.6931471805599453,0,0.0,0.0,100.0,0.0,72.44,0.0
U_30677642,C_1822804,225,198,88.0,0.0,0.0,100.0,0.0,0.0,3,1.3862943611198906,0,0.0,0.0,100.0,0.0,88.0,0.0
U_30681731,C_1822804,225,219,97.33,100.0,100.0,0.0,0.0,0.0,1,0.6931471805599453,0,100.0,0.0,0.0,0.0,97.33,100.0
U_30682342,C_1822804,102,62,60.78,0.0,0.0,100.0,0.0,0.0,2,1.0986122886681098,0,0.0,0.0,100.0,0.0,60.78,0.0
U_30684743,C_1732839,18,15,83.33,100.0,100.0,0.0,0.0,0.0,1,0.6931471805599453,0,100.0,0.0,0.0,0.0,83.33,100.0
U_30684765,C_676664,5,3,60.0,100.0,91.66666666666666,0.0,8.333333333333332,0.0,12,2.5649493574615367,0,91.66666666666666,0.0,0.0,8.333333333333332,60.0,100.0
U_30684765,C_1875509,67,53,79.1,100.0,91.66666666666666,0.0,8.333333333333332,0.0,12,2.5649493574615367,0,91.66666666666666,0.0,0.0,8.333333333333332,79.1,100.0
U_30685498,C_947250,24,16,66.67,71.42857142857143,14.285714285714285,14.285714285714285,57.14285714285714,0.0,7,2.0794415416798357,0,0.0,14.285714285714285,14.285714285714285,57.14285714285714,66.67,71.42857142857143
U_30686491,C_1822804,181,154,85.08,33.33333333333333,0.0,66.66666666666666,33.33333333333333,0.0,3,1.3862943611198906,0,0.0,0.0,66.66666666666666,33.33333333333333,85.08,33.33333333333333
U_30687588,C_1822804,225,211,93.78,0.0,0.0,50.0,0.0,50.0,2,1.0986122886681098,0,0.0,0.0,50.0,0.0,93.78,0.0
U_30693574,C_1756075,7,5,71.43,81.63265306122449,81.63265306122449,14.285714285714285,0.0,4.081632653061225,49,3.912023005428146,0,71.42857142857143,10.20408163265306,14.285714285714285,0.0,71.43,81.63265306122449
U_30693574,C_1765606,111,59,53.15,81.63265306122449,81.63265306122449,14.285714285714285,0.0,4.081632653061225,49,3.912023005428146,0,71.42857142857143,10.20408163265306,14.285714285714285,0.0,53.15,81.63265306122449
U_30693574,C_1764865,6,4,66.67,81.63265306122449,81.63265306122449,14.285714285714285,0.0,4.081632653061225,49,3.912023005428146,0,71.42857142857143,10.20408163265306,14.285714285714285,0.0,66.67,81.63265306122449
U_30693632,C_746997,25,14,56.0,100.0,100.0,0.0,0.0,0.0,1,0.6931471805599453,0,0.0,100.0,0.0,0.0,56.0,100.0
U_30695346,C_1822804,225,222,98.67,0.0,0.0,0.0,0.0,100.0,3,1.3862943611198906,0,0.0,0.0,0.0,0.0,98.67,0.0
U_30695433,C_735342,22,17,77.27,100.0,100.0,0.0,0.0,0.0,3,1.3862943611198906,0,100.0,0.0,0.0,0.0,77.27,100.0
U_30695433,C_682356,17,14,82.35,100.0,100.0,0.0,0.0,0.0,3,1.3862943611198906,0,100.0,0.0,0.0,0.0,82.35,100.0
U_30695433,C_676635,5,2,40.0,100.0,100.0,0.0,0.0,0.0,3,1.3862943611198906,0,100.0,0.0,0.0,0.0,40.0,100.0
U_30702064,C_1822804,225,175,77.78,40.0,0.0,60.0,40.0,0.0,5,1.791759469228055,0,0.0,0.0,60.0,40.0,77.78,40.0
U_30704639,C_1822804,225,215,95.56,0.0,0.0,100.0,0.0,0.0,2,1.0986122886681098,0,0.0,0.0,100.0,0.0,95.56,0.0
U_30706185,C_948129,253,244,96.44,100.0,0.0,0.0,100.0,0.0,1,0.6931471805599453,0,0.0,0.0,0.0,100.0,96.44,100.0
U_30706226,C_1822804,225,168,74.67,0.0,0.0,100.0,0.0,0.0,1,0.6931471805599453,0,0.0,0.0,100.0,0.0,74.67,0.0
U_30706668,C_1822804,225,209,92.89,0.0,0.0,75.0,0.0,0.0,4,1.6094379124341005,0,0.0,0.0,75.0,0.0,92.89,0.0
U_30710911,C_1822804,225,214,95.11,0.0,0.0,100.0,0.0,0.0,11,2.4849066497880004,0,0.0,0.0,100.0,0.0,95.11,0.0
U_30712235,C_1822804,225,219,97.33,0.0,0.0,100.0,0.0,0.0,2,1.0986122886681098,0,0.0,0.0,100.0,0.0,97.33,0.0
U_30712875,C_948129,253,247,97.63,0.0,0.0,100.0,0.0,0.0,2,1.0986122886681098,0,0.0,0.0,100.0,0.0,97.63,0.0
U_30714395,C_1822804,225,216,96.0,0.0,0.0,100.0,0.0,0.0,2,1.0986122886681098,0,0.0,0.0,100.0,0.0,96.0,0.0
U_30714908,C_1822804,15,11,73.33,100.0,100.0,0.0,0.0,0.0,1,0.6931471805599453,0,100.0,0.0,0.0,0.0,73.33,100.0
U_30717008,C_1822804,225,205,91.11,0.0,0.0,100.0,0.0,0.0,1,0.6931471805599453,0,0.0,0.0,100.0,0.0,91.11,0.0
U_30721623,C_2066096,106,106,100.0,100.0,100.0,0.0,0.0,0.0,1,0.6931471805599453,0,100.0,0.0,0.0,0.0,100.0,100.0
U_30740799,C_1822804,225,202,89.78,0.0,0.0,100.0,0.0,0.0,2,1.0986122886681098,0,0.0,0.0,100.0,0.0,89.78,0.0
U_30741557,C_735342,80,54,67.5,100.0,100.0,0.0,0.0,0.0,2,1.0986122886681098,0,100.0,0.0,0.0,0.0,67.5,100.0
U_30741931,C_1822804,225,209,92.89,0.0,0.0,100.0,0.0,0.0,1,0.6931471805599453,0,0.0,0.0,100.0,0.0,92.89,0.0
U_30743538,C_1822804,225,205,91.11,9.090909090909092,9.090909090909092,90.9090909090909,0.0,0.0,11,2.4849066497880004,0,0.0,9.090909090909092,90.9090909090909,0.0,91.11,9.090909090909092
U_30743695,C_1822804,225,159,70.67,0.0,0.0,50.0,0.0,50.0,4,1.6094379124341005,0,0.0,0.0,50.0,0.0,70.67,0.0
U_30745856,C_681255,5,4,80.0,0.0,0.0,100.0,0.0,0.0,2,1.0986122886681098,0,0.0,0.0,100.0,0.0,80.0,0.0
U_30769981,C_1822804,225,222,98.67,0.0,0.0,100.0,0.0,0.0,2,1.0986122886681098,0,0.0,0.0,100.0,0.0,98.67,0.0
U_30776660,C_746997,11,9,81.82,100.0,100.0,0.0,0.0,0.0,2,1.0986122886681098,0,50.0,50.0,0.0,0.0,81.82,100.0
U_30778112,C_1822804,225,199,88.44,5.0,0.0,81.66666666666667,5.0,11.666666666666666,60,4.110873864173311,0,0.0,0.0,81.66666666666667,5.0,88.44,5.0
U_30782422,C_801420,104,49,47.12,28.57142857142857,28.57142857142857,42.857142857142854,0.0,28.57142857142857,7,2.0794415416798357,0,28.57142857142857,0.0,42.857142857142854,0.0,47.12,28.57142857142857
U_30785462,C_1822804,225,223,99.11,0.0,0.0,100.0,0.0,0.0,3,1.3862943611198906,0,0.0,0.0,100.0,0.0,99.11,0.0
U_30791094,C_1822804,225,170,75.56,0.0,0.0,100.0,0.0,0.0,2,1.0986122886681098,0,0.0,0.0,100.0,0.0,75.56,0.0
U_30805279,C_746997,16,14,87.5,83.33333333333334,66.66666666666666,16.666666666666664,16.666666666666664,0.0,12,2.5649493574615367,0,66.66666666666666,0.0,16.666666666666664,16.666666666666664,87.5,83.33333333333334
U_30810443,C_1765606,160,98,61.25,100.0,100.0,0.0,0.0,0.0,4,1.6094379124341005,0,100.0,0.0,0.0,0.0,61.25,100.0
U_30810656,C_1822804,222,206,92.79,0.0,0.0,100.0,0.0,0.0,1,0.6931471805599453,0,0.0,0.0,100.0,0.0,92.79,0.0
U_30810861,C_1822804,225,211,93.78,0.0,0.0,100.0,0.0,0.0,1,0.6931471805599453,0,0.0,0.0,100.0,0.0,93.78,0.0
U_30810969,C_1822804,225,219,97.33,0.0,0.0,100.0,0.0,0.0,3,1.3862943611198906,0,0.0,0.0,100.0,0.0,97.33,0.0
U_30811324,C_1822804,225,189,84.0,0.0,0.0,100.0,0.0,0.0,12,2.5649493574615367,0,0.0,0.0,100.0,0.0,84.0,0.0
U_30813760,C_1822804,189,178,94.18,75.0,50.0,25.0,25.0,0.0,4,1.6094379124341005,0,0.0,50.0,25.0,25.0,94.18,75.0
U_30816738,C_674920,20,17,85.0,100.0,100.0,0.0,0.0,0.0,2,1.0986122886681098,0,100.0,0.0,0.0,0.0,85.0,100.0
U_30819703,C_854843,10,6,60.0,100.0,100.0,0.0,0.0,0.0,6,1.9459101490553132,0,83.33333333333334,16.666666666666664,0.0,0.0,60.0,100.0
U_30820016,C_1822804,105,104,99.05,0.0,0.0,100.0,0.0,0.0,1,0.6931471805599453,0,0.0,0.0,100.0,0.0,99.05,0.0
U_30822382,C_1822804,225,209,92.89,0.0,0.0,100.0,0.0,0.0,1,0.6931471805599453,0,0.0,0.0,100.0,0.0,92.89,0.0
U_30825689,C_1822804,225,209,92.89,0.0,0.0,0.0,0.0,100.0,1,0.6931471805599453,0,0.0,0.0,0.0,0.0,92.89,0.0
U_30825967,C_1822804,225,213,94.67,0.0,0.0,100.0,0.0,0.0,3,1.3862943611198906,0,0.0,0.0,100.0,0.0,94.67,0.0
U_30827088,C_1732839,383,377,98.43,0.0,0.0,0.0,0.0,100.0,1,0.6931471805599453,0,0.0,0.0,0.0,0.0,98.43,0.0
U_30827663,C_1822804,225,222,98.67,0.0,0.0,100.0,0.0,0.0,1,0.6931471805599453,0,0.0,0.0,100.0,0.0,98.67,0.0
U_30830476,C_1822804,225,213,94.67,0.0,0.0,0.0,0.0,100.0,1,0.6931471805599453,0,0.0,0.0,0.0,0.0,94.67,0.0
U_30831683,C_735342,414,301,72.71,57.14285714285714,57.14285714285714,38.095238095238095,0.0,4.761904761904762,21,3.091042453358316,0,47.61904761904761,9.523809523809524,38.095238095238095,0.0,72.71,57.14285714285714
U_30833197,C_674920,52,35,67.31,78.26086956521739,30.434782608695656,17.391304347826086,47.82608695652174,4.3478260869565215,23,3.1780538303479458,0,30.434782608695656,0.0,17.391304347826086,47.82608695652174,67.31,78.26086956521739
U_30833818,C_1822804,42,36,85.71,0.0,0.0,100.0,0.0,0.0,6,1.9459101490553132,0,0.0,0.0,100.0,0.0,85.71,0.0
U_30837799,C_1822804,225,216,96.0,0.0,0.0,100.0,0.0,0.0,2,1.0986122886681098,0,0.0,0.0,100.0,0.0,96.0,0.0
U_30838882,C_1822804,225,223,99.11,33.33333333333333,33.33333333333333,66.66666666666666,0.0,0.0,3,1.3862943611198906,0,0.0,33.33333333333333,66.66666666666666,0.0,99.11,33.33333333333333
U_30844272,C_1822804,225,224,99.56,0.0,0.0,100.0,0.0,0.0,2,1.0986122886681098,0,0.0,0.0,100.0,0.0,99.56,0.0
U_30845059,C_1767578,12,6,50.0,100.0,100.0,0.0,0.0,0.0,5,1.791759469228055,0,100.0,0.0,0.0,0.0,50.0,100.0
U_30847694,C_1822804,225,156,69.33,0.0,0.0,100.0,0.0,0.0,1,0.6931471805599453,0,0.0,0.0,100.0,0.0,69.33,0.0
U_30848803,C_735342,274,212,77.37,100.0,100.0,0.0,0.0,0.0,1,0.6931471805599453,0,100.0,0.0,0.0,0.0,77.37,100.0
U_30855393,C_1822804,72,62,86.11,0.0,0.0,50.0,0.0,50.0,4,1.6094379124341005,0,0.0,0.0,50.0,0.0,86.11,0.0
U_30887985,C_682356,26,24,92.31,100.0,100.0,0.0,0.0,0.0,2,1.0986122886681098,0,100.0,0.0,0.0,0.0,92.31,100.0
U_30888514,C_1822804,145,141,97.24,50.0,50.0,50.0,0.0,0.0,2,1.0986122886681098,0,0.0,50.0,50.0,0.0,97.24,50.0
U_30892678,C_1755846,24,16,66.67,100.0,100.0,0.0,0.0,0.0,4,1.6094379124341005,0,100.0,0.0,0.0,0.0,66.67,100.0
U_30893095,C_1822804,225,223,99.11,0.0,0.0,100.0,0.0,0.0,1,0.6931471805599453,0,0.0,0.0,100.0,0.0,99.11,0.0
U_30893146,C_1412527,18,17,94.44,100.0,100.0,0.0,0.0,0.0,1,0.6931471805599453,0,100.0,0.0,0.0,0.0,94.44,100.0
U_30894300,C_1822804,225,186,82.67,14.285714285714285,0.0,71.42857142857143,14.285714285714285,14.285714285714285,7,2.0794415416798357,0,0.0,0.0,71.42857142857143,14.285714285714285,82.67,14.285714285714285
U_30894439,C_674920,30,19,63.33,100.0,100.0,0.0,0.0,0.0,5,1.791759469228055,0,100.0,0.0,0.0,0.0,63.33,100.0
U_30895534,C_674920,120,46,38.33,18.282548476454295,14.127423822714682,9.695290858725762,4.1551246537396125,71.46814404432132,361,5.8916442118257715,0,12.742382271468143,1.3850415512465373,9.695290858725762,4.1551246537396125,38.33,18.282548476454295
U_30898087,C_1822804,225,214,95.11,0.0,0.0,100.0,0.0,0.0,1,0.6931471805599453,0,0.0,0.0,100.0,0.0,95.11,0.0
U_30898183,C_1822804,225,213,94.67,0.0,0.0,100.0,0.0,0.0,2,1.0986122886681098,0,0.0,0.0,100.0,0.0,94.67,0.0
U_30899187,C_883372,111,77,69.37,100.0,100.0,0.0,0.0,0.0,4,1.6094379124341005,0,100.0,0.0,0.0,0.0,69.37,100.0
U_30901010,C_682697,73,73,100.0,100.0,100.0,0.0,0.0,0.0,1,0.6931471805599453,0,100.0,0.0,0.0,0.0,100.0,100.0
U_30901231,C_801420,8,3,37.5,100.0,100.0,0.0,0.0,0.0,8,2.1972245773362196,0,100.0,0.0,0.0,0.0,37.5,100.0
U_30908916,C_1765606,7,5,71.43,100.0,100.0,0.0,0.0,0.0,2,1.0986122886681098,0,100.0,0.0,0.0,0.0,71.43,100.0
U_30910887,C_1822804,225,211,93.78,0.0,0.0,100.0,0.0,0.0,2,1.0986122886681098,0,0.0,0.0,100.0,0.0,93.78,0.0
U_30912092,C_1822804,225,224,99.56,0.0,0.0,66.66666666666666,0.0,33.33333333333333,3,1.3862943611198906,0,0.0,0.0,66.66666666666666,0.0,99.56,0.0
U_30916821,C_1891042,5,4,80.0,100.0,100.0,0.0,0.0,0.0,2,1.0986122886681098,0,100.0,0.0,0.0,0.0,80.0,100.0
U_30916821,C_756646,47,35,74.47,100.0,100.0,0.0,0.0,0.0,2,1.0986122886681098,0,100.0,0.0,0.0,0.0,74.47,100.0
U_30926209,C_735214,37,27,72.97,100.0,100.0,0.0,0.0,0.0,3,1.3862943611198906,0,100.0,0.0,0.0,0.0,72.97,100.0
U_30927248,C_1822804,217,162,74.65,0.0,0.0,100.0,0.0,0.0,3,1.3862943611198906,0,0.0,0.0,100.0,0.0,74.65,0.0
U_30929781,C_801420,16,9,56.25,50.0,50.0,50.0,0.0,0.0,2,1.0986122886681098,0,50.0,0.0,50.0,0.0,56.25,50.0
U_30932164,C_1822804,225,205,91.11,0.0,0.0,100.0,0.0,0.0,1,0.6931471805599453,0,0.0,0.0,100.0,0.0,91.11,0.0
U_30932994,C_674920,40,38,95.0,100.0,100.0,0.0,0.0,0.0,3,1.3862943611198906,0,100.0,0.0,0.0,0.0,95.0,100.0
U_30933287,C_747056,9,4,44.44,100.0,100.0,0.0,0.0,0.0,1,0.6931471805599453,0,100.0,0.0,0.0,0.0,44.44,100.0
U_30933333,C_801420,9,4,44.44,0.0,0.0,100.0,0.0,0.0,2,1.0986122886681098,0,0.0,0.0,100.0,0.0,44.44,0.0
U_30933908,C_735239,8,3,37.5,25.0,25.0,75.0,0.0,0.0,4,1.6094379124341005,0,25.0,0.0,75.0,0.0,37.5,25.0
U_30933908,C_801420,18,9,50.0,25.0,25.0,75.0,0.0,0.0,4,1.6094379124341005,0,25.0,0.0,75.0,0.0,50.0,25.0
U_30934730,C_947252,96,67,69.79,0.0,0.0,100.0,0.0,0.0,1,0.6931471805599453,0,0.0,0.0,100.0,0.0,69.79,0.0
U_30935804,C_2189666,25,22,88.0,26.41509433962264,26.41509433962264,60.37735849056604,0.0,13.20754716981132,53,3.9889840465642745,0,18.867924528301888,7.547169811320755,60.37735849056604,0.0,88.0,26.41509433962264
U_30936335,C_1822804,51,42,82.35,0.0,0.0,100.0,0.0,0.0,3,1.3862943611198906,0,0.0,0.0,100.0,0.0,82.35,0.0
U_30940175,C_823308,10,7,70.0,100.0,100.0,0.0,0.0,0.0,1,0.6931471805599453,0,100.0,0.0,0.0,0.0,70.0,100.0
U_30943148,C_681460,56,42,75.0,66.66666666666666,66.66666666666666,33.33333333333333,0.0,0.0,6,1.9459101490553132,0,50.0,16.666666666666664,33.33333333333333,0.0,75.0,66.66666666666666
U_30944826,C_883372,47,37,78.72,100.0,100.0,0.0,0.0,0.0,4,1.6094379124341005,0,100.0,0.0,0.0,0.0,78.72,100.0
U_30948930,C_707083,14,11,78.57,8.695652173913043,8.695652173913043,21.73913043478261,0.0,69.56521739130434,23,3.1780538303479458,0,8.695652173913043,0.0,21.73913043478261,0.0,78.57,8.695652173913043
U_30949652,C_1822804,225,224,99.56,0.0,0.0,100.0,0.0,0.0,2,1.0986122886681098,0,0.0,0.0,100.0,0.0,99.56,0.0
U_30951136,C_1738993,9,5,55.56,100.0,100.0,0.0,0.0,0.0,9,2.302585092994046,0,100.0,0.0,0.0,0.0,55.56,100.0
U_30951622,C_674920,10,6,60.0,75.0,50.0,25.0,25.0,0.0,4,1.6094379124341005,0,50.0,0.0,25.0,25.0,60.0,75.0
U_30953455,C_707365,78,64,82.05,100.0,100.0,0.0,0.0,0.0,2,1.0986122886681098,0,100.0,0.0,0.0,0.0,82.05,100.0
U_30954586,C_948431,15,11,73.33,100.0,100.0,0.0,0.0,0.0,4,1.6094379124341005,0,100.0,0.0,0.0,0.0,73.33,100.0
U_30954822,C_1822804,225,225,100.0,0.0,0.0,100.0,0.0,0.0,1,0.6931471805599453,0,0.0,0.0,100.0,0.0,100.0,0.0
U_30963705,C_674920,30,15,50.0,100.0,100.0,0.0,0.0,0.0,3,1.3862943611198906,0,100.0,0.0,0.0,0.0,50.0,100.0
U_30966088,C_1822804,87,73,83.91,0.0,0.0,100.0,0.0,0.0,1,0.6931471805599453,0,0.0,0.0,100.0,0.0,83.91,0.0
U_30967501,C_1822804,225,224,99.56,0.0,0.0,100.0,0.0,0.0,1,0.6931471805599453,0,0.0,0.0,100.0,0.0,99.56,0.0
U_30968975,C_735239,9,9,100.0,100.0,100.0,0.0,0.0,0.0,2,1.0986122886681098,0,100.0,0.0,0.0,0.0,100.0,100.0
U_30968975,C_674971,19,14,73.68,100.0,100.0,0.0,0.0,0.0,2,1.0986122886681098,0,100.0,0.0,0.0,0.0,73.68,100.0
U_30969453,C_1822804,225,215,95.56,0.0,0.0,100.0,0.0,0.0,1,0.6931471805599453,0,0.0,0.0,100.0,0.0,95.56,0.0
U_30971710,C_682770,11,8,72.73,14.285714285714285,14.285714285714285,85.71428571428571,0.0,0.0,7,2.0794415416798357,0,14.285714285714285,0.0,85.71428571428571,0.0,72.73,14.285714285714285
U_30972067,C_1774985,12,9,75.0,33.33333333333333,0.0,66.66666666666666,33.33333333333333,0.0,3,1.3862943611198906,0,0.0,0.0,66.66666666666666,33.33333333333333,75.0,33.33333333333333
U_30973510,C_682556,17,8,47.06,100.0,100.0,0.0,0.0,0.0,1,0.6931471805599453,0,100.0,0.0,0.0,0.0,47.06,100.0
U_30974288,C_1822804,105,90,85.71,0.0,0.0,100.0,0.0,0.0,2,1.0986122886681098,0,0.0,0.0,100.0,0.0,85.71,0.0
U_30974890,C_760442,140,133,95.0,100.0,100.0,0.0,0.0,0.0,1,0.6931471805599453,0,100.0,0.0,0.0,0.0,95.0,100.0
U_30975576,C_746997,46,34,73.91,100.0,100.0,0.0,0.0,0.0,4,1.6094379124341005,0,100.0,0.0,0.0,0.0,73.91,100.0
U_30975792,C_1822804,225,223,99.11,0.0,0.0,100.0,0.0,0.0,5,1.791759469228055,0,0.0,0.0,100.0,0.0,99.11,0.0
U_30978396,C_1883679,18,17,94.44,100.0,100.0,0.0,0.0,0.0,2,1.0986122886681098,0,100.0,0.0,0.0,0.0,94.44,100.0
U_30979471,C_947244,133,109,81.95,76.92307692307693,0.0,23.076923076923077,76.92307692307693,0.0,26,3.295836866004329,0,0.0,0.0,23.076923076923077,76.92307692307693,81.95,76.92307692307693
U_30979471,C_735364,164,142,86.59,76.92307692307693,0.0,23.076923076923077,76.92307692307693,0.0,26,3.295836866004329,0,0.0,0.0,23.076923076923077,76.92307692307693,86.59,76.92307692307693
U_30983835,C_1822804,225,197,87.56,0.0,0.0,100.0,0.0,0.0,1,0.6931471805599453,0,0.0,0.0,100.0,0.0,87.56,0.0
U_30983854,C_1822804,181,103,56.91,50.0,0.0,50.0,50.0,0.0,2,1.0986122886681098,0,0.0,0.0,50.0,50.0,56.91,50.0
U_30986259,C_823300,40,21,52.5,100.0,100.0,0.0,0.0,0.0,1,0.6931471805599453,0,100.0,0.0,0.0,0.0,52.5,100.0
U_30987792,C_948114,9,6,66.67,100.0,100.0,0.0,0.0,0.0,1,0.6931471805599453,0,100.0,0.0,0.0,0.0,66.67,100.0
U_30988297,C_1822804,221,189,85.52,0.0,0.0,100.0,0.0,0.0,2,1.0986122886681098,0,0.0,0.0,100.0,0.0,85.52,0.0
U_30993459,C_1825107,6,3,50.0,33.33333333333333,33.33333333333333,33.33333333333333,0.0,0.0,3,1.3862943611198906,0,0.0,33.33333333333333,33.33333333333333,0.0,50.0,33.33333333333333
U_30993543,C_735364,67,54,80.6,100.0,100.0,0.0,0.0,0.0,2,1.0986122886681098,0,100.0,0.0,0.0,0.0,80.6,100.0
U_30995850,C_746997,23,15,65.22,100.0,100.0,0.0,0.0,0.0,1,0.6931471805599453,0,100.0,0.0,0.0,0.0,65.22,100.0
U_31014160,C_1822804,225,209,92.89,0.0,0.0,100.0,0.0,0.0,2,1.0986122886681098,0,0.0,0.0,100.0,0.0,92.89,0.0
U_31014459,C_1822804,225,153,68.0,50.0,0.0,50.0,50.0,0.0,2,1.0986122886681098,0,0.0,0.0,50.0,50.0,68.0,50.0
U_31014568,C_697076,5,4,80.0,0.0,0.0,100.0,0.0,0.0,1,0.6931471805599453,0,0.0,0.0,100.0,0.0,80.0,0.0
U_31014925,C_1822804,225,216,96.0,33.33333333333333,16.666666666666664,66.66666666666666,16.666666666666664,0.0,6,1.9459101490553132,0,0.0,16.666666666666664,66.66666666666666,16.666666666666664,96.0,33.33333333333333
U_31016464,C_1822804,225,190,84.44,33.33333333333333,0.0,66.66666666666666,33.33333333333333,0.0,3,1.3862943611198906,0,0.0,0.0,66.66666666666666,33.33333333333333,84.44,33.33333333333333
U_31017706,C_1781818,26,21,80.77,100.0,100.0,0.0,0.0,0.0,3,1.3862943611198906,0,100.0,0.0,0.0,0.0,80.77,100.0
U_31018766,C_883372,6,6,100.0,100.0,100.0,0.0,0.0,0.0,4,1.6094379124341005,0,100.0,0.0,0.0,0.0,100.0,100.0
U_31018792,C_681460,8,7,87.5,100.0,100.0,0.0,0.0,0.0,1,0.6931471805599453,0,100.0,0.0,0.0,0.0,87.5,100.0
U_31023116,C_674920,120,109,90.83,100.0,0.0,0.0,100.0,0.0,1,0.6931471805599453,0,0.0,0.0,0.0,100.0,90.83,100.0
U_31023302,C_1822804,225,223,99.11,0.0,0.0,100.0,0.0,0.0,1,0.6931471805599453,0,0.0,0.0,100.0,0.0,99.11,0.0
U_31023677,C_1925887,59,26,44.07,100.0,100.0,0.0,0.0,0.0,3,1.3862943611198906,0,100.0,0.0,0.0,0.0,44.07,100.0
U_31026870,C_1822804,225,178,79.11,0.0,0.0,100.0,0.0,0.0,3,1.3862943611198906,0,0.0,0.0,100.0,0.0,79.11,0.0
U_31027425,C_1822804,225,183,81.33,50.0,50.0,50.0,0.0,0.0,2,1.0986122886681098,0,0.0,50.0,50.0,0.0,81.33,50.0
U_31027950,C_1822804,225,221,98.22,0.0,0.0,100.0,0.0,0.0,3,1.3862943611198906,0,0.0,0.0,100.0,0.0,98.22,0.0
U_31030822,C_1987717,40,35,87.5,75.0,75.0,25.0,0.0,0.0,4,1.6094379124341005,0,25.0,50.0,25.0,0.0,87.5,75.0
U_31031935,C_1822804,225,218,96.89,0.0,0.0,100.0,0.0,0.0,1,0.6931471805599453,0,0.0,0.0,100.0,0.0,96.89,0.0
U_31033485,C_1822804,222,216,97.3,0.0,0.0,100.0,0.0,0.0,1,0.6931471805599453,0,0.0,0.0,100.0,0.0,97.3,0.0
U_31034239,C_680719,45,44,97.78,25.0,0.0,50.0,25.0,25.0,4,1.6094379124341005,0,0.0,0.0,50.0,25.0,97.78,25.0
U_31034239,C_1741554,72,71,98.61,25.0,0.0,50.0,25.0,25.0,4,1.6094379124341005,0,0.0,0.0,50.0,25.0,98.61,25.0
U_31034239,C_1767581,27,27,100.0,25.0,0.0,50.0,25.0,25.0,4,1.6094379124341005,0,0.0,0.0,50.0,25.0,100.0,25.0
U_31034239,C_696596,355,347,97.75,25.0,0.0,50.0,25.0,25.0,4,1.6094379124341005,0,0.0,0.0,50.0,25.0,97.75,25.0
U_31035131,C_799800,45,28,62.22,58.333333333333336,58.333333333333336,37.5,0.0,4.166666666666666,72,4.290459441148391,0,22.22222222222222,36.11111111111111,37.5,0.0,62.22,58.333333333333336
U_310376,C_746997,24,14,58.33,100.0,100.0,0.0,0.0,0.0,1,0.6931471805599453,0,100.0,0.0,0.0,0.0,58.33,100.0
U_31043031,C_1822804,225,208,92.44,16.883116883116884,15.584415584415584,62.33766233766234,1.2987012987012987,19.480519480519483,77,4.356708826689592,0,0.0,15.584415584415584,62.33766233766234,1.2987012987012987,92.44,16.883116883116884
U_31044678,C_1731884,119,75,63.03,0.0,0.0,50.0,0.0,50.0,2,1.0986122886681098,0,0.0,0.0,50.0,0.0,63.03,0.0
U_31045066,C_1822804,219,214,97.72,0.0,0.0,100.0,0.0,0.0,23,3.1780538303479458,0,0.0,0.0,100.0,0.0,97.72,0.0
U_31047194,C_1738993,55,24,43.64,0.0,0.0,100.0,0.0,0.0,1,0.6931471805599453,0,0.0,0.0,100.0,0.0,43.64,0.0
U_31049694,C_1822804,225,172,76.44,0.0,0.0,100.0,0.0,0.0,1,0.6931471805599453,0,0.0,0.0,100.0,0.0,76.44,0.0
U_31050294,C_1822804,225,204,90.67,25.0,25.0,75.0,0.0,0.0,4,1.6094379124341005,0,0.0,25.0,75.0,0.0,90.67,25.0
U_31053316,C_1822804,225,145,64.44,0.0,0.0,0.0,0.0,100.0,1,0.6931471805599453,0,0.0,0.0,0.0,0.0,64.44,0.0
U_31053407,C_1822804,225,220,97.78,0.0,0.0,0.0,0.0,100.0,1,0.6931471805599453,0,0.0,0.0,0.0,0.0,97.78,0.0
U_31054799,C_676635,35,17,48.57,100.0,100.0,0.0,0.0,0.0,19,2.995732273553991,0,100.0,0.0,0.0,0.0,48.57,100.0
U_31055381,C_1822804,225,210,93.33,0.0,0.0,100.0,0.0,0.0,1,0.6931471805599453,0,0.0,0.0,100.0,0.0,93.33,0.0
U_31057638,C_1822804,225,189,84.0,100.0,0.0,0.0,100.0,0.0,2,1.0986122886681098,0,0.0,0.0,0.0,100.0,84.0,100.0
U_31058058,C_735239,22,17,77.27,20.0,20.0,20.0,0.0,60.0,5,1.791759469228055,0,0.0,20.0,20.0,0.0,77.27,20.0
U_31058391,C_1756074,50,48,96.0,100.0,100.0,0.0,0.0,0.0,1,0.6931471805599453,0,100.0,0.0,0.0,0.0,96.0,100.0
U_31058391,C_1761377,37,19,51.35,100.0,100.0,0.0,0.0,0.0,1,0.6931471805599453,0,100.0,0.0,0.0,0.0,51.35,100.0
U_31059220,C_2033958,15,9,60.0,100.0,100.0,0.0,0.0,0.0,2,1.0986122886681098,0,100.0,0.0,0.0,0.0,60.0,100.0
U_31059834,C_879069,25,14,56.0,50.0,0.0,0.0,50.0,50.0,2,1.0986122886681098,0,0.0,0.0,0.0,50.0,56.0,50.0
U_31059898,C_674959,7,4,57.14,100.0,100.0,0.0,0.0,0.0,1,0.6931471805599453,0,100.0,0.0,0.0,0.0,57.14,100.0
U_31060034,C_676646,36,28,77.78,0.0,0.0,100.0,0.0,0.0,1,0.6931471805599453,0,0.0,0.0,100.0,0.0,77.78,0.0
U_31060153,C_735115,284,87,30.63,0.0,0.0,100.0,0.0,0.0,1,0.6931471805599453,0,0.0,0.0,100.0,0.0,30.63,0.0
U_31060888,C_1822804,225,79,35.11,0.0,0.0,100.0,0.0,0.0,1,0.6931471805599453,0,0.0,0.0,100.0,0.0,35.11,0.0
U_31061866,C_674920,10,7,70.0,66.66666666666666,66.66666666666666,33.33333333333333,0.0,0.0,3,1.3862943611198906,0,33.33333333333333,33.33333333333333,33.33333333333333,0.0,70.0,66.66666666666666
U_31062979,C_799791,8,6,75.0,100.0,100.0,0.0,0.0,0.0,4,1.6094379124341005,0,100.0,0.0,0.0,0.0,75.0,100.0
U_31064658,C_854843,8,6,75.0,100.0,100.0,0.0,0.0,0.0,1,0.6931471805599453,0,100.0,0.0,0.0,0.0,75.0,100.0
U_31065159,C_707083,108,83,76.85,100.0,100.0,0.0,0.0,0.0,1,0.6931471805599453,0,100.0,0.0,0.0,0.0,76.85,100.0
U_31065483,C_947250,84,84,100.0,50.0,0.0,50.0,50.0,0.0,2,1.0986122886681098,0,0.0,0.0,50.0,50.0,100.0,50.0
U_31066424,C_801420,8,5,62.5,100.0,100.0,0.0,0.0,0.0,1,0.6931471805599453,0,100.0,0.0,0.0,0.0,62.5,100.0
U_31066923,C_1822804,97,53,54.64,10.0,0.0,90.0,10.0,0.0,10,2.3978952727983707,0,0.0,0.0,90.0,10.0,54.64,10.0
U_31067138,C_735241,15,8,53.33,100.0,100.0,0.0,0.0,0.0,2,1.0986122886681098,0,100.0,0.0,0.0,0.0,53.33,100.0
U_31067467,C_770751,14,6,42.86,100.0,100.0,0.0,0.0,0.0,2,1.0986122886681098,0,50.0,50.0,0.0,0.0,42.86,100.0
U_31067669,C_801420,8,2,25.0,0.0,0.0,100.0,0.0,0.0,2,1.0986122886681098,0,0.0,0.0,100.0,0.0,25.0,0.0
U_31068278,C_707083,18,18,100.0,5.8626465661641545,4.0201005025125625,85.25963149078727,1.8425460636515911,8.710217755443885,597,6.393590753950631,0,0.6700167504187605,3.350083752093802,85.25963149078727,1.8425460636515911,100.0,5.8626465661641545
U_31070644,C_2095102,39,26,66.67,100.0,100.0,0.0,0.0,0.0,1,0.6931471805599453,0,0.0,100.0,0.0,0.0,66.67,100.0
U_31070706,C_799791,6,3,50.0,100.0,100.0,0.0,0.0,0.0,2,1.0986122886681098,0,100.0,0.0,0.0,0.0,50.0,100.0
U_31071075,C_1822804,104,95,91.35,0.0,0.0,0.0,0.0,100.0,1,0.6931471805599453,0,0.0,0.0,0.0,0.0,91.35,0.0
U_31071729,C_1864063,10,5,50.0,20.0,0.0,80.0,20.0,0.0,5,1.791759469228055,0,0.0,0.0,80.0,20.0,50.0,20.0
U_31072152,C_1811739,60,41,68.33,100.0,100.0,0.0,0.0,0.0,2,1.0986122886681098,0,100.0,0.0,0.0,0.0,68.33,100.0
U_31072467,C_1756056,101,86,85.15,0.0,0.0,100.0,0.0,0.0,1,0.6931471805599453,0,0.0,0.0,100.0,0.0,85.15,0.0
U_31073335,C_1822804,208,179,86.06,100.0,0.0,0.0,100.0,0.0,2,1.0986122886681098,0,0.0,0.0,0.0,100.0,86.06,100.0
U_31073948,C_801420,6,1,16.67,66.66666666666666,66.66666666666666,33.33333333333333,0.0,0.0,3,1.3862943611198906,0,66.66666666666666,0.0,33.33333333333333,0.0,16.67,66.66666666666666
U_31083021,C_681671,6,3,50.0,100.0,100.0,0.0,0.0,0.0,1,0.6931471805599453,0,100.0,0.0,0.0,0.0,50.0,100.0
U_31085044,C_1756074,25,25,100.0,66.66666666666666,66.66666666666666,33.33333333333333,0.0,0.0,3,1.3862943611198906,0,33.33333333333333,33.33333333333333,33.33333333333333,0.0,100.0,66.66666666666666
U_31085354,C_674920,10,8,80.0,10.0,10.0,20.0,0.0,70.0,30,3.4339872044851463,0,3.3333333333333335,6.666666666666667,20.0,0.0,80.0,10.0
U_31087506,C_1903985,47,25,53.19,0.0,0.0,100.0,0.0,0.0,3,1.3862943611198906,0,0.0,0.0,100.0,0.0,53.19,0.0
U_31087701,C_735385,6,6,100.0,90.0,90.0,10.0,0.0,0.0,10,2.3978952727983707,0,90.0,0.0,10.0,0.0,100.0,90.0
U_31088265,C_1822804,225,159,70.67,0.0,0.0,100.0,0.0,0.0,2,1.0986122886681098,0,0.0,0.0,100.0,0.0,70.67,0.0
U_31088686,C_948141,5,4,80.0,50.0,50.0,50.0,0.0,0.0,4,1.6094379124341005,0,50.0,0.0,50.0,0.0,80.0,50.0
U_31090531,C_799800,8,0,0.0,0.0,0.0,100.0,0.0,0.0,1,0.6931471805599453,0,0.0,0.0,100.0,0.0,0.0,0.0
U_31091432,C_1781818,5,3,60.0,100.0,100.0,0.0,0.0,0.0,1,0.6931471805599453,0,100.0,0.0,0.0,0.0,60.0,100.0
U_31091880,C_735164,156,155,99.36,50.0,50.0,50.0,0.0,0.0,4,1.6094379124341005,0,0.0,50.0,50.0,0.0,99.36,50.0
U_31092046,C_1822804,225,222,98.67,100.0,0.0,0.0,100.0,0.0,1,0.6931471805599453,0,0.0,0.0,0.0,100.0,98.67,100.0
U_31092558,C_735385,46,34,73.91,100.0,100.0,0.0,0.0,0.0,1,0.6931471805599453,0,100.0,0.0,0.0,0.0,73.91,100.0
U_31093153,C_854843,9,6,66.67,100.0,100.0,0.0,0.0,0.0,8,2.1972245773362196,0,100.0,0.0,0.0,0.0,66.67,100.0
U_31093448,C_854843,11,8,72.73,100.0,100.0,0.0,0.0,0.0,3,1.3862943611198906,0,100.0,0.0,0.0,0.0,72.73,100.0
U_31093647,C_746997,25,14,56.0,100.0,100.0,0.0,0.0,0.0,1,0.6931471805599453,0,100.0,0.0,0.0,0.0,56.0,100.0
U_31094099,C_1822804,72,67,93.06,0.0,0.0,100.0,0.0,0.0,2,1.0986122886681098,0,0.0,0.0,100.0,0.0,93.06,0.0
U_31094835,C_681032,7,4,57.14,100.0,100.0,0.0,0.0,0.0,2,1.0986122886681098,0,100.0,0.0,0.0,0.0,57.14,100.0
U_31100230,C_799791,32,24,75.0,100.0,100.0,0.0,0.0,0.0,21,3.091042453358316,0,95.23809523809524,4.761904761904762,0.0,0.0,75.0,100.0
U_31105058,C_801420,130,72,55.38,100.0,100.0,0.0,0.0,0.0,10,2.3978952727983707,0,80.0,20.0,0.0,0.0,55.38,100.0
U_31106078,C_801420,5,0,0.0,58.333333333333336,58.333333333333336,33.33333333333333,0.0,8.333333333333332,12,2.5649493574615367,0,50.0,8.333333333333332,33.33333333333333,0.0,0.0,58.333333333333336
U_31106210,C_1756056,12,11,91.67,100.0,100.0,0.0,0.0,0.0,2,1.0986122886681098,0,100.0,0.0,0.0,0.0,91.67,100.0
U_31106210,C_1756063,10,10,100.0,100.0,100.0,0.0,0.0,0.0,2,1.0986122886681098,0,100.0,0.0,0.0,0.0,100.0,100.0
U_31106419,C_1755909,6,5,83.33,94.79166666666666,90.625,4.6875,4.166666666666666,0.5208333333333333,192,5.262690188904886,0,84.375,6.25,4.6875,4.166666666666666,83.33,94.79166666666666
U_31106419,C_1756063,148,95,64.19,94.79166666666666,90.625,4.6875,4.166666666666666,0.5208333333333333,192,5.262690188904886,0,84.375,6.25,4.6875,4.166666666666666,64.19,94.79166666666666
U_31106419,C_1761386,92,32,34.78,94.79166666666666,90.625,4.6875,4.166666666666666,0.5208333333333333,192,5.262690188904886,0,84.375,6.25,4.6875,4.166666666666666,34.78,94.79166666666666
U_31106850,C_1704762,109,89,81.65,50.0,50.0,50.0,0.0,0.0,2,1.0986122886681098,0,50.0,0.0,50.0,0.0,81.65,50.0
U_31107335,C_1822804,225,225,100.0,0.0,0.0,100.0,0.0,0.0,6,1.9459101490553132,0,0.0,0.0,100.0,0.0,100.0,0.0
U_31110318,C_1797904,6,4,66.67,33.33333333333333,33.33333333333333,66.66666666666666,0.0,0.0,3,1.3862943611198906,0,0.0,33.33333333333333,66.66666666666666,0.0,66.67,33.33333333333333
U_31110963,C_1822804,225,223,99.11,0.0,0.0,100.0,0.0,0.0,1,0.6931471805599453,0,0.0,0.0,100.0,0.0,99.11,0.0
U_31111128,C_823308,85,60,70.59,0.0,0.0,100.0,0.0,0.0,4,1.6094379124341005,0,0.0,0.0,100.0,0.0,70.59,0.0
U_31111214,C_1822804,225,193,85.78,33.33333333333333,33.33333333333333,33.33333333333333,0.0,33.33333333333333,3,1.3862943611198906,0,33.33333333333333,0.0,33.33333333333333,0.0,85.78,33.33333333333333
U_31111359,C_1929045,16,9,56.25,100.0,100.0,0.0,0.0,0.0,5,1.791759469228055,0,100.0,0.0,0.0,0.0,56.25,100.0
U_31111359,C_1945689,26,22,84.62,100.0,100.0,0.0,0.0,0.0,5,1.791759469228055,0,100.0,0.0,0.0,0.0,84.62,100.0
U_31113864,C_1903985,20,14,70.0,66.66666666666666,66.66666666666666,33.33333333333333,0.0,0.0,3,1.3862943611198906,0,66.66666666666666,0.0,33.33333333333333,0.0,70.0,66.66666666666666
U_31115624,C_1822804,225,223,99.11,0.0,0.0,100.0,0.0,0.0,7,2.0794415416798357,0,0.0,0.0,100.0,0.0,99.11,0.0
U_31116781,C_823308,12,10,83.33,100.0,100.0,0.0,0.0,0.0,2,1.0986122886681098,0,100.0,0.0,0.0,0.0,83.33,100.0
U_31117467,C_1822804,225,212,94.22,0.0,0.0,100.0,0.0,0.0,2,1.0986122886681098,0,0.0,0.0,100.0,0.0,94.22,0.0
U_31119196,C_1761364,10,7,70.0,100.0,100.0,0.0,0.0,0.0,3,1.3862943611198906,0,100.0,0.0,0.0,0.0,70.0,100.0
U_3112,C_735342,20,17,85.0,9.090909090909092,9.090909090909092,31.818181818181817,0.0,59.09090909090909,22,3.1354942159291497,0,0.0,9.090909090909092,31.818181818181817,0.0,85.0,9.090909090909092
U_31120036,C_1756062,31,17,54.84,93.18181818181816,93.18181818181816,2.272727272727273,0.0,0.0,44,3.80666248977032,0,93.18181818181816,0.0,2.272727272727273,0.0,54.84,93.18181818181816
U_31124135,C_1738993,48,21,43.75,0.0,0.0,100.0,0.0,0.0,1,0.6931471805599453,0,0.0,0.0,100.0,0.0,43.75,0.0
U_31125589,C_1822804,225,224,99.56,0.0,0.0,100.0,0.0,0.0,2,1.0986122886681098,0,0.0,0.0,100.0,0.0,99.56,0.0
U_31126095,C_1822804,225,220,97.78,50.0,33.33333333333333,50.0,16.666666666666664,0.0,6,1.9459101490553132,0,0.0,33.33333333333333,50.0,16.666666666666664,97.78,50.0
U_31126494,C_1822804,225,224,99.56,0.0,0.0,100.0,0.0,0.0,5,1.791759469228055,0,0.0,0.0,100.0,0.0,99.56,0.0
U_31126594,C_1822804,222,219,98.65,7.6923076923076925,7.6923076923076925,92.3076923076923,0.0,0.0,13,2.6390573296152584,0,0.0,7.6923076923076925,92.3076923076923,0.0,98.65,7.6923076923076925
U_31126798,C_1822804,225,225,100.0,0.0,0.0,100.0,0.0,0.0,2,1.0986122886681098,0,0.0,0.0,100.0,0.0,100.0,0.0
U_31128414,C_707456,48,33,68.75,100.0,100.0,0.0,0.0,0.0,2,1.0986122886681098,0,50.0,50.0,0.0,0.0,68.75,100.0
U_31129356,C_1822804,225,120,53.33,0.0,0.0,0.0,0.0,100.0,2,1.0986122886681098,0,0.0,0.0,0.0,0.0,53.33,0.0
U_31134219,C_1822804,225,220,97.78,12.5,12.5,75.0,0.0,12.5,16,2.833213344056216,0,0.0,12.5,75.0,0.0,97.78,12.5
U_31134488,C_1822804,225,225,100.0,100.0,50.0,0.0,50.0,0.0,2,1.0986122886681098,0,0.0,50.0,0.0,50.0,100.0,100.0
U_31134749,C_1822804,225,221,98.22,0.0,0.0,100.0,0.0,0.0,6,1.9459101490553132,0,0.0,0.0,100.0,0.0,98.22,0.0
U_31135960,C_1822804,225,216,96.0,0.0,0.0,100.0,0.0,0.0,1,0.6931471805599453,0,0.0,0.0,100.0,0.0,96.0,0.0
U_31136362,C_1822804,224,203,90.62,20.0,20.0,80.0,0.0,0.0,5,1.791759469228055,0,0.0,20.0,80.0,0.0,90.62,20.0
U_31138680,C_1822804,18,15,83.33,12.5,0.0,87.5,12.5,0.0,8,2.1972245773362196,0,0.0,0.0,87.5,12.5,83.33,12.5
U_31139474,C_1822804,213,206,96.71,0.0,0.0,100.0,0.0,0.0,1,0.6931471805599453,0,0.0,0.0,100.0,0.0,96.71,0.0
U_31141095,C_1822804,225,206,91.56,0.0,0.0,100.0,0.0,0.0,1,0.6931471805599453,0,0.0,0.0,100.0,0.0,91.56,0.0
U_31141496,C_1822804,31,18,58.06,0.0,0.0,100.0,0.0,0.0,9,2.302585092994046,0,0.0,0.0,100.0,0.0,58.06,0.0
U_31142049,C_1822804,143,142,99.3,0.0,0.0,100.0,0.0,0.0,3,1.3862943611198906,0,0.0,0.0,100.0,0.0,99.3,0.0
U_31145089,C_1822804,79,49,62.03,0.0,0.0,100.0,0.0,0.0,4,1.6094379124341005,0,0.0,0.0,100.0,0.0,62.03,0.0
U_31145325,C_943223,113,73,64.6,100.0,100.0,0.0,0.0,0.0,4,1.6094379124341005,0,50.0,50.0,0.0,0.0,64.6,100.0
U_31147321,C_697076,15,9,60.0,100.0,100.0,0.0,0.0,0.0,3,1.3862943611198906,0,100.0,0.0,0.0,0.0,60.0,100.0
U_31152087,C_734011,5,3,60.0,100.0,100.0,0.0,0.0,0.0,4,1.6094379124341005,0,100.0,0.0,0.0,0.0,60.0,100.0
U_31153890,C_1903985,106,80,75.47,100.0,100.0,0.0,0.0,0.0,4,1.6094379124341005,0,75.0,25.0,0.0,0.0,75.47,100.0
U_31158785,C_677087,97,68,70.1,66.66666666666666,66.66666666666666,33.33333333333333,0.0,0.0,6,1.9459101490553132,0,50.0,16.666666666666664,33.33333333333333,0.0,70.1,66.66666666666666
U_31159420,C_1822804,225,222,98.67,0.0,0.0,0.0,0.0,100.0,1,0.6931471805599453,0,0.0,0.0,0.0,0.0,98.67,0.0
U_31159438,C_1765606,8,6,75.0,100.0,100.0,0.0,0.0,0.0,1,0.6931471805599453,0,100.0,0.0,0.0,0.0,75.0,100.0
U_31161647,C_1822804,166,150,90.36,30.76923076923077,0.0,46.15384615384615,30.76923076923077,23.076923076923077,13,2.6390573296152584,0,0.0,0.0,46.15384615384615,30.76923076923077,90.36,30.76923076923077
U_31172709,C_1944729,30,26,86.67,100.0,100.0,0.0,0.0,0.0,4,1.6094379124341005,0,100.0,0.0,0.0,0.0,86.67,100.0
U_31175884,C_1784414,21,15,71.43,71.42857142857143,57.14285714285714,0.0,14.285714285714285,14.285714285714285,7,2.0794415416798357,0,57.14285714285714,0.0,0.0,14.285714285714285,71.43,71.42857142857143
U_31178268,C_680992,21,17,80.95,100.0,100.0,0.0,0.0,0.0,1,0.6931471805599453,0,100.0,0.0,0.0,0.0,80.95,100.0
U_31184329,C_1903983,12,8,66.67,100.0,100.0,0.0,0.0,0.0,2,1.0986122886681098,0,100.0,0.0,0.0,0.0,66.67,100.0
U_31184329,C_707035,18,14,77.78,100.0,100.0,0.0,0.0,0.0,2,1.0986122886681098,0,100.0,0.0,0.0,0.0,77.78,100.0
U_31194773,C_801420,5,1,20.0,100.0,100.0,0.0,0.0,0.0,1,0.6931471805599453,0,100.0,0.0,0.0,0.0,20.0,100.0
U_31199124,C_1875539,10,4,40.0,100.0,100.0,0.0,0.0,0.0,3,1.3862943611198906,0,100.0,0.0,0.0,0.0,40.0,100.0
U_31201544,C_680992,26,23,88.46,100.0,100.0,0.0,0.0,0.0,1,0.6931471805599453,0,100.0,0.0,0.0,0.0,88.46,100.0
U_31205579,C_1756056,255,242,94.9,100.0,100.0,0.0,0.0,0.0,26,3.295836866004329,0,100.0,0.0,0.0,0.0,94.9,100.0
U_31210726,C_943223,8,5,62.5,60.0,60.0,40.0,0.0,0.0,5,1.791759469228055,0,0.0,60.0,40.0,0.0,62.5,60.0
U_31212373,C_680992,31,27,87.1,33.33333333333333,0.0,66.66666666666666,33.33333333333333,0.0,3,1.3862943611198906,0,0.0,0.0,66.66666666666666,33.33333333333333,87.1,33.33333333333333
U_31212403,C_680992,31,25,80.65,0.0,0.0,100.0,0.0,0.0,3,1.3862943611198906,0,0.0,0.0,100.0,0.0,80.65,0.0
U_31214913,C_801420,57,35,61.4,33.33333333333333,0.0,66.66666666666666,33.33333333333333,0.0,3,1.3862943611198906,0,0.0,0.0,66.66666666666666,33.33333333333333,61.4,33.33333333333333
U_31214913,C_747047,126,124,98.41,33.33333333333333,0.0,66.66666666666666,33.33333333333333,0.0,3,1.3862943611198906,0,0.0,0.0,66.66666666666666,33.33333333333333,98.41,33.33333333333333
U_31227286,C_682392,41,13,31.71,40.0,40.0,60.0,0.0,0.0,5,1.791759469228055,0,40.0,0.0,60.0,0.0,31.71,40.0
U_31228347,C_801420,5,1,20.0,100.0,100.0,0.0,0.0,0.0,1,0.6931471805599453,0,100.0,0.0,0.0,0.0,20.0,100.0
U_31232166,C_680992,51,32,62.75,100.0,100.0,0.0,0.0,0.0,1,0.6931471805599453,0,100.0,0.0,0.0,0.0,62.75,100.0
U_31245750,C_1903983,378,266,70.37,15.789473684210526,10.526315789473683,39.473684210526315,5.263157894736842,39.473684210526315,38,3.6635616461296463,0,10.526315789473683,0.0,39.473684210526315,5.263157894736842,70.37,15.789473684210526
U_31247500,C_1738993,13,7,53.85,50.0,0.0,50.0,50.0,0.0,2,1.0986122886681098,0,0.0,0.0,50.0,50.0,53.85,50.0
U_31250113,C_1824928,40,36,90.0,100.0,100.0,0.0,0.0,0.0,2,1.0986122886681098,0,100.0,0.0,0.0,0.0,90.0,100.0
U_31252818,C_1704762,58,45,77.59,100.0,100.0,0.0,0.0,0.0,2,1.0986122886681098,0,50.0,50.0,0.0,0.0,77.59,100.0
U_31258508,C_735241,15,11,73.33,100.0,100.0,0.0,0.0,0.0,11,2.4849066497880004,0,90.9090909090909,9.090909090909092,0.0,0.0,73.33,100.0
U_31271711,C_1903985,7,0,0.0,100.0,100.0,0.0,0.0,0.0,1,0.6931471805599453,0,100.0,0.0,0.0,0.0,0.0,100.0
U_31276161,C_2141847,35,20,57.14,80.0,80.0,20.0,0.0,0.0,5,1.791759469228055,0,80.0,0.0,20.0,0.0,57.14,80.0
U_31276925,C_735130,292,290,99.32,100.0,100.0,0.0,0.0,0.0,7,2.0794415416798357,0,100.0,0.0,0.0,0.0,99.32,100.0
U_31280734,C_735241,30,21,70.0,100.0,100.0,0.0,0.0,0.0,1,0.6931471805599453,0,100.0,0.0,0.0,0.0,70.0,100.0
U_31395278,C_799791,5,4,80.0,63.63636363636363,54.54545454545454,36.36363636363637,9.090909090909092,0.0,11,2.4849066497880004,0,45.45454545454545,9.090909090909092,36.36363636363637,9.090909090909092,80.0,63.63636363636363
U_31395278,C_799800,5,5,100.0,63.63636363636363,54.54545454545454,36.36363636363637,9.090909090909092,0.0,11,2.4849066497880004,0,45.45454545454545,9.090909090909092,36.36363636363637,9.090909090909092,100.0,63.63636363636363
U_31395321,C_801420,10,5,50.0,100.0,100.0,0.0,0.0,0.0,2,1.0986122886681098,0,100.0,0.0,0.0,0.0,50.0,100.0
U_31398135,C_1738993,24,17,70.83,0.0,0.0,100.0,0.0,0.0,1,0.6931471805599453,0,0.0,0.0,100.0,0.0,70.83,0.0
U_31399385,C_1765606,11,8,72.73,100.0,100.0,0.0,0.0,0.0,258,5.556828061699537,0,100.0,0.0,0.0,0.0,72.73,100.0
U_31401291,C_1811739,40,30,75.0,33.33333333333333,33.33333333333333,66.66666666666666,0.0,0.0,3,1.3862943611198906,0,33.33333333333333,0.0,66.66666666666666,0.0,75.0,33.33333333333333
U_31404817,C_747047,96,47,48.96,100.0,100.0,0.0,0.0,0.0,1,0.6931471805599453,0,100.0,0.0,0.0,0.0,48.96,100.0
U_31430856,C_823300,40,25,62.5,86.48648648648648,78.37837837837837,13.513513513513514,8.108108108108109,0.0,37,3.6375861597263857,0,67.56756756756756,10.81081081081081,13.513513513513514,8.108108108108109,62.5,86.48648648648648
U_31431143,C_1756063,400,379,94.75,0.0,0.0,100.0,0.0,0.0,2,1.0986122886681098,0,0.0,0.0,100.0,0.0,94.75,0.0
U_31433696,C_1756063,400,380,95.0,50.0,0.0,50.0,50.0,0.0,2,1.0986122886681098,0,0.0,0.0,50.0,50.0,95.0,50.0
U_31461212,C_1756063,400,390,97.5,100.0,100.0,0.0,0.0,0.0,2,1.0986122886681098,0,100.0,0.0,0.0,0.0,97.5,100.0
U_31461235,C_746997,55,40,72.73,100.0,100.0,0.0,0.0,0.0,1,0.6931471805599453,0,100.0,0.0,0.0,0.0,72.73,100.0
U_31465202,C_697748,597,455,76.21,100.0,100.0,0.0,0.0,0.0,6,1.9459101490553132,0,83.33333333333334,16.666666666666664,0.0,0.0,76.21,100.0
U_31473030,C_735130,292,282,96.58,0.0,0.0,100.0,0.0,0.0,1,0.6931471805599453,0,0.0,0.0,100.0,0.0,96.58,0.0
U_31476897,C_1864058,12,9,75.0,100.0,100.0,0.0,0.0,0.0,16,2.833213344056216,0,100.0,0.0,0.0,0.0,75.0,100.0
U_31506859,C_1756063,400,337,84.25,100.0,100.0,0.0,0.0,0.0,1,0.6931471805599453,0,100.0,0.0,0.0,0.0,84.25,100.0
U_31512778,C_801420,15,10,66.67,100.0,100.0,0.0,0.0,0.0,4,1.6094379124341005,0,100.0,0.0,0.0,0.0,66.67,100.0
U_31521379,C_1903985,20,8,40.0,100.0,100.0,0.0,0.0,0.0,3,1.3862943611198906,0,100.0,0.0,0.0,0.0,40.0,100.0
U_31549541,C_1472684,5,1,20.0,100.0,100.0,0.0,0.0,0.0,2,1.0986122886681098,0,100.0,0.0,0.0,0.0,20.0,100.0
U_31549541,C_948267,10,4,40.0,100.0,100.0,0.0,0.0,0.0,2,1.0986122886681098,0,100.0,0.0,0.0,0.0,40.0,100.0
U_31639613,C_801420,6,0,0.0,100.0,100.0,0.0,0.0,0.0,1,0.6931471805599453,0,100.0,0.0,0.0,0.0,0.0,100.0
U_31641247,C_746997,16,11,68.75,100.0,100.0,0.0,0.0,0.0,1,0.6931471805599453,0,100.0,0.0,0.0,0.0,68.75,100.0
U_31691639,C_746997,16,10,62.5,100.0,100.0,0.0,0.0,0.0,4,1.6094379124341005,0,100.0,0.0,0.0,0.0,62.5,100.0
U_31700791,C_1756056,24,23,95.83,100.0,33.33333333333333,0.0,66.66666666666666,0.0,3,1.3862943611198906,0,33.33333333333333,0.0,0.0,66.66666666666666,95.83,100.0
U_31737264,C_2095102,21,17,80.95,100.0,100.0,0.0,0.0,0.0,2,1.0986122886681098,0,100.0,0.0,0.0,0.0,80.95,100.0
U_31742367,C_823308,12,10,83.33,0.0,0.0,20.0,0.0,60.0,5,1.791759469228055,0,0.0,0.0,20.0,0.0,83.33,0.0
U_31744655,C_769273,5,4,80.0,100.0,100.0,0.0,0.0,0.0,2,1.0986122886681098,0,100.0,0.0,0.0,0.0,80.0,100.0
U_31757436,C_746997,25,21,84.0,100.0,100.0,0.0,0.0,0.0,1,0.6931471805599453,0,0.0,100.0,0.0,0.0,84.0,100.0
U_31760931,C_948264,5,3,60.0,100.0,100.0,0.0,0.0,0.0,3,1.3862943611198906,0,66.66666666666666,33.33333333333333,0.0,0.0,60.0,100.0
U_31870539,C_746997,27,21,77.78,50.0,50.0,50.0,0.0,0.0,4,1.6094379124341005,0,50.0,0.0,50.0,0.0,77.78,50.0
U_31877143,C_890125,6,6,100.0,33.33333333333333,0.0,66.66666666666666,33.33333333333333,0.0,3,1.3862943611198906,0,0.0,0.0,66.66666666666666,33.33333333333333,100.0,33.33333333333333
U_31933393,C_746997,91,62,68.13,100.0,100.0,0.0,0.0,0.0,3,1.3862943611198906,0,100.0,0.0,0.0,0.0,68.13,100.0
U_31945309,C_1903985,106,84,79.25,100.0,100.0,0.0,0.0,0.0,2,1.0986122886681098,0,100.0,0.0,0.0,0.0,79.25,100.0
U_3197977,C_786471,5,1,20.0,0.0,0.0,100.0,0.0,0.0,2,1.0986122886681098,0,0.0,0.0,100.0,0.0,20.0,0.0
U_3197977,C_947158,44,44,100.0,0.0,0.0,100.0,0.0,0.0,2,1.0986122886681098,0,0.0,0.0,100.0,0.0,100.0,0.0
U_3197977,C_948431,45,45,100.0,0.0,0.0,100.0,0.0,0.0,2,1.0986122886681098,0,0.0,0.0,100.0,0.0,100.0,0.0
U_32049683,C_1987701,31,11,35.48,100.0,100.0,0.0,0.0,0.0,10,2.3978952727983707,0,10.0,90.0,0.0,0.0,35.48,100.0
U_32052659,C_746997,12,6,50.0,100.0,100.0,0.0,0.0,0.0,1,0.6931471805599453,0,100.0,0.0,0.0,0.0,50.0,100.0
U_32076798,C_1992921,20,11,55.0,100.0,100.0,0.0,0.0,0.0,1,0.6931471805599453,0,100.0,0.0,0.0,0.0,55.0,100.0
U_32085232,C_2229913,12,12,100.0,100.0,100.0,0.0,0.0,0.0,9,2.302585092994046,0,100.0,0.0,0.0,0.0,100.0,100.0
U_32085702,C_1992935,7,6,85.71,100.0,100.0,0.0,0.0,0.0,1,0.6931471805599453,0,100.0,0.0,0.0,0.0,85.71,100.0
U_32102383,C_746997,16,8,50.0,100.0,100.0,0.0,0.0,0.0,1,0.6931471805599453,0,100.0,0.0,0.0,0.0,50.0,100.0
U_32130875,C_801420,9,3,33.33,100.0,100.0,0.0,0.0,0.0,2,1.0986122886681098,0,100.0,0.0,0.0,0.0,33.33,100.0
U_32136812,C_681460,16,10,62.5,100.0,100.0,0.0,0.0,0.0,2,1.0986122886681098,0,100.0,0.0,0.0,0.0,62.5,100.0
U_32137157,C_746997,498,364,73.09,50.0,50.0,50.0,0.0,0.0,2,1.0986122886681098,0,50.0,0.0,50.0,0.0,73.09,50.0
U_32162358,C_2095102,104,103,99.04,100.0,100.0,0.0,0.0,0.0,1,0.6931471805599453,0,100.0,0.0,0.0,0.0,99.04,100.0
U_32234191,C_707456,20,17,85.0,66.66666666666666,66.66666666666666,33.33333333333333,0.0,0.0,3,1.3862943611198906,0,66.66666666666666,0.0,33.33333333333333,0.0,85.0,66.66666666666666
U_32249576,C_2066096,106,106,100.0,0.0,0.0,100.0,0.0,0.0,3,1.3862943611198906,0,0.0,0.0,100.0,0.0,100.0,0.0
U_32260319,C_681460,40,33,82.5,0.0,0.0,100.0,0.0,0.0,1,0.6931471805599453,0,0.0,0.0,100.0,0.0,82.5,0.0
U_32296664,C_1912004,10,6,60.0,100.0,100.0,0.0,0.0,0.0,4,1.6094379124341005,0,100.0,0.0,0.0,0.0,60.0,100.0
U_32307196,C_2093531,9,0,0.0,90.9090909090909,90.9090909090909,9.090909090909092,0.0,0.0,11,2.4849066497880004,0,90.9090909090909,0.0,9.090909090909092,0.0,0.0,90.9090909090909
U_32309277,C_746997,12,6,50.0,100.0,100.0,0.0,0.0,0.0,4,1.6094379124341005,0,75.0,25.0,0.0,0.0,50.0,100.0
U_32311029,C_677087,20,18,90.0,100.0,100.0,0.0,0.0,0.0,4,1.6094379124341005,0,100.0,0.0,0.0,0.0,90.0,100.0
U_32327151,C_1918363,33,23,69.7,100.0,100.0,0.0,0.0,0.0,5,1.791759469228055,0,100.0,0.0,0.0,0.0,69.7,100.0
U_32340795,C_746997,16,13,81.25,100.0,100.0,0.0,0.0,0.0,1,0.6931471805599453,0,100.0,0.0,0.0,0.0,81.25,100.0
U_32350564,C_823300,11,8,72.73,100.0,100.0,0.0,0.0,0.0,1,0.6931471805599453,0,100.0,0.0,0.0,0.0,72.73,100.0
U_32416807,C_2229902,8,5,62.5,70.58823529411765,58.82352941176471,20.588235294117645,11.76470588235294,8.823529411764707,34,3.5553480614894135,0,47.05882352941176,11.76470588235294,20.588235294117645,11.76470588235294,62.5,70.58823529411765
U_32426616,C_746997,29,22,75.86,100.0,100.0,0.0,0.0,0.0,1,0.6931471805599453,0,0.0,100.0,0.0,0.0,75.86,100.0
U_32495092,C_823308,154,137,88.96,0.0,0.0,100.0,0.0,0.0,4,1.6094379124341005,0,0.0,0.0,100.0,0.0,88.96,0.0
U_32495151,C_746997,16,10,62.5,100.0,100.0,0.0,0.0,0.0,1,0.6931471805599453,0,100.0,0.0,0.0,0.0,62.5,100.0
U_32498474,C_746997,23,18,78.26,40.0,33.33333333333333,53.333333333333336,6.666666666666667,6.666666666666667,15,2.772588722239781,0,33.33333333333333,0.0,53.333333333333336,6.666666666666667,78.26,40.0
U_32502406,C_1925898,7,3,42.86,0.0,0.0,100.0,0.0,0.0,1,0.6931471805599453,0,0.0,0.0,100.0,0.0,42.86,0.0
U_32521420,C_746997,50,29,58.0,100.0,100.0,0.0,0.0,0.0,2,1.0986122886681098,0,100.0,0.0,0.0,0.0,58.0,100.0
U_32539356,C_2141847,51,38,74.51,100.0,100.0,0.0,0.0,0.0,10,2.3978952727983707,0,80.0,20.0,0.0,0.0,74.51,100.0
U_32550505,C_746997,23,19,82.61,100.0,100.0,0.0,0.0,0.0,6,1.9459101490553132,0,66.66666666666666,33.33333333333333,0.0,0.0,82.61,100.0
U_3257075,C_854854,288,93,32.29,100.0,100.0,0.0,0.0,0.0,4,1.6094379124341005,0,100.0,0.0,0.0,0.0,32.29,100.0
U_3257075,C_948142,32,11,34.38,100.0,100.0,0.0,0.0,0.0,4,1.6094379124341005,0,100.0,0.0,0.0,0.0,34.38,100.0
U_32608831,C_681460,22,18,81.82,100.0,100.0,0.0,0.0,0.0,2,1.0986122886681098,0,100.0,0.0,0.0,0.0,81.82,100.0
U_32613738,C_1945689,15,12,80.0,45.45454545454545,45.45454545454545,54.54545454545454,0.0,0.0,11,2.4849066497880004,0,9.090909090909092,36.36363636363637,54.54545454545454,0.0,80.0,45.45454545454545
U_32745103,C_1761386,19,9,47.37,96.55172413793105,96.55172413793105,3.4482758620689653,0.0,0.0,58,4.07753744390572,0,84.48275862068965,12.06896551724138,3.4482758620689653,0.0,47.37,96.55172413793105
U_32745103,C_1944729,80,72,90.0,96.55172413793105,96.55172413793105,3.4482758620689653,0.0,0.0,58,4.07753744390572,0,84.48275862068965,12.06896551724138,3.4482758620689653,0.0,90.0,96.55172413793105
U_32906530,C_948293,10,8,80.0,100.0,100.0,0.0,0.0,0.0,2,1.0986122886681098,0,100.0,0.0,0.0,0.0,80.0,100.0
U_32966481,C_746997,7,6,85.71,100.0,100.0,0.0,0.0,0.0,2,1.0986122886681098,0,100.0,0.0,0.0,0.0,85.71,100.0
U_32997096,C_1945689,26,21,80.77,66.66666666666666,66.66666666666666,33.33333333333333,0.0,0.0,6,1.9459101490553132,0,0.0,66.66666666666666,33.33333333333333,0.0,80.77,66.66666666666666
U_33044668,C_756646,149,47,31.54,38.46153846153847,15.384615384615383,53.84615384615385,23.076923076923077,7.6923076923076925,13,2.6390573296152584,0,15.384615384615383,0.0,53.84615384615385,23.076923076923077,31.54,38.46153846153847
U_33044668,C_2189666,29,13,44.83,38.46153846153847,15.384615384615383,53.84615384615385,23.076923076923077,7.6923076923076925,13,2.6390573296152584,0,15.384615384615383,0.0,53.84615384615385,23.076923076923077,44.83,38.46153846153847
U_33092345,C_797853,75,73,97.33,100.0,0.0,0.0,100.0,0.0,1,0.6931471805599453,0,0.0,0.0,0.0,100.0,97.33,100.0
U_33095502,C_680992,136,111,81.62,100.0,100.0,0.0,0.0,0.0,1,0.6931471805599453,0,100.0,0.0,0.0,0.0,81.62,100.0
U_3310595,C_746997,26,18,69.23,66.66666666666666,66.66666666666666,33.33333333333333,0.0,0.0,6,1.9459101490553132,0,66.66666666666666,0.0,33.33333333333333,0.0,69.23,66.66666666666666
U_33124687,C_746997,6,3,50.0,66.66666666666666,66.66666666666666,33.33333333333333,0.0,0.0,3,1.3862943611198906,0,66.66666666666666,0.0,33.33333333333333,0.0,50.0,66.66666666666666
U_3312875,C_746997,22,15,68.18,100.0,100.0,0.0,0.0,0.0,1,0.6931471805599453,0,100.0,0.0,0.0,0.0,68.18,100.0
U_33139413,C_735385,10,10,100.0,8.333333333333332,8.333333333333332,83.33333333333334,0.0,0.0,12,2.5649493574615367,0,0.0,8.333333333333332,83.33333333333334,0.0,100.0,8.333333333333332
U_33148558,C_735385,16,14,87.5,100.0,100.0,0.0,0.0,0.0,4,1.6094379124341005,0,75.0,25.0,0.0,0.0,87.5,100.0
U_3315720,C_947250,84,59,70.24,0.0,0.0,100.0,0.0,0.0,1,0.6931471805599453,0,0.0,0.0,100.0,0.0,70.24,0.0
U_33175017,C_746997,29,21,72.41,75.0,50.0,25.0,25.0,0.0,4,1.6094379124341005,0,0.0,50.0,25.0,25.0,72.41,75.0
U_33181543,C_746997,23,17,73.91,100.0,100.0,0.0,0.0,0.0,2,1.0986122886681098,0,100.0,0.0,0.0,0.0,73.91,100.0
U_33211729,C_2141847,83,67,80.72,0.0,0.0,100.0,0.0,0.0,2,1.0986122886681098,0,0.0,0.0,100.0,0.0,80.72,0.0
U_33302391,C_735099,22,19,86.36,0.0,0.0,100.0,0.0,0.0,1,0.6931471805599453,0,0.0,0.0,100.0,0.0,86.36,0.0
U_33318741,C_707221,6,4,66.67,100.0,100.0,0.0,0.0,0.0,1,0.6931471805599453,0,100.0,0.0,0.0,0.0,66.67,100.0
U_33359375,C_735239,7,6,85.71,100.0,100.0,0.0,0.0,0.0,1,0.6931471805599453,0,100.0,0.0,0.0,0.0,85.71,100.0
U_3335979,C_735239,22,20,90.91,100.0,100.0,0.0,0.0,0.0,1,0.6931471805599453,0,100.0,0.0,0.0,0.0,90.91,100.0
U_33396540,C_823308,154,125,81.17,100.0,100.0,0.0,0.0,0.0,1,0.6931471805599453,0,0.0,100.0,0.0,0.0,81.17,100.0
U_3344954,C_677004,10,3,30.0,80.0,80.0,20.0,0.0,0.0,5,1.791759469228055,0,80.0,0.0,20.0,0.0,30.0,80.0
U_3344954,C_756665,61,50,81.97,80.0,80.0,20.0,0.0,0.0,5,1.791759469228055,0,80.0,0.0,20.0,0.0,81.97,80.0
U_3344954,C_735342,214,128,59.81,80.0,80.0,20.0,0.0,0.0,5,1.791759469228055,0,80.0,0.0,20.0,0.0,59.81,80.0
U_3344954,C_682440,12,10,83.33,80.0,80.0,20.0,0.0,0.0,5,1.791759469228055,0,80.0,0.0,20.0,0.0,83.33,80.0
U_3344954,C_696633,16,12,75.0,80.0,80.0,20.0,0.0,0.0,5,1.791759469228055,0,80.0,0.0,20.0,0.0,75.0,80.0
U_3344954,C_1907855,70,54,77.14,80.0,80.0,20.0,0.0,0.0,5,1.791759469228055,0,80.0,0.0,20.0,0.0,77.14,80.0
U_3344954,C_2033958,15,10,66.67,80.0,80.0,20.0,0.0,0.0,5,1.791759469228055,0,80.0,0.0,20.0,0.0,66.67,80.0
U_33520977,C_746997,89,69,77.53,100.0,100.0,0.0,0.0,0.0,1,0.6931471805599453,0,100.0,0.0,0.0,0.0,77.53,100.0
U_33550336,C_1756063,35,20,57.14,100.0,100.0,0.0,0.0,0.0,6,1.9459101490553132,0,100.0,0.0,0.0,0.0,57.14,100.0
U_335519,C_1875488,10,7,70.0,100.0,100.0,0.0,0.0,0.0,7,2.0794415416798357,0,100.0,0.0,0.0,0.0,70.0,100.0
U_335519,C_735395,55,46,83.64,100.0,100.0,0.0,0.0,0.0,7,2.0794415416798357,0,100.0,0.0,0.0,0.0,83.64,100.0
U_33791244,C_2059323,70,64,91.43,100.0,100.0,0.0,0.0,0.0,1,0.6931471805599453,0,100.0,0.0,0.0,0.0,91.43,100.0
U_33799328,C_746997,242,168,69.42,0.0,0.0,100.0,0.0,0.0,2,1.0986122886681098,0,0.0,0.0,100.0,0.0,69.42,0.0
U_33825092,C_746997,16,11,68.75,100.0,100.0,0.0,0.0,0.0,1,0.6931471805599453,0,100.0,0.0,0.0,0.0,68.75,100.0
U_33863392,C_734011,35,27,77.14,100.0,100.0,0.0,0.0,0.0,2,1.0986122886681098,0,100.0,0.0,0.0,0.0,77.14,100.0
U_33863465,C_799800,13,8,61.54,0.0,0.0,100.0,0.0,0.0,1,0.6931471805599453,0,0.0,0.0,100.0,0.0,61.54,0.0
U_3388101,C_948128,105,72,68.57,100.0,100.0,0.0,0.0,0.0,1,0.6931471805599453,0,100.0,0.0,0.0,0.0,68.57,100.0
U_3388101,C_1903985,106,62,58.49,100.0,100.0,0.0,0.0,0.0,1,0.6931471805599453,0,100.0,0.0,0.0,0.0,58.49,100.0
U_33956009,C_746997,61,27,44.26,75.0,75.0,25.0,0.0,0.0,4,1.6094379124341005,0,75.0,0.0,25.0,0.0,44.26,75.0
U_33959114,C_1992940,30,30,100.0,0.0,0.0,0.0,0.0,100.0,1,0.6931471805599453,0,0.0,0.0,0.0,0.0,100.0,0.0
U_33961487,C_1992940,120,119,99.17,100.0,100.0,0.0,0.0,0.0,1,0.6931471805599453,0,100.0,0.0,0.0,0.0,99.17,100.0
U_33962232,C_1992940,30,28,93.33,66.66666666666666,0.0,33.33333333333333,66.66666666666666,0.0,3,1.3862943611198906,0,0.0,0.0,33.33333333333333,66.66666666666666,93.33,66.66666666666666
U_33962335,C_1992940,120,116,96.67,50.0,0.0,0.0,50.0,50.0,6,1.9459101490553132,0,0.0,0.0,0.0,50.0,96.67,50.0
U_33973988,C_1992940,120,118,98.33,0.0,0.0,100.0,0.0,0.0,2,1.0986122886681098,0,0.0,0.0,100.0,0.0,98.33,0.0
U_33974384,C_1992940,120,117,97.5,0.0,0.0,100.0,0.0,0.0,2,1.0986122886681098,0,0.0,0.0,100.0,0.0,97.5,0.0
U_33988076,C_2221558,10,8,80.0,100.0,100.0,0.0,0.0,0.0,1,0.6931471805599453,0,100.0,0.0,0.0,0.0,80.0,100.0
U_34054811,C_823308,25,15,60.0,100.0,100.0,0.0,0.0,0.0,1,0.6931471805599453,0,100.0,0.0,0.0,0.0,60.0,100.0
U_34067571,C_823308,116,90,77.59,100.0,0.0,0.0,100.0,0.0,1,0.6931471805599453,0,0.0,0.0,0.0,100.0,77.59,100.0
U_34068117,C_1756078,6,0,0.0,100.0,100.0,0.0,0.0,0.0,1,0.6931471805599453,0,100.0,0.0,0.0,0.0,0.0,100.0
U_34070238,C_746997,60,35,58.33,100.0,100.0,0.0,0.0,0.0,1,0.6931471805599453,0,100.0,0.0,0.0,0.0,58.33,100.0
U_34073920,C_823308,12,9,75.0,100.0,0.0,0.0,100.0,0.0,1,0.6931471805599453,0,0.0,0.0,0.0,100.0,75.0,100.0
U_34073920,C_823300,158,142,89.87,100.0,0.0,0.0,100.0,0.0,1,0.6931471805599453,0,0.0,0.0,0.0,100.0,89.87,100.0
U_34080154,C_2097699,12,12,100.0,100.0,100.0,0.0,0.0,0.0,3,1.3862943611198906,0,100.0,0.0,0.0,0.0,100.0,100.0
U_34110091,C_746997,93,53,56.99,100.0,100.0,0.0,0.0,0.0,1,0.6931471805599453,0,100.0,0.0,0.0,0.0,56.99,100.0
U_34161634,C_1903985,106,76,71.7,100.0,100.0,0.0,0.0,0.0,2,1.0986122886681098,0,100.0,0.0,0.0,0.0,71.7,100.0
U_34183114,C_1992940,30,20,66.67,66.66666666666666,66.66666666666666,33.33333333333333,0.0,0.0,3,1.3862943611198906,0,66.66666666666666,0.0,33.33333333333333,0.0,66.67,66.66666666666666
U_34196623,C_1992940,30,30,100.0,100.0,100.0,0.0,0.0,0.0,1,0.6931471805599453,0,100.0,0.0,0.0,0.0,100.0,100.0
U_34216967,C_707456,84,48,57.14,100.0,0.0,0.0,100.0,0.0,1,0.6931471805599453,0,0.0,0.0,0.0,100.0,57.14,100.0
U_34223451,C_1765606,15,10,66.67,100.0,100.0,0.0,0.0,0.0,1,0.6931471805599453,0,0.0,100.0,0.0,0.0,66.67,100.0
U_34293133,C_2229920,20,16,80.0,0.0,0.0,100.0,0.0,0.0,1,0.6931471805599453,0,0.0,0.0,100.0,0.0,80.0,0.0
U_34293325,C_697748,33,23,69.7,28.57142857142857,28.57142857142857,42.857142857142854,0.0,28.57142857142857,7,2.0794415416798357,0,14.285714285714285,14.285714285714285,42.857142857142854,0.0,69.7,28.57142857142857
U_34294725,C_1784703,34,31,91.18,100.0,100.0,0.0,0.0,0.0,6,1.9459101490553132,0,100.0,0.0,0.0,0.0,91.18,100.0
U_34294725,C_1828106,10,7,70.0,100.0,100.0,0.0,0.0,0.0,6,1.9459101490553132,0,100.0,0.0,0.0,0.0,70.0,100.0
U_34294725,C_1824376,5,5,100.0,100.0,100.0,0.0,0.0,0.0,6,1.9459101490553132,0,100.0,0.0,0.0,0.0,100.0,100.0
U_34314589,C_799791,52,39,75.0,0.0,0.0,100.0,0.0,0.0,1,0.6931471805599453,0,0.0,0.0,100.0,0.0,75.0,0.0
U_34324782,C_1472684,10,8,80.0,66.66666666666666,66.66666666666666,33.33333333333333,0.0,0.0,3,1.3862943611198906,0,33.33333333333333,33.33333333333333,33.33333333333333,0.0,80.0,66.66666666666666
U_344985,C_1732839,18,13,72.22,100.0,100.0,0.0,0.0,0.0,3,1.3862943611198906,0,66.66666666666666,33.33333333333333,0.0,0.0,72.22,100.0
U_34689267,C_823300,44,26,59.09,100.0,0.0,0.0,100.0,0.0,1,0.6931471805599453,0,0.0,0.0,0.0,100.0,59.09,100.0
U_34698038,C_746997,510,404,79.22,10.0,2.5,87.5,7.5,0.0,40,3.713572066704308,0,0.0,2.5,87.5,7.5,79.22,10.0
U_34698038,C_782555,48,31,64.58,10.0,2.5,87.5,7.5,0.0,40,3.713572066704308,0,0.0,2.5,87.5,7.5,64.58,10.0
U_34788310,C_2059302,69,69,100.0,100.0,100.0,0.0,0.0,0.0,4,1.6094379124341005,0,100.0,0.0,0.0,0.0,100.0,100.0
U_34834308,C_1704762,22,9,40.91,0.0,0.0,100.0,0.0,0.0,1,0.6931471805599453,0,0.0,0.0,100.0,0.0,40.91,0.0
U_3486885,C_1795810,63,47,74.6,100.0,100.0,0.0,0.0,0.0,2,1.0986122886681098,0,100.0,0.0,0.0,0.0,74.6,100.0
U_3487406,C_948101,5,4,80.0,90.9090909090909,90.9090909090909,9.090909090909092,0.0,0.0,11,2.4849066497880004,0,63.63636363636363,27.27272727272727,9.090909090909092,0.0,80.0,90.9090909090909
U_3487406,C_735197,8,4,50.0,90.9090909090909,90.9090909090909,9.090909090909092,0.0,0.0,11,2.4849066497880004,0,63.63636363636363,27.27272727272727,9.090909090909092,0.0,50.0,90.9090909090909
U_34894787,C_735239,15,12,80.0,54.54545454545454,54.54545454545454,45.45454545454545,0.0,0.0,11,2.4849066497880004,0,45.45454545454545,9.090909090909092,45.45454545454545,0.0,80.0,54.54545454545454
U_34894787,C_788547,7,3,42.86,54.54545454545454,54.54545454545454,45.45454545454545,0.0,0.0,11,2.4849066497880004,0,45.45454545454545,9.090909090909092,45.45454545454545,0.0,42.86,54.54545454545454
U_34939904,C_735385,9,7,77.78,0.0,0.0,100.0,0.0,0.0,2,1.0986122886681098,0,0.0,0.0,100.0,0.0,77.78,0.0
U_34971206,C_746997,64,43,67.19,75.0,25.0,25.0,50.0,0.0,4,1.6094379124341005,0,25.0,0.0,25.0,50.0,67.19,75.0
U_34971206,C_782555,5,3,60.0,75.0,25.0,25.0,50.0,0.0,4,1.6094379124341005,0,25.0,0.0,25.0,50.0,60.0,75.0
U_35057522,C_746997,16,10,62.5,62.5,62.5,37.5,0.0,0.0,8,2.1972245773362196,0,25.0,37.5,37.5,0.0,62.5,62.5
U_35161441,C_746997,16,11,68.75,100.0,100.0,0.0,0.0,0.0,1,0.6931471805599453,0,100.0,0.0,0.0,0.0,68.75,100.0
U_35259587,C_746997,199,154,77.39,0.0,0.0,0.0,0.0,33.33333333333333,3,1.3862943611198906,0,0.0,0.0,0.0,0.0,77.39,0.0
U_35278121,C_799791,22,14,63.64,100.0,100.0,0.0,0.0,0.0,2,1.0986122886681098,0,100.0,0.0,0.0,0.0,63.64,100.0
U_35383354,C_746997,198,137,69.19,100.0,100.0,0.0,0.0,0.0,1,0.6931471805599453,0,100.0,0.0,0.0,0.0,69.19,100.0
U_35545575,C_746997,80,58,72.5,100.0,100.0,0.0,0.0,0.0,1,0.6931471805599453,0,100.0,0.0,0.0,0.0,72.5,100.0
U_35548036,C_1756063,400,379,94.75,0.0,0.0,100.0,0.0,0.0,2,1.0986122886681098,0,0.0,0.0,100.0,0.0,94.75,0.0
U_35548759,C_1756063,400,378,94.5,100.0,100.0,0.0,0.0,0.0,2,1.0986122886681098,0,100.0,0.0,0.0,0.0,94.5,100.0
U_358103,C_1756063,400,385,96.25,100.0,100.0,0.0,0.0,0.0,1,0.6931471805599453,0,100.0,0.0,0.0,0.0,96.25,100.0
U_35851421,C_1896509,15,5,33.33,100.0,100.0,0.0,0.0,0.0,1,0.6931471805599453,0,100.0,0.0,0.0,0.0,33.33,100.0
U_3606829,C_1822804,145,129,88.97,0.0,0.0,100.0,0.0,0.0,1,0.6931471805599453,0,0.0,0.0,100.0,0.0,88.97,0.0
U_36114169,C_707456,20,20,100.0,100.0,100.0,0.0,0.0,0.0,2,1.0986122886681098,0,100.0,0.0,0.0,0.0,100.0,100.0
U_36162108,C_2199455,5,2,40.0,100.0,100.0,0.0,0.0,0.0,5,1.791759469228055,0,80.0,20.0,0.0,0.0,40.0,100.0
U_36206804,C_735241,15,11,73.33,100.0,100.0,0.0,0.0,0.0,4,1.6094379124341005,0,75.0,25.0,0.0,0.0,73.33,100.0
U_36268879,C_746997,146,79,54.11,100.0,100.0,0.0,0.0,0.0,1,0.6931471805599453,0,100.0,0.0,0.0,0.0,54.11,100.0
U_364446,C_682549,45,29,64.44,0.7518796992481203,0.7518796992481203,97.74436090225564,0.0,1.5037593984962403,133,4.897839799950911,0,0.7518796992481203,0.0,97.74436090225564,0.0,64.44,0.7518796992481203
U_36450309,C_823308,10,10,100.0,0.0,0.0,100.0,0.0,0.0,4,1.6094379124341005,0,0.0,0.0,100.0,0.0,100.0,0.0
U_3665176,C_674920,80,67,83.75,100.0,100.0,0.0,0.0,0.0,1,0.6931471805599453,0,100.0,0.0,0.0,0.0,83.75,100.0
U_36671206,C_948293,10,8,80.0,100.0,100.0,0.0,0.0,0.0,1,0.6931471805599453,0,100.0,0.0,0.0,0.0,80.0,100.0
U_3667945,C_947237,5,4,80.0,100.0,100.0,0.0,0.0,0.0,4,1.6094379124341005,0,100.0,0.0,0.0,0.0,80.0,100.0
U_36736476,C_746997,41,24,58.54,0.0,0.0,100.0,0.0,0.0,1,0.6931471805599453,0,0.0,0.0,100.0,0.0,58.54,0.0
U_36753868,C_746997,34,19,55.88,80.0,20.0,20.0,60.0,0.0,10,2.3978952727983707,0,20.0,0.0,20.0,60.0,55.88,80.0
U_36844214,C_746997,46,34,73.91,100.0,100.0,0.0,0.0,0.0,4,1.6094379124341005,0,100.0,0.0,0.0,0.0,73.91,100.0
U_36871509,C_2266746,16,5,31.25,71.42857142857143,71.42857142857143,28.57142857142857,0.0,0.0,7,2.0794415416798357,0,57.14285714285714,14.285714285714285,28.57142857142857,0.0,31.25,71.42857142857143
U_36872826,C_1925896,7,6,85.71,100.0,100.0,0.0,0.0,0.0,1,0.6931471805599453,0,100.0,0.0,0.0,0.0,85.71,100.0
U_36872826,C_1992947,15,7,46.67,100.0,100.0,0.0,0.0,0.0,1,0.6931471805599453,0,100.0,0.0,0.0,0.0,46.67,100.0
U_36924190,C_2059281,10,6,60.0,100.0,100.0,0.0,0.0,0.0,2,1.0986122886681098,0,100.0,0.0,0.0,0.0,60.0,100.0
U_36940257,C_2244920,10,5,50.0,100.0,100.0,0.0,0.0,0.0,3,1.3862943611198906,0,100.0,0.0,0.0,0.0,50.0,100.0
U_37020664,C_943255,5,2,40.0,100.0,100.0,0.0,0.0,0.0,1,0.6931471805599453,0,100.0,0.0,0.0,0.0,40.0,100.0
U_3716574,C_749807,7,6,85.71,84.21052631578947,84.21052631578947,15.789473684210526,0.0,0.0,19,2.995732273553991,0,42.10526315789473,42.10526315789473,15.789473684210526,0.0,85.71,84.21052631578947
U_3716574,C_947156,121,56,46.28,84.21052631578947,84.21052631578947,15.789473684210526,0.0,0.0,19,2.995732273553991,0,42.10526315789473,42.10526315789473,15.789473684210526,0.0,46.28,84.21052631578947
U_371932,C_1784414,10,8,80.0,100.0,100.0,0.0,0.0,0.0,3,1.3862943611198906,0,66.66666666666666,33.33333333333333,0.0,0.0,80.0,100.0
U_374126,C_735361,17,17,100.0,0.0,0.0,100.0,0.0,0.0,2,1.0986122886681098,0,0.0,0.0,100.0,0.0,100.0,0.0
U_374436,C_1718815,35,31,88.57,96.15384615384616,96.15384615384616,3.8461538461538463,0.0,0.0,26,3.295836866004329,0,96.15384615384616,0.0,3.8461538461538463,0.0,88.57,96.15384615384616
U_3778827,C_674920,20,20,100.0,100.0,100.0,0.0,0.0,0.0,2,1.0986122886681098,0,100.0,0.0,0.0,0.0,100.0,100.0
U_3790797,C_735385,130,103,79.23,100.0,100.0,0.0,0.0,0.0,1,0.6931471805599453,0,100.0,0.0,0.0,0.0,79.23,100.0
U_3810050,C_756646,5,5,100.0,100.0,100.0,0.0,0.0,0.0,3,1.3862943611198906,0,100.0,0.0,0.0,0.0,100.0,100.0
U_383304,C_746997,9,6,66.67,100.0,100.0,0.0,0.0,0.0,1,0.6931471805599453,0,100.0,0.0,0.0,0.0,66.67,100.0
U_38414,C_770751,14,9,64.29,60.0,60.0,40.0,0.0,0.0,5,1.791759469228055,0,60.0,0.0,40.0,0.0,64.29,60.0
U_3888019,C_735342,20,15,75.0,100.0,100.0,0.0,0.0,0.0,1,0.6931471805599453,0,100.0,0.0,0.0,0.0,75.0,100.0
U_388820,C_696596,6,5,83.33,100.0,100.0,0.0,0.0,0.0,1,0.6931471805599453,0,100.0,0.0,0.0,0.0,83.33,100.0
U_390415,C_735342,34,29,85.29,75.0,75.0,25.0,0.0,0.0,4,1.6094379124341005,0,75.0,0.0,25.0,0.0,85.29,75.0
U_3906822,C_746997,24,15,62.5,0.0,0.0,50.0,0.0,50.0,2,1.0986122886681098,0,0.0,0.0,50.0,0.0,62.5,0.0
U_3919786,C_883372,6,5,83.33,90.9090909090909,72.72727272727273,9.090909090909092,18.181818181818183,0.0,11,2.4849066497880004,0,27.27272727272727,45.45454545454545,9.090909090909092,18.181818181818183,83.33,90.9090909090909
U_3931996,C_1903962,14,7,50.0,100.0,100.0,0.0,0.0,0.0,9,2.302585092994046,0,100.0,0.0,0.0,0.0,50.0,100.0
U_3934052,C_1945689,10,9,90.0,50.0,0.0,50.0,50.0,0.0,2,1.0986122886681098,0,0.0,0.0,50.0,50.0,90.0,50.0
U_3944928,C_735175,15,14,93.33,0.0,0.0,100.0,0.0,0.0,1,0.6931471805599453,0,0.0,0.0,100.0,0.0,93.33,0.0
U_3945594,C_735175,78,65,83.33,0.0,0.0,20.0,0.0,80.0,5,1.791759469228055,0,0.0,0.0,20.0,0.0,83.33,0.0
U_3947661,C_747056,179,171,95.53,100.0,100.0,0.0,0.0,0.0,1,0.6931471805599453,0,100.0,0.0,0.0,0.0,95.53,100.0
U_3997222,C_746997,274,186,67.88,100.0,100.0,0.0,0.0,0.0,3,1.3862943611198906,0,100.0,0.0,0.0,0.0,67.88,100.0
U_3997222,C_782555,60,42,70.0,100.0,100.0,0.0,0.0,0.0,3,1.3862943611198906,0,100.0,0.0,0.0,0.0,70.0,100.0
U_4035239,C_1718815,665,642,96.54,100.0,100.0,0.0,0.0,0.0,1,0.6931471805599453,0,0.0,100.0,0.0,0.0,96.54,100.0
U_4070961,C_947149,55,51,92.73,0.0,0.0,100.0,0.0,0.0,1,0.6931471805599453,0,0.0,0.0,100.0,0.0,92.73,0.0
U_4138335,C_947239,39,38,97.44,16.666666666666664,16.666666666666664,16.666666666666664,0.0,33.33333333333333,6,1.9459101490553132,0,0.0,16.666666666666664,16.666666666666664,0.0,97.44,16.666666666666664
U_414081,C_680747,49,30,61.22,60.0,40.0,40.0,20.0,0.0,5,1.791759469228055,0,20.0,20.0,40.0,20.0,61.22,60.0
U_4190691,C_845950,125,117,93.6,100.0,100.0,0.0,0.0,0.0,1,0.6931471805599453,0,100.0,0.0,0.0,0.0,93.6,100.0
U_4212006,C_2095102,14,11,78.57,75.0,75.0,25.0,0.0,0.0,4,1.6094379124341005,0,75.0,0.0,25.0,0.0,78.57,75.0
U_4215727,C_746997,39,25,64.1,100.0,100.0,0.0,0.0,0.0,3,1.3862943611198906,0,100.0,0.0,0.0,0.0,64.1,100.0
U_4216431,C_760442,140,91,65.0,100.0,100.0,0.0,0.0,0.0,4,1.6094379124341005,0,100.0,0.0,0.0,0.0,65.0,100.0
U_4308244,C_1557390,6,0,0.0,0.0,0.0,66.66666666666666,0.0,33.33333333333333,9,2.302585092994046,0,0.0,0.0,66.66666666666666,0.0,0.0,0.0
U_4308244,C_1772942,34,34,100.0,0.0,0.0,66.66666666666666,0.0,33.33333333333333,9,2.302585092994046,0,0.0,0.0,66.66666666666666,0.0,100.0,0.0
U_4308244,C_1945689,26,24,92.31,0.0,0.0,66.66666666666666,0.0,33.33333333333333,9,2.302585092994046,0,0.0,0.0,66.66666666666666,0.0,92.31,0.0
U_4403918,C_697566,141,98,69.5,100.0,100.0,0.0,0.0,0.0,1,0.6931471805599453,0,100.0,0.0,0.0,0.0,69.5,100.0
U_4407382,C_735342,20,20,100.0,100.0,100.0,0.0,0.0,0.0,3,1.3862943611198906,0,100.0,0.0,0.0,0.0,100.0,100.0
U_4420677,C_1944721,90,89,98.89,50.0,37.5,50.0,12.5,0.0,8,2.1972245773362196,0,0.0,37.5,50.0,12.5,98.89,50.0
U_4438918,C_735342,100,62,62.0,0.0,0.0,100.0,0.0,0.0,2,1.0986122886681098,0,0.0,0.0,100.0,0.0,62.0,0.0
U_4460312,C_681448,29,28,96.55,100.0,100.0,0.0,0.0,0.0,1,0.6931471805599453,0,100.0,0.0,0.0,0.0,96.55,100.0
U_4463468,C_799800,98,74,75.51,100.0,100.0,0.0,0.0,0.0,1,0.6931471805599453,0,100.0,0.0,0.0,0.0,75.51,100.0
U_4473974,C_735259,10,7,70.0,100.0,100.0,0.0,0.0,0.0,3,1.3862943611198906,0,100.0,0.0,0.0,0.0,70.0,100.0
U_4474269,C_1906186,20,18,90.0,100.0,100.0,0.0,0.0,0.0,1,0.6931471805599453,0,0.0,100.0,0.0,0.0,90.0,100.0
U_4517290,C_735197,110,91,82.73,100.0,100.0,0.0,0.0,0.0,1,0.6931471805599453,0,100.0,0.0,0.0,0.0,82.73,100.0
U_4533601,C_1761368,24,22,91.67,31.818181818181817,27.27272727272727,36.36363636363637,4.545454545454546,13.636363636363637,22,3.1354942159291497,0,4.545454545454546,22.727272727272727,36.36363636363637,4.545454545454546,91.67,31.818181818181817
U_4560998,C_746997,131,96,73.28,100.0,100.0,0.0,0.0,0.0,2,1.0986122886681098,0,100.0,0.0,0.0,0.0,73.28,100.0
U_4560998,C_1945689,25,23,92.0,100.0,100.0,0.0,0.0,0.0,2,1.0986122886681098,0,100.0,0.0,0.0,0.0,92.0,100.0
U_4570007,C_735336,192,188,97.92,100.0,100.0,0.0,0.0,0.0,1,0.6931471805599453,0,100.0,0.0,0.0,0.0,97.92,100.0
U_4596336,C_746997,52,43,82.69,100.0,100.0,0.0,0.0,0.0,1,0.6931471805599453,0,100.0,0.0,0.0,0.0,82.69,100.0
U_4602922,C_735197,70,70,100.0,60.0,60.0,20.0,0.0,0.0,5,1.791759469228055,0,60.0,0.0,20.0,0.0,100.0,60.0
U_4613435,C_681448,81,81,100.0,75.0,75.0,0.0,0.0,0.0,4,1.6094379124341005,0,75.0,0.0,0.0,0.0,100.0,75.0
U_4613439,C_681448,65,58,89.23,75.0,75.0,25.0,0.0,0.0,4,1.6094379124341005,0,75.0,0.0,25.0,0.0,89.23,75.0
U_4613439,C_746997,6,4,66.67,75.0,75.0,25.0,0.0,0.0,4,1.6094379124341005,0,75.0,0.0,25.0,0.0,66.67,75.0
U_4613488,C_681448,24,15,62.5,100.0,100.0,0.0,0.0,0.0,1,0.6931471805599453,0,100.0,0.0,0.0,0.0,62.5,100.0
U_4613544,C_681448,81,77,95.06,100.0,100.0,0.0,0.0,0.0,1,0.6931471805599453,0,100.0,0.0,0.0,0.0,95.06,100.0
U_4681390,C_883372,52,37,71.15,80.0,80.0,0.0,0.0,0.0,5,1.791759469228055,0,0.0,80.0,0.0,0.0,71.15,80.0
U_4733554,C_681448,44,37,84.09,100.0,100.0,0.0,0.0,0.0,2,1.0986122886681098,0,100.0,0.0,0.0,0.0,84.09,100.0
U_4736761,C_756646,5,3,60.0,100.0,100.0,0.0,0.0,0.0,4,1.6094379124341005,0,100.0,0.0,0.0,0.0,60.0,100.0
U_4736826,C_756646,55,43,78.18,100.0,100.0,0.0,0.0,0.0,11,2.4849066497880004,0,90.9090909090909,9.090909090909092,0.0,0.0,78.18,100.0
U_48439,C_1761369,25,22,88.0,100.0,0.0,0.0,100.0,0.0,2,1.0986122886681098,0,0.0,0.0,0.0,100.0,88.0,100.0
U_48439,C_1761375,6,5,83.33,100.0,0.0,0.0,100.0,0.0,2,1.0986122886681098,0,0.0,0.0,0.0,100.0,83.33,100.0
U_48439,C_1992947,15,11,73.33,100.0,0.0,0.0,100.0,0.0,2,1.0986122886681098,0,0.0,0.0,0.0,100.0,73.33,100.0
U_4864204,C_674920,10,6,60.0,83.33333333333334,83.33333333333334,0.0,0.0,0.0,6,1.9459101490553132,0,83.33333333333334,0.0,0.0,0.0,60.0,83.33333333333334
U_493541,C_674920,10,9,90.0,100.0,100.0,0.0,0.0,0.0,6,1.9459101490553132,0,100.0,0.0,0.0,0.0,90.0,100.0
U_49380,C_735342,414,355,85.75,100.0,0.0,0.0,100.0,0.0,1,0.6931471805599453,0,0.0,0.0,0.0,100.0,85.75,100.0
U_4951016,C_1797904,29,27,93.1,25.0,25.0,75.0,0.0,0.0,4,1.6094379124341005,0,25.0,0.0,75.0,0.0,93.1,25.0
U_4951016,C_1628052,21,19,90.48,25.0,25.0,75.0,0.0,0.0,4,1.6094379124341005,0,25.0,0.0,75.0,0.0,90.48,25.0
U_4951016,C_1945689,20,19,95.0,25.0,25.0,75.0,0.0,0.0,4,1.6094379124341005,0,25.0,0.0,75.0,0.0,95.0,25.0
U_496182,C_674920,20,12,60.0,100.0,100.0,0.0,0.0,0.0,2,1.0986122886681098,0,100.0,0.0,0.0,0.0,60.0,100.0
U_497234,C_799800,27,20,74.07,100.0,100.0,0.0,0.0,0.0,1,0.6931471805599453,0,100.0,0.0,0.0,0.0,74.07,100.0
U_5028231,C_1797904,10,9,90.0,100.0,100.0,0.0,0.0,0.0,1,0.6931471805599453,0,100.0,0.0,0.0,0.0,90.0,100.0
U_5104013,C_680814,24,6,25.0,100.0,0.0,0.0,100.0,0.0,1,0.6931471805599453,0,0.0,0.0,0.0,100.0,25.0,100.0
U_5146831,C_911733,108,99,91.67,90.625,87.5,9.375,3.125,0.0,32,3.49650756146648,0,87.5,0.0,9.375,3.125,91.67,90.625
U_5146831,C_1756074,8,7,87.5,90.625,87.5,9.375,3.125,0.0,32,3.49650756146648,0,87.5,0.0,9.375,3.125,87.5,90.625
U_5199381,C_735336,60,45,75.0,60.0,60.0,20.0,0.0,20.0,5,1.791759469228055,0,60.0,0.0,20.0,0.0,75.0,60.0
U_5384536,C_754135,84,84,100.0,100.0,100.0,0.0,0.0,0.0,1,0.6931471805599453,0,100.0,0.0,0.0,0.0,100.0,100.0
U_5430144,C_1738993,8,5,62.5,66.66666666666666,66.66666666666666,33.33333333333333,0.0,0.0,3,1.3862943611198906,0,66.66666666666666,0.0,33.33333333333333,0.0,62.5,66.66666666666666
U_5438310,C_1945689,26,21,80.77,100.0,100.0,0.0,0.0,0.0,2,1.0986122886681098,0,100.0,0.0,0.0,0.0,80.77,100.0
U_5524057,C_735241,17,15,88.24,100.0,0.0,0.0,100.0,0.0,1,0.6931471805599453,0,0.0,0.0,0.0,100.0,88.24,100.0
U_55721,C_754135,84,55,65.48,88.88888888888889,88.88888888888889,5.555555555555555,0.0,5.555555555555555,18,2.9444389791664403,0,55.55555555555556,33.33333333333333,5.555555555555555,0.0,65.48,88.88888888888889
U_55721,C_786471,55,17,30.91,88.88888888888889,88.88888888888889,5.555555555555555,0.0,5.555555555555555,18,2.9444389791664403,0,55.55555555555556,33.33333333333333,5.555555555555555,0.0,30.91,88.88888888888889
U_55721,C_737592,116,79,68.1,88.88888888888889,88.88888888888889,5.555555555555555,0.0,5.555555555555555,18,2.9444389791664403,0,55.55555555555556,33.33333333333333,5.555555555555555,0.0,68.1,88.88888888888889
U_55721,C_948101,153,124,81.05,88.88888888888889,88.88888888888889,5.555555555555555,0.0,5.555555555555555,18,2.9444389791664403,0,55.55555555555556,33.33333333333333,5.555555555555555,0.0,81.05,88.88888888888889
U_55721,C_1738993,76,32,42.11,88.88888888888889,88.88888888888889,5.555555555555555,0.0,5.555555555555555,18,2.9444389791664403,0,55.55555555555556,33.33333333333333,5.555555555555555,0.0,42.11,88.88888888888889
U_55721,C_1755888,14,10,71.43,88.88888888888889,88.88888888888889,5.555555555555555,0.0,5.555555555555555,18,2.9444389791664403,0,55.55555555555556,33.33333333333333,5.555555555555555,0.0,71.43,88.88888888888889
U_55721,C_1756060,133,67,50.38,88.88888888888889,88.88888888888889,5.555555555555555,0.0,5.555555555555555,18,2.9444389791664403,0,55.55555555555556,33.33333333333333,5.555555555555555,0.0,50.38,88.88888888888889
U_55721,C_1825107,60,31,51.67,88.88888888888889,88.88888888888889,5.555555555555555,0.0,5.555555555555555,18,2.9444389791664403,0,55.55555555555556,33.33333333333333,5.555555555555555,0.0,51.67,88.88888888888889
U_55721,C_1903985,106,63,59.43,88.88888888888889,88.88888888888889,5.555555555555555,0.0,5.555555555555555,18,2.9444389791664403,0,55.55555555555556,33.33333333333333,5.555555555555555,0.0,59.43,88.88888888888889
U_55721,C_1918363,33,26,78.79,88.88888888888889,88.88888888888889,5.555555555555555,0.0,5.555555555555555,18,2.9444389791664403,0,55.55555555555556,33.33333333333333,5.555555555555555,0.0,78.79,88.88888888888889
U_55721,C_707035,106,65,61.32,88.88888888888889,88.88888888888889,5.555555555555555,0.0,5.555555555555555,18,2.9444389791664403,0,55.55555555555556,33.33333333333333,5.555555555555555,0.0,61.32,88.88888888888889
U_5583982,C_1469181,19,17,89.47,100.0,100.0,0.0,0.0,0.0,3,1.3862943611198906,0,100.0,0.0,0.0,0.0,89.47,100.0
U_5640836,C_1738993,76,59,77.63,75.0,75.0,25.0,0.0,0.0,4,1.6094379124341005,0,50.0,25.0,25.0,0.0,77.63,75.0
U_5658460,C_947250,84,84,100.0,0.0,0.0,100.0,0.0,0.0,1,0.6931471805599453,0,0.0,0.0,100.0,0.0,100.0,0.0
U_5658510,C_947250,84,69,82.14,0.0,0.0,100.0,0.0,0.0,2,1.0986122886681098,0,0.0,0.0,100.0,0.0,82.14,0.0
U_5658542,C_947250,84,77,91.67,33.33333333333333,0.0,66.66666666666666,33.33333333333333,0.0,3,1.3862943611198906,0,0.0,0.0,66.66666666666666,33.33333333333333,91.67,33.33333333333333
U_5832590,C_1824926,185,156,84.32,60.0,60.0,40.0,0.0,0.0,5,1.791759469228055,0,60.0,0.0,40.0,0.0,84.32,60.0
U_5832590,C_697766,57,54,94.74,60.0,60.0,40.0,0.0,0.0,5,1.791759469228055,0,60.0,0.0,40.0,0.0,94.74,60.0
U_5832630,C_1824926,185,117,63.24,0.0,0.0,100.0,0.0,0.0,1,0.6931471805599453,0,0.0,0.0,100.0,0.0,63.24,0.0
U_5832630,C_697766,57,46,80.7,0.0,0.0,100.0,0.0,0.0,1,0.6931471805599453,0,0.0,0.0,100.0,0.0,80.7,0.0
U_5832636,C_697766,57,51,89.47,100.0,100.0,0.0,0.0,0.0,1,0.6931471805599453,0,100.0,0.0,0.0,0.0,89.47,100.0
U_5848484,C_746997,33,28,84.85,6.896551724137931,6.896551724137931,93.10344827586206,0.0,0.0,29,3.4011973816621555,0,6.896551724137931,0.0,93.10344827586206,0.0,84.85,6.896551724137931
U_5852533,C_1741498,6,5,83.33,100.0,100.0,0.0,0.0,0.0,1,0.6931471805599453,0,100.0,0.0,0.0,0.0,83.33,100.0
U_5995656,C_1765606,56,34,60.71,75.0,75.0,25.0,0.0,0.0,4,1.6094379124341005,0,75.0,0.0,25.0,0.0,60.71,75.0
U_606815,C_1945689,5,4,80.0,92.5925925925926,92.5925925925926,7.4074074074074066,0.0,0.0,27,3.332204510175204,0,77.77777777777779,14.814814814814811,7.4074074074074066,0.0,80.0,92.5925925925926
U_6069332,C_749807,13,10,76.92,100.0,100.0,0.0,0.0,0.0,1,0.6931471805599453,0,100.0,0.0,0.0,0.0,76.92,100.0
U_6069332,C_948259,168,127,75.6,100.0,100.0,0.0,0.0,0.0,1,0.6931471805599453,0,100.0,0.0,0.0,0.0,75.6,100.0
U_6100000,C_948083,37,28,75.68,100.0,100.0,0.0,0.0,0.0,2,1.0986122886681098,0,100.0,0.0,0.0,0.0,75.68,100.0
U_6100000,C_1469181,23,14,60.87,100.0,100.0,0.0,0.0,0.0,2,1.0986122886681098,0,100.0,0.0,0.0,0.0,60.87,100.0
U_6100000,C_2229911,5,3,60.0,100.0,100.0,0.0,0.0,0.0,2,1.0986122886681098,0,100.0,0.0,0.0,0.0,60.0,100.0
U_6101407,C_1017355,40,26,65.0,41.66666666666667,41.66666666666667,58.333333333333336,0.0,0.0,12,2.5649493574615367,0,0.0,41.66666666666667,58.333333333333336,0.0,65.0,41.66666666666667
U_6131841,C_1017355,45,39,86.67,100.0,100.0,0.0,0.0,0.0,2,1.0986122886681098,0,100.0,0.0,0.0,0.0,86.67,100.0
U_6131841,C_756646,20,11,55.0,100.0,100.0,0.0,0.0,0.0,2,1.0986122886681098,0,100.0,0.0,0.0,0.0,55.0,100.0
U_6159355,C_735197,161,128,79.5,100.0,0.0,0.0,100.0,0.0,1,0.6931471805599453,0,0.0,0.0,0.0,100.0,79.5,100.0
U_6167635,C_948083,30,29,96.67,100.0,100.0,0.0,0.0,0.0,2,1.0986122886681098,0,100.0,0.0,0.0,0.0,96.67,100.0
U_6176586,C_735342,394,313,79.44,100.0,100.0,0.0,0.0,0.0,2,1.0986122886681098,0,100.0,0.0,0.0,0.0,79.44,100.0
U_6176586,C_854854,30,25,83.33,100.0,100.0,0.0,0.0,0.0,2,1.0986122886681098,0,100.0,0.0,0.0,0.0,83.33,100.0
U_6284396,C_1738993,9,6,66.67,90.0,90.0,10.0,0.0,0.0,10,2.3978952727983707,0,90.0,0.0,10.0,0.0,66.67,90.0
U_6284396,C_1704762,116,81,69.83,90.0,90.0,10.0,0.0,0.0,10,2.3978952727983707,0,90.0,0.0,10.0,0.0,69.83,90.0
U_6292451,C_1822804,225,177,78.67,0.0,0.0,100.0,0.0,0.0,1,0.6931471805599453,0,0.0,0.0,100.0,0.0,78.67,0.0
U_6318359,C_949439,15,15,100.0,100.0,0.0,0.0,100.0,0.0,1,0.6931471805599453,0,0.0,0.0,0.0,100.0,100.0,100.0
U_6457401,C_756646,46,35,76.09,16.666666666666664,16.666666666666664,66.66666666666666,0.0,16.666666666666664,6,1.9459101490553132,0,0.0,16.666666666666664,66.66666666666666,0.0,76.09,16.666666666666664
U_653141,C_674971,23,19,82.61,100.0,100.0,0.0,0.0,0.0,1,0.6931471805599453,0,100.0,0.0,0.0,0.0,82.61,100.0
U_6586842,C_1945689,5,5,100.0,100.0,100.0,0.0,0.0,0.0,2,1.0986122886681098,0,100.0,0.0,0.0,0.0,100.0,100.0
U_6658443,C_823308,80,55,68.75,100.0,100.0,0.0,0.0,0.0,26,3.295836866004329,0,73.07692307692307,26.923076923076923,0.0,0.0,68.75,100.0
U_68183,C_823308,32,29,90.62,0.0,0.0,100.0,0.0,0.0,1,0.6931471805599453,0,0.0,0.0,100.0,0.0,90.62,0.0
U_68183,C_735239,6,5,83.33,0.0,0.0,100.0,0.0,0.0,1,0.6931471805599453,0,0.0,0.0,100.0,0.0,83.33,0.0
U_6866748,C_2221554,40,36,90.0,100.0,100.0,0.0,0.0,0.0,1,0.6931471805599453,0,100.0,0.0,0.0,0.0,90.0,100.0
U_6906981,C_948488,50,14,28.0,100.0,100.0,0.0,0.0,0.0,1,0.6931471805599453,0,0.0,100.0,0.0,0.0,28.0,100.0
U_6906981,C_734011,17,5,29.41,100.0,100.0,0.0,0.0,0.0,1,0.6931471805599453,0,0.0,100.0,0.0,0.0,29.41,100.0
U_6906981,C_2290717,43,17,39.53,100.0,100.0,0.0,0.0,0.0,1,0.6931471805599453,0,0.0,100.0,0.0,0.0,39.53,100.0
U_7018163,C_845950,125,38,30.4,100.0,100.0,0.0,0.0,0.0,2,1.0986122886681098,0,100.0,0.0,0.0,0.0,30.4,100.0
U_7018163,C_746997,252,193,76.59,100.0,100.0,0.0,0.0,0.0,2,1.0986122886681098,0,100.0,0.0,0.0,0.0,76.59,100.0
U_7023263,C_782555,53,32,60.38,40.0,40.0,60.0,0.0,0.0,5,1.791759469228055,0,40.0,0.0,60.0,0.0,60.38,40.0
U_7051077,C_674920,10,2,20.0,66.66666666666666,0.0,33.33333333333333,66.66666666666666,0.0,3,1.3862943611198906,0,0.0,0.0,33.33333333333333,66.66666666666666,20.0,66.66666666666666
U_7082649,C_680992,13,10,76.92,100.0,50.0,0.0,50.0,0.0,2,1.0986122886681098,0,50.0,0.0,0.0,50.0,76.92,100.0
U_7104608,C_676701,84,61,72.62,100.0,100.0,0.0,0.0,0.0,5,1.791759469228055,0,100.0,0.0,0.0,0.0,72.62,100.0
U_7159129,C_1779421,50,49,98.0,100.0,100.0,0.0,0.0,0.0,1,0.6931471805599453,0,100.0,0.0,0.0,0.0,98.0,100.0
U_7216217,C_1903962,198,153,77.27,100.0,100.0,0.0,0.0,0.0,1,0.6931471805599453,0,100.0,0.0,0.0,0.0,77.27,100.0
U_7247658,C_746997,6,4,66.67,100.0,100.0,0.0,0.0,0.0,1,0.6931471805599453,0,100.0,0.0,0.0,0.0,66.67,100.0
U_7252319,C_746997,23,14,60.87,100.0,100.0,0.0,0.0,0.0,1,0.6931471805599453,0,100.0,0.0,0.0,0.0,60.87,100.0
U_7301173,C_747047,10,7,70.0,78.26086956521739,78.26086956521739,8.695652173913043,0.0,13.043478260869565,23,3.1780538303479458,0,65.21739130434783,13.043478260869565,8.695652173913043,0.0,70.0,78.26086956521739
U_7334090,C_681448,16,12,75.0,100.0,100.0,0.0,0.0,0.0,2,1.0986122886681098,0,100.0,0.0,0.0,0.0,75.0,100.0
U_7436123,C_1718815,57,56,98.25,33.33333333333333,33.33333333333333,66.66666666666666,0.0,0.0,3,1.3862943611198906,0,33.33333333333333,0.0,66.66666666666666,0.0,98.25,33.33333333333333
U_7457522,C_1862240,60,51,85.0,100.0,100.0,0.0,0.0,0.0,2,1.0986122886681098,0,100.0,0.0,0.0,0.0,85.0,100.0
U_7512519,C_2059302,8,5,62.5,100.0,100.0,0.0,0.0,0.0,1,0.6931471805599453,0,100.0,0.0,0.0,0.0,62.5,100.0
U_7551562,C_1756069,172,124,72.09,100.0,100.0,0.0,0.0,0.0,2,1.0986122886681098,0,100.0,0.0,0.0,0.0,72.09,100.0
U_7556758,C_1797904,7,5,71.43,28.57142857142857,25.0,71.42857142857143,3.571428571428571,0.0,28,3.367295829986474,0,14.285714285714285,10.714285714285714,71.42857142857143,3.571428571428571,71.43,28.57142857142857
U_7651741,C_1944723,27,22,81.48,0.0,0.0,100.0,0.0,0.0,2,1.0986122886681098,0,0.0,0.0,100.0,0.0,81.48,0.0
U_788541,C_883372,14,11,78.57,100.0,100.0,0.0,0.0,0.0,1,0.6931471805599453,0,100.0,0.0,0.0,0.0,78.57,100.0
U_789762,C_735342,40,35,87.5,100.0,100.0,0.0,0.0,0.0,7,2.0794415416798357,0,100.0,0.0,0.0,0.0,87.5,100.0
U_797965,C_1753434,22,10,45.45,0.0,0.0,60.0,0.0,40.0,5,1.791759469228055,0,0.0,0.0,60.0,0.0,45.45,0.0
U_799600,C_674920,10,6,60.0,100.0,100.0,0.0,0.0,0.0,2,1.0986122886681098,0,100.0,0.0,0.0,0.0,60.0,100.0
U_8019857,C_1945689,15,10,66.67,100.0,100.0,0.0,0.0,0.0,2,1.0986122886681098,0,100.0,0.0,0.0,0.0,66.67,100.0
U_8106556,C_947252,83,48,57.83,100.0,100.0,0.0,0.0,0.0,6,1.9459101490553132,0,66.66666666666666,33.33333333333333,0.0,0.0,57.83,100.0
U_8106556,C_1903985,106,73,68.87,100.0,100.0,0.0,0.0,0.0,6,1.9459101490553132,0,66.66666666666666,33.33333333333333,0.0,0.0,68.87,100.0
U_8110105,C_911733,26,19,73.08,0.0,0.0,100.0,0.0,0.0,3,1.3862943611198906,0,0.0,0.0,100.0,0.0,73.08,0.0
U_8117487,C_799800,144,85,59.03,100.0,100.0,0.0,0.0,0.0,7,2.0794415416798357,0,71.42857142857143,28.57142857142857,0.0,0.0,59.03,100.0
U_81673,C_1903985,20,16,80.0,100.0,100.0,0.0,0.0,0.0,1,0.6931471805599453,0,100.0,0.0,0.0,0.0,80.0,100.0
U_8261302,C_1811739,30,26,86.67,100.0,100.0,0.0,0.0,0.0,2,1.0986122886681098,0,50.0,50.0,0.0,0.0,86.67,100.0
U_8264065,C_947244,55,47,85.45,33.33333333333333,33.33333333333333,66.66666666666666,0.0,0.0,3,1.3862943611198906,0,0.0,33.33333333333333,66.66666666666666,0.0,85.45,33.33333333333333
U_8346362,C_1806527,5,2,40.0,0.0,0.0,100.0,0.0,0.0,1,0.6931471805599453,0,0.0,0.0,100.0,0.0,40.0,0.0
U_8376109,C_746983,7,7,100.0,100.0,100.0,0.0,0.0,0.0,2,1.0986122886681098,0,100.0,0.0,0.0,0.0,100.0,100.0
U_8394226,C_674920,10,7,70.0,100.0,100.0,0.0,0.0,0.0,1,0.6931471805599453,0,100.0,0.0,0.0,0.0,70.0,100.0
U_8469680,C_746997,77,45,58.44,100.0,100.0,0.0,0.0,0.0,2,1.0986122886681098,0,100.0,0.0,0.0,0.0,58.44,100.0
U_849854,C_735342,20,17,85.0,100.0,100.0,0.0,0.0,0.0,2,1.0986122886681098,0,100.0,0.0,0.0,0.0,85.0,100.0
U_8873587,C_747047,122,82,67.21,0.0,0.0,100.0,0.0,0.0,1,0.6931471805599453,0,0.0,0.0,100.0,0.0,67.21,0.0
U_8910057,C_883372,14,11,78.57,44.11764705882353,38.23529411764706,38.23529411764706,5.88235294117647,17.647058823529413,34,3.5553480614894135,0,23.52941176470588,14.705882352941178,38.23529411764706,5.88235294117647,78.57,44.11764705882353
U_8960807,C_1903985,8,6,75.0,50.0,50.0,50.0,0.0,0.0,6,1.9459101490553132,0,50.0,0.0,50.0,0.0,75.0,50.0
U_930075,C_1779421,13,6,46.15,100.0,100.0,0.0,0.0,0.0,4,1.6094379124341005,0,100.0,0.0,0.0,0.0,46.15,100.0
U_930830,C_746997,16,14,87.5,100.0,100.0,0.0,0.0,0.0,2,1.0986122886681098,0,100.0,0.0,0.0,0.0,87.5,100.0
U_9378742,C_1822804,225,200,88.89,0.0,0.0,100.0,0.0,0.0,2,1.0986122886681098,0,0.0,0.0,100.0,0.0,88.89,0.0
U_9390389,C_697360,106,77,72.64,0.0,0.0,0.0,0.0,100.0,1,0.6931471805599453,0,0.0,0.0,0.0,0.0,72.64,0.0
U_9391253,C_1774985,7,4,57.14,100.0,100.0,0.0,0.0,0.0,1,0.6931471805599453,0,100.0,0.0,0.0,0.0,57.14,100.0
U_9458969,C_697108,62,22,35.48,0.0,0.0,100.0,0.0,0.0,3,1.3862943611198906,0,0.0,0.0,100.0,0.0,35.48,0.0
U_9560124,C_735342,414,359,86.71,100.0,100.0,0.0,0.0,0.0,2,1.0986122886681098,0,100.0,0.0,0.0,0.0,86.71,100.0
U_96410,C_681671,8,5,62.5,100.0,100.0,0.0,0.0,0.0,4,1.6094379124341005,0,100.0,0.0,0.0,0.0,62.5,100.0
U_9722920,C_674920,10,4,40.0,100.0,100.0,0.0,0.0,0.0,5,1.791759469228055,0,20.0,80.0,0.0,0.0,40.0,100.0
U_9774073,C_2141847,12,11,91.67,100.0,100.0,0.0,0.0,0.0,4,1.6094379124341005,0,50.0,50.0,0.0,0.0,91.67,100.0
U_9817281,C_801420,96,63,65.62,0.0,0.0,100.0,0.0,0.0,1,0.6931471805599453,0,0.0,0.0,100.0,0.0,65.62,0.0
U_9817281,C_735385,76,61,80.26,0.0,0.0,100.0,0.0,0.0,1,0.6931471805599453,0,0.0,0.0,100.0,0.0,80.26,0.0
U_9834079,C_680881,9,9,100.0,100.0,100.0,0.0,0.0,0.0,6,1.9459101490553132,0,100.0,0.0,0.0,0.0,100.0,100.0
U_9856482,C_854843,27,23,85.19,85.71428571428571,85.71428571428571,0.0,0.0,14.285714285714285,7,2.0794415416798357,0,85.71428571428571,0.0,0.0,0.0,85.19,85.71428571428571
U_9863516,C_1797904,66,53,80.3,100.0,100.0,0.0,0.0,0.0,21,3.091042453358316,0,100.0,0.0,0.0,0.0,80.3,100.0
U_9969645,C_911733,91,66,72.53,100.0,100.0,0.0,0.0,0.0,4,1.6094379124341005,0,50.0,50.0,0.0,0.0,72.53,100.0
U_9969645,C_949439,15,14,93.33,100.0,100.0,0.0,0.0,0.0,4,1.6094379124341005,0,50.0,50.0,0.0,0.0,93.33,100.0
U_9969645,C_1772942,34,29,85.29,100.0,100.0,0.0,0.0,0.0,4,1.6094379124341005,0,50.0,50.0,0.0,0.0,85.29,100.0
