user_id,kg_pct,other_process_pct,task_pct,selfreg_pct
U_2480182,0.0,12.5,62.5,0.0
U_24556759,0.0,29.629629629629626,37.03703703703704,3.7037037037037033
U_1070216,0.0,33.33333333333333,0.0,0.0
U_1705400,0.0,0.0,100.0,0.0
U_28187757,0.0,100.0,0.0,0.0
U_13119244,0.0,100.0,0.0,0.0
U_16708655,0.0,75.0,12.5,0.0
U_60988,0.0,0.0,85.71428571428571,0.0
U_29053267,50.0,50.0,0.0,0.0
U_29044454,0.0,100.0,0.0,0.0
U_14690231,14.285714285714285,71.42857142857143,0.0,14.285714285714285
U_15340240,0.0,75.0,16.666666666666664,8.333333333333332
U_12463575,0.0,100.0,0.0,0.0
U_8910057,23.52941176470588,14.705882352941178,38.23529411764706,5.88235294117647
U_15289090,0.0,100.0,0.0,0.0
U_14861303,0.0,100.0,0.0,0.0
U_5987491,0.0,0.0,50.0,50.0
U_26602796,0.0,100.0,0.0,0.0
U_29643058,0.0,47.61904761904761,23.809523809523807,0.0
U_27726628,0.0,100.0,0.0,0.0
U_11800342,0.0,100.0,0.0,0.0
U_18486752,0.0,83.33333333333334,0.0,0.0
U_21345567,0.0,100.0,0.0,0.0
U_15404901,0.0,100.0,0.0,0.0
U_13458841,0.0,40.0,40.0,0.0
U_29596178,0.0,66.66666666666666,33.33333333333333,0.0
U_14663224,0.0,100.0,0.0,0.0
U_7146399,50.0,50.0,0.0,0.0
U_15424318,0.0,100.0,0.0,0.0
U_29648519,0.0,100.0,0.0,0.0
U_29005855,25.0,75.0,0.0,0.0
U_28682664,0.0,0.0,0.0,66.66666666666666
U_4184164,0.0,100.0,0.0,0.0
U_2037238,0.0,54.71698113207547,7.547169811320755,0.0
U_23202841,66.66666666666666,33.33333333333333,0.0,0.0
U_29209126,0.0,100.0,0.0,0.0
U_4490233,33.33333333333333,0.0,66.66666666666666,0.0
U_13822514,0.0,50.0,50.0,0.0
U_26430338,0.0,62.5,6.25,0.0
U_3767731,0.0,100.0,0.0,0.0
U_26379413,40.0,20.0,0.0,20.0
U_6226761,0.0,100.0,0.0,0.0
U_28726558,0.0,100.0,0.0,0.0
U_14929896,0.0,100.0,0.0,0.0
U_4131603,0.0,0.0,20.0,60.0
U_29423829,0.0,0.0,28.57142857142857,28.57142857142857
U_29054245,0.0,100.0,0.0,0.0
U_29325594,0.0,66.66666666666666,33.33333333333333,0.0
U_15404288,0.0,60.0,40.0,0.0
U_14905893,0.0,100.0,0.0,0.0
U_16011802,0.0,100.0,0.0,0.0
U_15307785,0.0,100.0,0.0,0.0
U_10670745,0.0,100.0,0.0,0.0
U_29467202,0.0,100.0,0.0,0.0
U_15129537,0.0,50.0,25.0,0.0
U_3493476,11.11111111111111,66.66666666666666,11.11111111111111,11.11111111111111
U_14834107,0.0,0.0,0.0,0.0
U_29684431,50.0,50.0,0.0,0.0
U_5385142,20.0,70.0,0.0,0.0
U_2467310,33.33333333333333,50.0,0.0,0.0
U_12461277,33.33333333333333,33.33333333333333,0.0,33.33333333333333
U_1994729,0.0,63.63636363636363,9.090909090909092,0.0
U_24140881,0.0,16.666666666666664,83.33333333333334,0.0
U_5574090,0.0,100.0,0.0,0.0
U_5574083,10.0,80.0,0.0,0.0
U_5574064,0.0,60.0,20.0,20.0
U_29119460,0.0,66.66666666666666,0.0,33.33333333333333
U_26428156,50.0,50.0,0.0,0.0
U_5617508,0.0,60.0,0.0,20.0
U_4097858,7.2727272727272725,27.27272727272727,43.63636363636363,1.8181818181818181
U_15313711,0.0,100.0,0.0,0.0
U_22865888,0.0,100.0,0.0,0.0
U_18335055,0.0,100.0,0.0,0.0
U_21139673,0.0,100.0,0.0,0.0
U_762035,0.0,100.0,0.0,0.0
U_15502871,0.0,100.0,0.0,0.0
U_16572342,4.838709677419355,23.387096774193548,47.58064516129033,8.064516129032258
U_28420688,71.42857142857143,28.57142857142857,0.0,0.0
U_28368193,0.0,100.0,0.0,0.0
U_5574134,0.0,0.0,100.0,0.0
U_17502068,0.0,100.0,0.0,0.0
U_17177913,0.0,100.0,0.0,0.0
U_29001708,0.0,80.0,20.0,0.0
U_6350148,50.0,50.0,0.0,0.0
U_13544241,0.0,100.0,0.0,0.0
U_11680739,50.0,0.0,33.33333333333333,0.0
U_808713,0.0,25.0,75.0,0.0
U_11321207,25.0,25.0,50.0,0.0
U_2640692,0.0,100.0,0.0,0.0
U_15209719,0.0,80.0,20.0,0.0
U_29380914,0.0,33.33333333333333,0.0,33.33333333333333
U_11430949,0.0,41.17647058823529,29.411764705882355,5.88235294117647
U_206390,0.0,25.0,62.5,0.0
U_28950033,0.0,0.0,28.57142857142857,0.0
U_29498229,33.33333333333333,66.66666666666666,0.0,0.0
U_12975445,85.71428571428571,14.285714285714285,0.0,0.0
U_13555957,54.54545454545454,31.818181818181817,9.090909090909092,4.545454545454546
U_29466309,0.0,100.0,0.0,0.0
U_15455446,57.14285714285714,42.857142857142854,0.0,0.0
U_16062180,0.0,75.0,25.0,0.0
U_14026813,0.0,0.0,0.0,0.0
U_29381315,66.66666666666666,33.33333333333333,0.0,0.0
U_5617477,0.0,66.66666666666666,16.666666666666664,0.0
U_8475751,5.555555555555555,50.0,11.11111111111111,0.0
U_11642954,0.0,20.0,60.0,20.0
U_29694439,0.0,100.0,0.0,0.0
U_5617447,0.0,100.0,0.0,0.0
U_24103516,0.0,100.0,0.0,0.0
U_14033899,16.666666666666664,16.666666666666664,66.66666666666666,0.0
U_29616801,0.0,100.0,0.0,0.0
U_28666569,0.0,100.0,0.0,0.0
U_29669284,0.0,0.0,50.0,50.0
U_28440801,0.0,100.0,0.0,0.0
U_15497297,0.0,50.0,10.0,0.0
U_4213473,6.666666666666667,26.666666666666668,33.33333333333333,26.666666666666668
U_29209793,0.0,75.0,0.0,0.0
U_17216207,0.0,66.66666666666666,16.666666666666664,0.0
U_192760,0.0,100.0,0.0,0.0
U_13802861,0.0,100.0,0.0,0.0
U_15110435,0.0,100.0,0.0,0.0
U_28718750,0.0,100.0,0.0,0.0
U_5464307,0.0,100.0,0.0,0.0
U_5417987,0.0,77.77777777777779,11.11111111111111,0.0
U_29753716,0.0,71.42857142857143,0.0,0.0
U_6915933,0.0,6.666666666666667,13.333333333333334,0.0
U_15052187,0.0,33.33333333333333,33.33333333333333,33.33333333333333
U_29340394,0.0,50.0,0.0,0.0
U_22743974,0.0,100.0,0.0,0.0
U_9091756,0.0,50.0,0.0,0.0
U_2014800,0.0,66.66666666666666,0.0,33.33333333333333
U_29754966,0.0,100.0,0.0,0.0
U_27207015,0.0,100.0,0.0,0.0
U_10205902,72.22222222222221,22.22222222222222,5.555555555555555,0.0
U_9066564,0.0,100.0,0.0,0.0
U_8237634,0.0,90.9090909090909,0.0,9.090909090909092
U_10384958,0.0,20.0,0.0,40.0
U_16990056,10.0,50.0,20.0,0.0
U_1445263,9.090909090909092,54.54545454545454,27.27272727272727,9.090909090909092
U_29588323,0.0,100.0,0.0,0.0
U_386535,0.0,0.0,0.0,0.0
U_6361942,0.0,66.66666666666666,16.666666666666664,0.0
U_4831444,0.0,100.0,0.0,0.0
U_1169478,0.0,81.25,6.25,6.25
U_5498813,0.0,100.0,0.0,0.0
U_14051524,0.0,50.0,0.0,0.0
U_11259867,57.14285714285714,28.57142857142857,14.285714285714285,0.0
U_23168030,0.0,100.0,0.0,0.0
U_7093327,0.0,100.0,0.0,0.0
U_10594487,0.0,66.66666666666666,16.666666666666664,16.666666666666664
U_2049078,80.0,20.0,0.0,0.0
U_29448433,0.0,100.0,0.0,0.0
U_25297002,16.666666666666664,50.0,0.0,0.0
U_29779370,0.0,100.0,0.0,0.0
U_7491818,0.0,92.3076923076923,3.8461538461538463,0.0
U_29782676,0.0,100.0,0.0,0.0
U_29772129,0.0,100.0,0.0,0.0
U_28581716,0.0,47.368421052631575,31.57894736842105,5.263157894736842
U_27918512,75.14792899408283,14.792899408284024,7.6923076923076925,1.183431952662722
U_9031919,0.0,100.0,0.0,0.0
U_25374083,0.0,75.0,0.0,0.0
U_29784331,0.0,100.0,0.0,0.0
U_15196448,0.0,100.0,0.0,0.0
U_12385064,0.0,80.0,20.0,0.0
U_16143496,0.0,100.0,0.0,0.0
U_29776405,0.0,100.0,0.0,0.0
U_11506349,0.0,80.0,10.0,10.0
U_13050297,16.666666666666664,66.66666666666666,0.0,16.666666666666664
U_11857097,0.0,34.78260869565217,32.608695652173914,0.0
U_29277976,0.0,100.0,0.0,0.0
U_1975638,0.0,100.0,0.0,0.0
U_29327460,0.0,100.0,0.0,0.0
U_29189766,0.0,0.0,33.33333333333333,0.0
U_15323714,0.0,16.666666666666664,66.66666666666666,16.666666666666664
U_29794492,0.0,100.0,0.0,0.0
U_17960856,0.0,66.66666666666666,33.33333333333333,0.0
U_5574060,0.0,66.66666666666666,33.33333333333333,0.0
U_29749195,0.0,0.0,100.0,0.0
U_28790302,0.0,0.0,66.66666666666666,33.33333333333333
U_23206527,0.0,100.0,0.0,0.0
U_29765975,0.0,0.0,100.0,0.0
U_28657090,0.0,100.0,0.0,0.0
U_29351150,0.0,80.0,20.0,0.0
U_6992323,14.285714285714285,0.0,42.857142857142854,0.0
U_9209951,0.0,25.0,50.0,0.0
U_29558667,37.5,37.5,12.5,12.5
U_27719199,0.0,100.0,0.0,0.0
U_29073592,0.0,100.0,0.0,0.0
U_28789637,0.0,100.0,0.0,0.0
U_28314481,0.0,80.0,20.0,0.0
U_11086899,11.11111111111111,44.44444444444444,33.33333333333333,0.0
U_25271268,0.0,50.0,50.0,0.0
U_29794674,0.0,100.0,0.0,0.0
U_16388553,0.0,100.0,0.0,0.0
U_29472910,0.0,100.0,0.0,0.0
U_13359450,0.0,66.66666666666666,33.33333333333333,0.0
U_15501189,0.0,100.0,0.0,0.0
U_29323892,0.0,66.66666666666666,33.33333333333333,0.0
U_15386006,33.33333333333333,66.66666666666666,0.0,0.0
U_25004920,0.0,0.0,100.0,0.0
U_4474269,0.0,100.0,0.0,0.0
U_26579473,0.0,100.0,0.0,0.0
U_29435680,0.0,100.0,0.0,0.0
U_13328824,0.0,42.857142857142854,35.714285714285715,0.0
U_28972516,33.33333333333333,50.0,0.0,16.666666666666664
U_5327213,0.0,0.0,100.0,0.0
U_12950090,66.66666666666666,0.0,33.33333333333333,0.0
U_29842070,0.0,100.0,0.0,0.0
U_12442875,0.0,33.33333333333333,33.33333333333333,33.33333333333333
U_29275142,0.0,11.11111111111111,44.44444444444444,0.0
U_29817888,0.0,20.0,60.0,0.0
U_14817143,0.0,100.0,0.0,0.0
U_11509286,0.0,100.0,0.0,0.0
U_29777535,0.0,100.0,0.0,0.0
U_20256724,0.0,100.0,0.0,0.0
U_29823336,0.0,100.0,0.0,0.0
U_13418397,33.33333333333333,66.66666666666666,0.0,0.0
U_14134660,0.0,100.0,0.0,0.0
U_13710555,23.076923076923077,69.23076923076923,7.6923076923076925,0.0
U_29054786,0.0,94.73684210526315,5.263157894736842,0.0
U_5574080,0.0,50.0,0.0,0.0
U_1083873,0.0,50.0,50.0,0.0
U_5617410,33.33333333333333,0.0,66.66666666666666,0.0
U_28476738,10.0,40.0,10.0,10.0
U_5574132,0.0,0.0,100.0,0.0
U_29823907,50.0,37.5,12.5,0.0
U_29886457,0.0,100.0,0.0,0.0
U_29895618,0.0,100.0,0.0,0.0
U_14394669,0.0,100.0,0.0,0.0
U_550717,42.857142857142854,28.57142857142857,28.57142857142857,0.0
U_28060307,0.0,100.0,0.0,0.0
U_11519487,0.0,40.0,40.0,20.0
U_29681830,0.0,75.0,25.0,0.0
U_16232303,0.0,100.0,0.0,0.0
U_9214737,0.0,88.88888888888889,11.11111111111111,0.0
U_6910519,0.0,10.0,70.0,10.0
U_23567552,0.0,100.0,0.0,0.0
U_29674741,0.0,100.0,0.0,0.0
U_13044752,33.33333333333333,33.33333333333333,0.0,0.0
U_8828513,0.0,100.0,0.0,0.0
U_17235057,0.0,100.0,0.0,0.0
U_2617488,0.0,100.0,0.0,0.0
U_29421269,0.0,100.0,0.0,0.0
U_27577864,50.0,50.0,0.0,0.0
U_29906564,0.0,83.33333333333334,16.666666666666664,0.0
U_16081191,0.0,20.0,20.0,0.0
U_29905423,40.0,60.0,0.0,0.0
U_5617478,0.0,57.14285714285714,42.857142857142854,0.0
U_29908269,0.0,100.0,0.0,0.0
U_14079706,0.0,95.65217391304348,0.0,4.3478260869565215
U_20314400,36.36363636363637,36.36363636363637,18.181818181818183,0.0
U_29906424,0.0,85.71428571428571,0.0,0.0
U_4308244,0.0,0.0,66.66666666666666,0.0
U_12108208,0.0,62.5,0.0,37.5
U_29910912,0.0,100.0,0.0,0.0
U_1844119,33.33333333333333,33.33333333333333,33.33333333333333,0.0
U_27003595,0.0,0.0,100.0,0.0
U_19138476,0.0,66.66666666666666,33.33333333333333,0.0
U_28880289,62.5,37.5,0.0,0.0
U_28390092,0.0,0.0,100.0,0.0
U_29909805,0.0,100.0,0.0,0.0
U_1288483,0.0,100.0,0.0,0.0
U_6471234,0.0,80.0,20.0,0.0
U_29024587,50.0,50.0,0.0,0.0
U_14503817,57.14285714285714,42.857142857142854,0.0,0.0
U_12457537,0.0,100.0,0.0,0.0
U_16829889,50.0,50.0,0.0,0.0
U_8312405,0.0,50.0,50.0,0.0
U_29912523,0.0,100.0,0.0,0.0
U_12441983,60.0,40.0,0.0,0.0
U_10779202,0.0,80.0,0.0,0.0
U_29931699,0.0,100.0,0.0,0.0
U_15396164,28.57142857142857,71.42857142857143,0.0,0.0
U_29926933,11.11111111111111,77.77777777777779,0.0,11.11111111111111
U_28421272,50.0,50.0,0.0,0.0
U_21205326,28.57142857142857,57.14285714285714,0.0,14.285714285714285
U_11034899,0.0,100.0,0.0,0.0
U_15156153,0.0,0.0,0.0,100.0
U_29928622,0.0,100.0,0.0,0.0
U_29944445,0.0,100.0,0.0,0.0
U_15507044,0.0,100.0,0.0,0.0
U_29669332,100.0,0.0,0.0,0.0
U_374126,0.0,0.0,100.0,0.0
U_10171948,0.0,0.0,66.66666666666666,0.0
U_13071881,50.0,50.0,0.0,0.0
U_29580824,68.75,18.75,6.25,6.25
U_15316395,0.0,100.0,0.0,0.0
U_29955190,100.0,0.0,0.0,0.0
U_4333468,100.0,0.0,0.0,0.0
U_29318502,33.33333333333333,33.33333333333333,0.0,0.0
U_29690941,64.0,24.0,8.0,0.0
U_7999889,57.14285714285714,0.0,14.285714285714285,28.57142857142857
U_11464797,100.0,0.0,0.0,0.0
U_26375969,40.0,60.0,0.0,0.0
U_29892199,100.0,0.0,0.0,0.0
U_13815981,100.0,0.0,0.0,0.0
U_29972869,59.09090909090909,9.090909090909092,13.636363636363635,13.636363636363635
U_29960756,9.523809523809524,4.761904761904762,14.285714285714285,0.0
U_7435464,100.0,0.0,0.0,0.0
U_351475,100.0,0.0,0.0,0.0
U_29452320,100.0,0.0,0.0,0.0
U_14485215,75.0,0.0,25.0,0.0
U_15263899,0.0,25.0,50.0,25.0
U_27245121,100.0,0.0,0.0,0.0
U_29954124,93.33333333333333,6.666666666666667,0.0,0.0
U_15149315,30.23255813953488,32.55813953488372,37.2093023255814,0.0
U_4474447,0.0,100.0,0.0,0.0
U_29643436,0.0,0.0,0.0,100.0
U_5825950,0.0,100.0,0.0,0.0
U_29898738,50.0,0.0,0.0,50.0
U_12893952,100.0,0.0,0.0,0.0
U_29971965,100.0,0.0,0.0,0.0
U_16217821,90.9090909090909,9.090909090909092,0.0,0.0
U_29982301,100.0,0.0,0.0,0.0
U_20013408,100.0,0.0,0.0,0.0
U_13933393,0.0,50.0,0.0,0.0
U_14485394,100.0,0.0,0.0,0.0
U_5680989,0.0,0.0,0.0,100.0
U_366560,0.0,0.0,66.66666666666666,0.0
U_3723861,100.0,0.0,0.0,0.0
U_9941870,0.0,100.0,0.0,0.0
U_2951477,0.0,33.33333333333333,33.33333333333333,0.0
U_29996324,85.71428571428571,14.285714285714285,0.0,0.0
U_22217546,83.33333333333334,0.0,16.666666666666664,0.0
U_29964883,100.0,0.0,0.0,0.0
U_17744450,100.0,0.0,0.0,0.0
U_23147611,100.0,0.0,0.0,0.0
U_11791942,100.0,0.0,0.0,0.0
U_30004545,100.0,0.0,0.0,0.0
U_14769578,5.0,25.0,10.0,55.00000000000001
U_29066885,100.0,0.0,0.0,0.0
U_29951143,0.0,0.0,0.0,100.0
U_16084305,66.66666666666666,33.33333333333333,0.0,0.0
U_15150019,100.0,0.0,0.0,0.0
U_12747428,100.0,0.0,0.0,0.0
U_10617838,100.0,0.0,0.0,0.0
U_29232302,87.5,12.5,0.0,0.0
U_30007568,66.66666666666666,0.0,33.33333333333333,0.0
U_30015913,100.0,0.0,0.0,0.0
U_15084898,22.22222222222222,22.22222222222222,44.44444444444444,0.0
U_15273741,100.0,0.0,0.0,0.0
U_16025967,0.0,0.0,0.0,100.0
U_30016763,80.0,20.0,0.0,0.0
U_30010358,58.333333333333336,16.666666666666664,16.666666666666664,8.333333333333332
U_30017426,100.0,0.0,0.0,0.0
U_28893163,50.0,50.0,0.0,0.0
U_14461591,100.0,0.0,0.0,0.0
U_30023172,100.0,0.0,0.0,0.0
U_29460299,68.18181818181817,22.727272727272727,9.090909090909092,0.0
U_30023033,100.0,0.0,0.0,0.0
U_13460773,100.0,0.0,0.0,0.0
U_28468109,100.0,0.0,0.0,0.0
U_30029607,100.0,0.0,0.0,0.0
U_16054572,100.0,0.0,0.0,0.0
U_3888652,100.0,0.0,0.0,0.0
U_15191797,100.0,0.0,0.0,0.0
U_30040240,100.0,0.0,0.0,0.0
U_29821259,100.0,0.0,0.0,0.0
U_3767794,100.0,0.0,0.0,0.0
U_20815233,100.0,0.0,0.0,0.0
U_29913819,100.0,0.0,0.0,0.0
U_16031276,66.66666666666666,0.0,33.33333333333333,0.0
U_5574130,100.0,0.0,0.0,0.0
U_16407941,100.0,0.0,0.0,0.0
U_29795117,100.0,0.0,0.0,0.0
U_1562108,100.0,0.0,0.0,0.0
U_29982616,100.0,0.0,0.0,0.0
U_9778342,100.0,0.0,0.0,0.0
U_15249947,42.857142857142854,28.57142857142857,28.57142857142857,0.0
U_29778606,100.0,0.0,0.0,0.0
U_29022142,100.0,0.0,0.0,0.0
U_29997374,0.0,0.0,33.33333333333333,0.0
U_29933486,0.0,12.5,25.0,12.5
U_8243219,57.14285714285714,14.285714285714285,28.57142857142857,0.0
U_11969774,100.0,0.0,0.0,0.0
U_29695647,100.0,0.0,0.0,0.0
U_15283724,100.0,0.0,0.0,0.0
U_30028001,90.9090909090909,0.0,0.0,0.0
U_10518172,66.66666666666666,0.0,33.33333333333333,0.0
U_7533509,100.0,0.0,0.0,0.0
U_15379521,100.0,0.0,0.0,0.0
U_30103284,33.33333333333333,11.11111111111111,55.55555555555556,0.0
U_11455563,100.0,0.0,0.0,0.0
U_17850466,0.0,100.0,0.0,0.0
U_17672035,0.0,0.0,0.0,100.0
U_15013730,68.57142857142857,2.857142857142857,17.142857142857142,0.0
U_28306196,0.0,100.0,0.0,0.0
U_22737104,0.0,0.0,33.33333333333333,66.66666666666666
U_11758805,0.0,0.0,0.0,100.0
U_29993062,100.0,0.0,0.0,0.0
U_26685672,0.0,0.0,100.0,0.0
U_30103921,100.0,0.0,0.0,0.0
U_11641330,50.0,0.0,0.0,50.0
U_12532229,0.0,100.0,0.0,0.0
U_29971861,100.0,0.0,0.0,0.0
U_7736236,100.0,0.0,0.0,0.0
U_11449869,0.0,0.0,0.0,100.0
U_28337223,0.0,0.0,0.0,100.0
U_2402676,100.0,0.0,0.0,0.0
U_8097964,0.0,0.0,100.0,0.0
U_30040062,0.0,16.666666666666664,0.0,0.0
U_25242588,100.0,0.0,0.0,0.0
U_25329144,0.0,0.0,0.0,100.0
U_5103583,100.0,0.0,0.0,0.0
U_29683766,0.0,50.0,0.0,0.0
U_30105037,100.0,0.0,0.0,0.0
U_4613488,100.0,0.0,0.0,0.0
U_10729318,0.0,66.66666666666666,33.33333333333333,0.0
U_30107303,0.0,0.0,0.0,100.0
U_2124301,50.0,0.0,50.0,0.0
U_18609692,50.0,0.0,50.0,0.0
U_30024707,0.0,0.0,100.0,0.0
U_26075232,100.0,0.0,0.0,0.0
U_15254952,50.0,0.0,33.33333333333333,16.666666666666664
U_29963381,0.0,33.33333333333333,33.33333333333333,0.0
U_15872084,100.0,0.0,0.0,0.0
U_15029934,66.66666666666666,0.0,33.33333333333333,0.0
U_18052021,33.33333333333333,33.33333333333333,0.0,0.0
U_55721,55.55555555555556,33.33333333333333,5.555555555555555,0.0
U_642339,75.0,25.0,0.0,0.0
U_11849015,0.0,28.57142857142857,28.57142857142857,14.285714285714285
U_4864204,83.33333333333334,0.0,0.0,0.0
U_16021963,0.0,50.0,25.0,25.0
U_16123977,0.0,33.33333333333333,0.0,66.66666666666666
U_20281914,0.0,0.0,0.0,100.0
U_11857583,100.0,0.0,0.0,0.0
U_12163717,100.0,0.0,0.0,0.0
U_28537310,50.0,0.0,25.0,0.0
U_19332373,85.71428571428571,0.0,14.285714285714285,0.0
U_15501020,0.0,100.0,0.0,0.0
U_12641711,100.0,0.0,0.0,0.0
U_29733644,0.0,100.0,0.0,0.0
U_30076206,100.0,0.0,0.0,0.0
U_6248895,100.0,0.0,0.0,0.0
U_10530420,33.33333333333333,33.33333333333333,33.33333333333333,0.0
U_4640618,40.0,30.0,20.0,0.0
U_22832950,30.76923076923077,7.6923076923076925,15.384615384615385,0.0
U_29897604,0.0,0.0,66.66666666666666,33.33333333333333
U_5034976,100.0,0.0,0.0,0.0
U_12401517,25.0,0.0,0.0,0.0
U_8617104,100.0,0.0,0.0,0.0
U_18240794,0.0,0.0,100.0,0.0
U_14218774,40.0,40.0,20.0,0.0
U_14083681,100.0,0.0,0.0,0.0
U_27281787,91.07142857142857,0.0,0.0,0.0
U_12522566,3.1746031746031744,0.0,1.5873015873015872,0.0
U_15103949,85.71428571428571,14.285714285714285,0.0,0.0
U_29620290,66.66666666666666,16.666666666666664,16.666666666666664,0.0
U_28490555,50.0,0.0,50.0,0.0
U_27932024,0.0,50.0,50.0,0.0
U_30054445,100.0,0.0,0.0,0.0
U_29378745,30.0,10.0,60.0,0.0
U_15501013,83.33333333333334,16.666666666666664,0.0,0.0
U_29067941,66.66666666666666,33.33333333333333,0.0,0.0
U_10716541,0.0,0.0,0.0,100.0
U_29040356,0.0,0.0,75.0,25.0
U_4358550,100.0,0.0,0.0,0.0
U_13977140,100.0,0.0,0.0,0.0
U_3490975,100.0,0.0,0.0,0.0
U_10652262,0.0,0.0,0.0,100.0
U_29581419,52.38095238095239,14.285714285714285,0.0,14.285714285714285
U_28891368,100.0,0.0,0.0,0.0
U_18432954,100.0,0.0,0.0,0.0
U_4613560,100.0,0.0,0.0,0.0
U_30112784,100.0,0.0,0.0,0.0
U_29018369,100.0,0.0,0.0,0.0
U_17108518,50.0,0.0,0.0,0.0
U_11155690,0.0,0.0,0.0,100.0
U_15275609,100.0,0.0,0.0,0.0
U_19264337,100.0,0.0,0.0,0.0
U_16109270,20.0,40.0,40.0,0.0
U_5202432,0.0,0.0,33.33333333333333,0.0
U_27449713,0.0,0.0,50.0,0.0
U_13413687,100.0,0.0,0.0,0.0
U_12171096,0.0,0.0,0.0,100.0
U_13417401,100.0,0.0,0.0,0.0
U_4751709,100.0,0.0,0.0,0.0
U_13417560,100.0,0.0,0.0,0.0
U_9006646,0.0,0.0,50.0,50.0
U_14503457,0.0,33.33333333333333,0.0,66.66666666666666
U_14931926,33.33333333333333,0.0,66.66666666666666,0.0
U_20992709,100.0,0.0,0.0,0.0
U_12988033,0.0,100.0,0.0,0.0
U_3810050,100.0,0.0,0.0,0.0
U_30033795,0.0,100.0,0.0,0.0
U_4459124,100.0,0.0,0.0,0.0
U_30108539,100.0,0.0,0.0,0.0
U_30113531,0.0,0.0,0.0,100.0
U_14399166,100.0,0.0,0.0,0.0
U_28714551,0.0,75.0,25.0,0.0
U_27903795,100.0,0.0,0.0,0.0
U_12594437,100.0,0.0,0.0,0.0
U_29435153,100.0,0.0,0.0,0.0
U_13417427,0.0,0.0,100.0,0.0
U_13556691,100.0,0.0,0.0,0.0
U_29743732,0.0,0.0,0.0,100.0
U_30044827,100.0,0.0,0.0,0.0
U_28642793,100.0,0.0,0.0,0.0
U_29607308,100.0,0.0,0.0,0.0
U_13094796,33.33333333333333,0.0,66.66666666666666,0.0
U_12499985,100.0,0.0,0.0,0.0
U_14035502,100.0,0.0,0.0,0.0
U_11021287,100.0,0.0,0.0,0.0
U_30094956,92.3076923076923,0.0,7.6923076923076925,0.0
U_13417470,0.0,100.0,0.0,0.0
U_16563530,100.0,0.0,0.0,0.0
U_29600796,100.0,0.0,0.0,0.0
U_7287060,100.0,0.0,0.0,0.0
U_7225104,0.0,0.0,0.0,0.0
U_30115793,100.0,0.0,0.0,0.0
U_29980859,0.0,0.0,16.666666666666664,66.66666666666666
U_29451828,100.0,0.0,0.0,0.0
U_29218307,100.0,0.0,0.0,0.0
U_29811273,92.3076923076923,7.6923076923076925,0.0,0.0
U_12991664,50.0,0.0,0.0,0.0
U_8959724,100.0,0.0,0.0,0.0
U_29681915,0.0,100.0,0.0,0.0
U_25365069,0.0,0.0,100.0,0.0
U_5529727,100.0,0.0,0.0,0.0
U_28110933,100.0,0.0,0.0,0.0
U_4503341,100.0,0.0,0.0,0.0
U_13417429,100.0,0.0,0.0,0.0
U_12513438,100.0,0.0,0.0,0.0
U_28661935,0.0,0.0,0.0,0.0
U_29996648,88.88888888888889,11.11111111111111,0.0,0.0
U_5365387,0.0,25.0,25.0,0.0
U_7481242,0.0,0.0,33.33333333333333,33.33333333333333
U_29786894,71.42857142857143,0.0,14.285714285714285,14.285714285714285
U_29582579,100.0,0.0,0.0,0.0
U_7019145,0.0,50.0,50.0,0.0
U_7718201,0.0,0.0,25.0,75.0
U_1105932,0.0,0.0,0.0,100.0
U_14651914,0.0,0.0,50.0,0.0
U_30087121,0.0,100.0,0.0,0.0
U_8803159,0.0,0.0,50.0,50.0
U_29959974,0.0,50.0,0.0,0.0
U_29718735,69.23076923076923,7.6923076923076925,0.0,23.076923076923077
U_15190222,0.0,0.0,100.0,0.0
U_26688493,0.0,0.0,0.0,0.0
U_30000947,0.0,25.0,50.0,0.0
U_29845398,0.0,50.0,0.0,25.0
U_28466613,66.66666666666666,33.33333333333333,0.0,0.0
U_29691902,0.0,25.0,12.5,37.5
U_30120458,0.0,100.0,0.0,0.0
U_25249843,0.0,50.0,0.0,50.0
U_29668841,0.0,50.0,0.0,0.0
U_29777912,0.0,50.0,0.0,50.0
U_1251082,0.0,50.0,0.0,50.0
U_23204646,3.8461538461538463,11.538461538461538,50.0,23.076923076923077
U_4385458,0.0,0.0,100.0,0.0
U_14766332,0.0,0.0,0.0,100.0
U_30044331,0.0,66.66666666666666,33.33333333333333,0.0
U_15358347,0.0,40.0,20.0,0.0
U_9489423,0.0,0.0,20.0,40.0
U_29997641,0.0,0.0,66.66666666666666,0.0
U_26690848,0.0,66.66666666666666,0.0,0.0
U_3672035,0.0,100.0,0.0,0.0
U_26594021,0.0,50.0,0.0,25.0
U_29814851,0.0,100.0,0.0,0.0
U_10190163,22.22222222222222,11.11111111111111,11.11111111111111,44.44444444444444
U_14966581,0.0,0.0,100.0,0.0
U_13417569,0.0,0.0,100.0,0.0
U_28741759,0.0,0.0,0.0,100.0
U_23124440,0.0,0.0,0.0,0.0
U_1409187,100.0,0.0,0.0,0.0
U_12084397,0.0,0.0,0.0,100.0
U_29945136,100.0,0.0,0.0,0.0
U_29245408,33.33333333333333,33.33333333333333,0.0,33.33333333333333
U_11482543,0.0,0.0,50.0,0.0
U_30129851,100.0,0.0,0.0,0.0
U_8953323,0.0,40.0,60.0,0.0
U_28796966,60.0,10.0,10.0,0.0
U_13506648,0.0,0.0,0.0,100.0
U_25938549,0.0,0.0,0.0,100.0
U_15285531,0.0,0.0,16.666666666666664,33.33333333333333
U_4677398,0.0,0.0,25.0,75.0
U_29072819,0.0,50.0,50.0,0.0
U_29664323,0.0,0.0,0.0,100.0
U_30010044,0.0,50.0,0.0,50.0
U_15339711,0.0,0.0,0.0,0.0
U_17124990,100.0,0.0,0.0,0.0
U_17874071,100.0,0.0,0.0,0.0
U_15208643,66.66666666666666,0.0,0.0,0.0
U_18514432,13.043478260869565,0.0,21.73913043478261,60.86956521739131
U_4714572,0.0,0.0,0.0,100.0
U_29591326,0.0,0.0,0.0,100.0
U_25307614,0.0,0.0,33.33333333333333,66.66666666666666
U_29190192,100.0,0.0,0.0,0.0
U_24168757,0.0,0.0,0.0,100.0
U_14494053,0.0,0.0,100.0,0.0
U_30014273,0.0,0.0,25.0,16.666666666666664
U_30006426,0.0,0.0,0.0,100.0
U_16164045,0.0,0.0,50.0,0.0
U_7521180,0.0,0.0,75.0,0.0
U_30079974,0.0,0.0,100.0,0.0
U_8154816,0.0,0.0,100.0,0.0
U_16099588,33.33333333333333,33.33333333333333,0.0,33.33333333333333
U_28177917,0.0,0.0,66.66666666666666,33.33333333333333
U_14668749,0.0,0.0,100.0,0.0
U_29618067,0.0,0.0,60.0,10.0
U_4845287,0.0,0.0,0.0,75.0
U_15408160,0.0,33.33333333333333,66.66666666666666,0.0
U_15269518,56.25,31.25,12.5,0.0
U_30027718,0.0,0.0,0.0,0.0
U_5080335,0.0,50.0,0.0,50.0
U_16509575,0.0,0.0,60.0,20.0
U_29816381,0.0,0.0,100.0,0.0
U_30055607,0.0,0.0,100.0,0.0
U_16889610,0.0,33.33333333333333,0.0,33.33333333333333
U_29771126,0.0,0.0,100.0,0.0
U_5081000,0.0,0.0,0.0,100.0
U_12139901,22.641509433962266,28.30188679245283,45.28301886792453,0.0
U_6337760,100.0,0.0,0.0,0.0
U_16221686,90.0,10.0,0.0,0.0
U_18675833,0.0,100.0,0.0,0.0
U_26886651,0.0,33.33333333333333,33.33333333333333,0.0
U_15280580,0.0,0.0,33.33333333333333,0.0
U_30021853,14.285714285714285,0.0,14.285714285714285,57.14285714285714
U_23140381,0.0,0.0,0.0,0.0
U_29844767,0.0,0.0,100.0,0.0
U_8137963,100.0,0.0,0.0,0.0
U_29817360,0.0,19.047619047619047,71.42857142857143,0.0
U_29693078,0.0,0.0,0.0,100.0
U_17467821,0.0,50.0,50.0,0.0
U_29611340,0.0,0.0,100.0,0.0
U_2361380,100.0,0.0,0.0,0.0
U_24145778,0.0,0.0,0.0,100.0
U_6672535,0.0,10.0,50.0,10.0
U_14481167,100.0,0.0,0.0,0.0
U_3672093,0.0,0.0,0.0,100.0
U_2122521,0.0,0.0,0.0,100.0
U_29681672,0.0,0.0,100.0,0.0
U_11192048,0.0,0.0,33.33333333333333,66.66666666666666
U_30142223,100.0,0.0,0.0,0.0
U_17185557,0.0,0.0,33.33333333333333,33.33333333333333
U_7717750,83.33333333333334,16.666666666666664,0.0,0.0
U_21101626,100.0,0.0,0.0,0.0
U_22135129,0.0,0.0,0.0,50.0
U_30145826,0.0,0.0,100.0,0.0
U_12146591,0.0,16.666666666666664,58.333333333333336,2.083333333333333
U_12475973,0.0,0.0,0.0,100.0
U_28764122,0.0,0.0,66.66666666666666,0.0
U_15368074,0.0,0.0,100.0,0.0
U_29412314,20.0,40.0,40.0,0.0
U_29573382,0.0,100.0,0.0,0.0
U_4117847,0.0,0.0,50.0,25.0
U_23261362,0.0,0.0,0.0,100.0
U_7551304,0.0,100.0,0.0,0.0
U_30056497,0.0,0.0,0.0,0.0
U_21239838,0.0,0.0,0.0,100.0
U_29096642,0.0,0.0,60.0,0.0
U_15255272,0.0,0.0,100.0,0.0
U_29641355,55.55555555555556,27.77777777777778,16.666666666666664,0.0
U_29651722,0.0,0.0,50.0,50.0
U_16482014,100.0,0.0,0.0,0.0
U_27362863,0.0,8.333333333333332,75.0,0.0
U_388820,100.0,0.0,0.0,0.0
U_29512167,0.0,0.0,20.0,20.0
U_26602534,0.0,0.0,0.0,100.0
U_20315647,0.0,0.0,100.0,0.0
U_4597765,0.0,0.0,100.0,0.0
U_4613380,0.0,0.0,0.0,100.0
U_14828664,0.0,0.0,100.0,0.0
U_12503788,0.0,0.0,0.0,100.0
U_29814543,0.0,25.0,25.0,0.0
U_12364953,0.0,0.0,100.0,0.0
U_11920287,50.0,0.0,50.0,0.0
U_30158809,100.0,0.0,0.0,0.0
U_30148455,100.0,0.0,0.0,0.0
U_29838559,0.0,8.333333333333332,66.66666666666666,0.0
U_9004310,0.0,0.0,100.0,0.0
U_14687902,57.14285714285714,14.285714285714285,21.428571428571427,7.142857142857142
U_30145106,75.0,12.5,12.5,0.0
U_30161013,0.0,0.0,0.0,100.0
U_16631436,0.0,33.33333333333333,33.33333333333333,33.33333333333333
U_28786245,0.0,0.0,100.0,0.0
U_15264774,33.33333333333333,0.0,0.0,66.66666666666666
U_29797812,0.0,0.0,50.0,50.0
U_5506404,0.0,0.0,0.0,100.0
U_28746010,0.0,0.0,50.0,0.0
U_29451921,0.0,0.0,0.0,100.0
U_30162742,100.0,0.0,0.0,0.0
U_29668915,0.0,0.0,0.0,0.0
U_30008488,0.0,0.0,50.0,50.0
U_22269435,0.0,0.0,100.0,0.0
U_16432114,0.0,20.0,65.0,0.0
U_27540710,0.0,0.0,41.66666666666667,50.0
U_7561841,0.0,0.0,0.0,100.0
U_29478971,0.0,37.5,25.0,0.0
U_10335817,40.0,40.0,0.0,20.0
U_28346658,0.0,0.0,100.0,0.0
U_18224032,0.0,0.0,33.33333333333333,33.33333333333333
U_29435545,0.0,30.0,40.0,0.0
U_29483867,0.0,100.0,0.0,0.0
U_29312799,0.0,0.0,100.0,0.0
U_1248877,50.0,0.0,50.0,0.0
U_12060363,0.0,50.0,50.0,0.0
U_29893397,0.0,33.33333333333333,0.0,0.0
U_8724335,0.0,0.0,0.0,100.0
U_19849040,0.0,50.0,50.0,0.0
U_8027073,50.0,50.0,0.0,0.0
U_30170466,0.0,50.0,50.0,0.0
U_29560423,0.0,100.0,0.0,0.0
U_7561953,0.0,0.0,50.0,50.0
U_29968480,0.0,0.0,100.0,0.0
U_28691246,0.0,0.0,100.0,0.0
U_10910659,16.666666666666664,16.666666666666664,50.0,0.0
U_29973450,0.0,0.0,0.0,100.0
U_14947498,0.0,20.0,70.0,0.0
U_29932258,0.0,0.0,0.0,100.0
U_4725573,0.0,0.0,0.0,100.0
U_5010802,0.0,0.0,33.33333333333333,33.33333333333333
U_29703081,0.0,0.0,0.0,100.0
U_22146165,0.0,100.0,0.0,0.0
U_29961969,0.0,14.285714285714285,42.857142857142854,14.285714285714285
U_11442856,0.0,0.0,0.0,100.0
U_3006091,9.090909090909092,27.27272727272727,27.27272727272727,27.27272727272727
U_11936200,0.0,0.0,66.66666666666666,0.0
U_29075945,0.0,0.0,100.0,0.0
U_10716660,20.0,20.0,20.0,0.0
U_9715206,0.0,100.0,0.0,0.0
U_29339038,0.0,36.36363636363637,54.54545454545454,9.090909090909092
U_29495583,0.0,0.0,0.0,0.0
U_13973142,0.0,0.0,100.0,0.0
U_30180811,87.5,12.5,0.0,0.0
U_30142543,100.0,0.0,0.0,0.0
U_3945074,0.0,25.0,75.0,0.0
U_26341464,0.0,25.0,75.0,0.0
U_11920298,50.0,0.0,50.0,0.0
U_5275040,66.66666666666666,0.0,33.33333333333333,0.0
U_11920309,44.44444444444444,22.22222222222222,0.0,11.11111111111111
U_14175994,0.0,0.0,0.0,80.0
U_15358732,0.0,50.0,50.0,0.0
U_16663717,0.0,0.0,100.0,0.0
U_7590443,0.0,0.0,50.0,50.0
U_29345712,50.0,0.0,50.0,0.0
U_30113521,0.0,0.0,100.0,0.0
U_10658980,0.0,0.0,0.0,100.0
U_30185635,100.0,0.0,0.0,0.0
U_29694748,0.0,0.0,100.0,0.0
U_4857040,50.0,16.666666666666664,33.33333333333333,0.0
U_30185756,0.0,0.0,33.33333333333333,66.66666666666666
U_30139474,100.0,0.0,0.0,0.0
U_15759257,100.0,0.0,0.0,0.0
U_30180951,100.0,0.0,0.0,0.0
U_29772592,97.22222222222221,2.7777777777777777,0.0,0.0
U_30187155,0.0,0.0,0.0,100.0
U_28440099,95.1923076923077,1.9230769230769231,2.403846153846154,0.0
U_25275462,0.0,0.0,100.0,0.0
U_14759342,0.0,0.0,100.0,0.0
U_18253530,0.0,0.0,25.0,0.0
U_29949344,0.0,0.0,50.0,50.0
U_14686068,0.0,0.0,0.0,100.0
U_28356121,0.0,18.181818181818183,36.36363636363637,9.090909090909092
U_15157166,100.0,0.0,0.0,0.0
U_30086974,0.0,0.0,33.33333333333333,66.66666666666666
U_3477951,100.0,0.0,0.0,0.0
U_19230113,0.0,0.0,0.0,0.0
U_6093514,0.0,0.0,0.0,100.0
U_28449843,0.0,0.0,0.0,100.0
U_14271146,0.0,0.0,66.66666666666666,33.33333333333333
U_30190337,100.0,0.0,0.0,0.0
U_15771331,27.77777777777778,0.0,0.0,0.0
U_19893291,0.0,0.0,100.0,0.0
U_27929734,0.0,0.0,100.0,0.0
U_12963728,100.0,0.0,0.0,0.0
U_29381295,0.0,0.0,100.0,0.0
U_19198007,0.0,0.0,0.0,0.0
U_1467139,0.0,0.0,5.555555555555555,5.555555555555555
U_15490187,50.0,0.0,50.0,0.0
U_10688782,0.0,0.0,50.0,50.0
U_29089119,0.0,50.0,50.0,0.0
U_4714510,0.0,0.0,100.0,0.0
U_5919463,0.0,0.0,0.0,0.0
U_30191470,0.0,0.0,25.0,75.0
U_28612586,100.0,0.0,0.0,0.0
U_15283459,100.0,0.0,0.0,0.0
U_24038353,0.0,0.0,6.382978723404255,1.0638297872340425
U_29669808,100.0,0.0,0.0,0.0
U_16151351,50.0,50.0,0.0,0.0
U_30194101,66.66666666666666,33.33333333333333,0.0,0.0
U_29773657,0.0,0.0,62.5,0.0
U_14408006,0.0,0.0,0.0,100.0
U_30195351,0.0,0.0,50.0,50.0
U_30080066,100.0,0.0,0.0,0.0
U_12186016,50.0,0.0,50.0,0.0
U_30155855,100.0,0.0,0.0,0.0
U_28752258,18.181818181818183,13.636363636363635,27.27272727272727,9.090909090909092
U_28581809,25.0,50.0,25.0,0.0
U_20873741,25.0,25.0,50.0,0.0
U_14218295,100.0,0.0,0.0,0.0
U_7242229,0.0,0.0,0.0,100.0
U_5430144,66.66666666666666,0.0,33.33333333333333,0.0
U_30196432,100.0,0.0,0.0,0.0
U_15174975,100.0,0.0,0.0,0.0
U_15112945,100.0,0.0,0.0,0.0
U_13027144,66.66666666666666,33.33333333333333,0.0,0.0
U_9956239,0.0,0.0,0.0,100.0
U_22219350,0.0,0.0,0.0,100.0
U_29724679,0.0,0.0,0.0,0.0
U_10517338,0.0,0.0,50.0,0.0
U_30017140,0.0,0.0,33.33333333333333,66.66666666666666
U_94015,0.0,0.0,66.66666666666666,0.0
U_25357807,0.0,50.0,50.0,0.0
U_12933963,100.0,0.0,0.0,0.0
U_11731,0.0,20.0,60.0,20.0
U_11148938,0.0,11.11111111111111,11.11111111111111,11.11111111111111
U_11831196,0.0,0.0,0.0,50.0
U_5617393,66.66666666666666,0.0,33.33333333333333,0.0
U_16669824,0.0,0.0,0.0,100.0
U_24633520,100.0,0.0,0.0,0.0
U_29482693,33.33333333333333,0.0,50.0,0.0
U_29021697,100.0,0.0,0.0,0.0
U_30198846,100.0,0.0,0.0,0.0
U_15035748,100.0,0.0,0.0,0.0
U_22327929,0.0,0.0,33.33333333333333,66.66666666666666
U_18491306,100.0,0.0,0.0,0.0
U_29572110,0.0,0.0,16.666666666666664,50.0
U_29426559,100.0,0.0,0.0,0.0
U_5066517,0.0,0.0,0.0,100.0
U_8247005,0.0,0.0,0.0,100.0
U_30204644,0.0,0.0,0.0,100.0
U_5418477,100.0,0.0,0.0,0.0
U_10628170,0.0,0.0,50.0,0.0
U_13417532,0.0,33.33333333333333,66.66666666666666,0.0
U_12575725,0.0,0.0,11.11111111111111,0.0
U_16505174,50.0,50.0,0.0,0.0
U_15268089,100.0,0.0,0.0,0.0
U_11821990,0.0,0.0,25.0,0.0
U_25384516,4.761904761904762,5.1020408163265305,56.80272108843537,0.6802721088435374
U_6909814,100.0,0.0,0.0,0.0
U_26584336,75.0,12.5,12.5,0.0
U_30037555,0.0,0.0,66.66666666666666,33.33333333333333
U_25254604,0.0,0.0,0.0,100.0
U_30206975,50.0,50.0,0.0,0.0
U_12699445,0.0,14.285714285714285,57.14285714285714,0.0
U_10433959,0.0,0.0,50.0,50.0
U_29917322,0.0,0.0,75.0,0.0
U_5445239,0.0,0.0,0.0,100.0
U_30208326,81.81818181818183,9.090909090909092,9.090909090909092,0.0
U_29266742,100.0,0.0,0.0,0.0
U_30196151,40.0,60.0,0.0,0.0
U_30162579,50.0,50.0,0.0,0.0
U_12162667,0.0,0.0,50.0,50.0
U_28157062,0.0,0.0,66.66666666666666,0.0
U_19256017,0.0,0.0,25.0,0.0
U_18544226,0.0,0.0,100.0,0.0
U_17599778,0.0,0.0,0.0,100.0
U_17274857,0.0,0.0,28.57142857142857,0.0
U_28582473,0.0,0.0,0.0,100.0
U_12732459,0.0,0.0,100.0,0.0
U_12503419,0.0,0.0,0.0,100.0
U_26953613,100.0,0.0,0.0,0.0
U_30245046,100.0,0.0,0.0,0.0
U_29744049,0.0,0.0,0.0,0.0
U_2041406,71.42857142857143,14.285714285714285,14.285714285714285,0.0
U_414081,20.0,20.0,40.0,20.0
U_12037279,33.33333333333333,0.0,33.33333333333333,33.33333333333333
U_4572998,0.0,0.0,100.0,0.0
U_4677763,0.0,0.0,50.0,0.0
U_26428187,0.0,0.0,70.0,30.0
U_28975246,100.0,0.0,0.0,0.0
U_4819980,0.0,0.0,0.0,100.0
U_30011226,0.0,0.0,100.0,0.0
U_2742656,90.0,10.0,0.0,0.0
U_12622160,0.0,0.0,50.0,50.0
U_19872162,0.0,0.0,0.0,0.0
U_13848018,0.0,0.0,0.0,100.0
U_2917536,0.0,0.0,75.0,25.0
U_11479737,0.0,0.0,100.0,0.0
U_14805981,100.0,0.0,0.0,0.0
U_1852081,75.0,25.0,0.0,0.0
U_29586595,0.0,0.0,42.857142857142854,0.0
U_15042231,0.0,0.0,0.0,0.0
U_30195263,0.0,0.0,0.0,100.0
U_5617484,100.0,0.0,0.0,0.0
U_24179201,0.0,0.0,0.0,100.0
U_29903148,0.0,0.0,100.0,0.0
U_21111672,0.0,0.0,0.0,100.0
U_15453683,100.0,0.0,0.0,0.0
U_7208924,0.0,0.0,75.0,0.0
U_4427755,20.0,40.0,30.0,0.0
U_15488548,0.0,0.0,50.0,0.0
U_11486091,0.0,0.0,25.0,0.0
U_30208794,100.0,0.0,0.0,0.0
U_11418763,0.0,14.285714285714285,0.0,0.0
U_25248720,0.0,0.0,25.0,75.0
U_11242975,0.0,0.0,100.0,0.0
U_8964652,0.0,0.0,0.0,0.0
U_26416689,37.5,12.5,37.5,0.0
U_12401932,0.0,0.0,0.0,100.0
U_3906822,0.0,0.0,50.0,0.0
U_11067224,0.0,0.0,0.0,100.0
U_9969645,50.0,50.0,0.0,0.0
U_25313523,0.0,0.0,100.0,0.0
U_17818497,100.0,0.0,0.0,0.0
U_28762963,50.0,0.0,0.0,50.0
U_27737758,100.0,0.0,0.0,0.0
U_12660226,100.0,0.0,0.0,0.0
U_4751703,100.0,0.0,0.0,0.0
U_14617733,100.0,0.0,0.0,0.0
U_5367981,100.0,0.0,0.0,0.0
U_29855046,30.0,30.0,30.0,10.0
U_25900971,100.0,0.0,0.0,0.0
U_7380156,100.0,0.0,0.0,0.0
U_14646917,0.0,0.0,0.0,100.0
U_47184,60.0,40.0,0.0,0.0
U_13766725,0.0,21.428571428571427,42.857142857142854,7.142857142857142
U_22120279,100.0,0.0,0.0,0.0
U_24147638,0.0,50.0,25.0,0.0
U_13720875,20.0,40.0,30.0,0.0
U_30244981,100.0,0.0,0.0,0.0
U_5131936,0.0,0.0,33.33333333333333,33.33333333333333
U_24157571,100.0,0.0,0.0,0.0
U_24643388,100.0,0.0,0.0,0.0
U_8679333,84.61538461538461,7.6923076923076925,3.8461538461538463,3.8461538461538463
U_17725370,100.0,0.0,0.0,0.0
U_4422803,100.0,0.0,0.0,0.0
U_17088556,0.0,100.0,0.0,0.0
U_28785036,100.0,0.0,0.0,0.0
U_7394321,100.0,0.0,0.0,0.0
U_15342416,100.0,0.0,0.0,0.0
U_12456916,0.0,0.0,100.0,0.0
U_10255947,100.0,0.0,0.0,0.0
U_30102560,0.0,0.0,100.0,0.0
U_16554123,100.0,0.0,0.0,0.0
U_30151119,85.71428571428571,14.285714285714285,0.0,0.0
U_7380474,100.0,0.0,0.0,0.0
U_11076151,100.0,0.0,0.0,0.0
U_9575999,80.0,20.0,0.0,0.0
U_12583670,0.0,0.0,0.0,60.0
U_28082668,0.0,0.0,0.0,50.0
U_29568085,55.55555555555556,33.33333333333333,11.11111111111111,0.0
U_30262595,100.0,0.0,0.0,0.0
U_78799,28.57142857142857,42.857142857142854,28.57142857142857,0.0
U_26333931,0.0,0.0,66.66666666666666,33.33333333333333
U_29965179,100.0,0.0,0.0,0.0
U_28637443,0.0,0.0,0.0,50.0
U_17113786,100.0,0.0,0.0,0.0
U_7218751,100.0,0.0,0.0,0.0
U_5608922,0.0,0.0,100.0,0.0
U_27344256,0.0,57.14285714285714,28.57142857142857,7.142857142857142
U_13358168,100.0,0.0,0.0,0.0
U_28934310,25.0,25.0,50.0,0.0
U_24069980,0.0,0.0,100.0,0.0
U_11577487,100.0,0.0,0.0,0.0
U_22892052,100.0,0.0,0.0,0.0
U_29679715,100.0,0.0,0.0,0.0
U_12622272,100.0,0.0,0.0,0.0
U_27107805,100.0,0.0,0.0,0.0
U_22873032,33.33333333333333,66.66666666666666,0.0,0.0
U_5241540,100.0,0.0,0.0,0.0
U_30181235,100.0,0.0,0.0,0.0
U_29685917,0.0,0.0,0.0,100.0
U_29609971,94.94949494949495,0.0,5.05050505050505,0.0
U_16091528,100.0,0.0,0.0,0.0
U_12609329,100.0,0.0,0.0,0.0
U_27595233,100.0,0.0,0.0,0.0
U_14399082,75.0,0.0,25.0,0.0
U_11394950,100.0,0.0,0.0,0.0
U_29435991,100.0,0.0,0.0,0.0
U_25332217,0.0,0.0,0.0,50.0
U_30090534,100.0,0.0,0.0,0.0
U_25878976,0.0,100.0,0.0,0.0
U_29144367,0.0,0.0,100.0,0.0
U_29378947,0.0,0.0,100.0,0.0
U_14854063,100.0,0.0,0.0,0.0
U_28139081,100.0,0.0,0.0,0.0
U_30114974,0.0,0.0,16.666666666666664,33.33333333333333
U_12177894,0.0,100.0,0.0,0.0
U_11920974,100.0,0.0,0.0,0.0
U_29958189,100.0,0.0,0.0,0.0
U_7193624,100.0,0.0,0.0,0.0
U_30267281,100.0,0.0,0.0,0.0
U_28892656,100.0,0.0,0.0,0.0
U_15118341,0.0,0.0,100.0,0.0
U_28277414,0.0,33.33333333333333,33.33333333333333,0.0
U_29903970,100.0,0.0,0.0,0.0
U_12207267,0.0,0.0,33.33333333333333,0.0
U_28690323,0.0,0.0,100.0,0.0
U_30015972,0.0,0.0,100.0,0.0
U_16641983,75.0,0.0,25.0,0.0
U_13417440,100.0,0.0,0.0,0.0
U_16882932,100.0,0.0,0.0,0.0
U_30268776,100.0,0.0,0.0,0.0
U_29564521,100.0,0.0,0.0,0.0
U_12947068,100.0,0.0,0.0,0.0
U_19207238,0.0,0.0,100.0,0.0
U_30264614,100.0,0.0,0.0,0.0
U_99722,0.0,33.33333333333333,66.66666666666666,0.0
U_12732572,0.0,0.0,0.0,0.0
U_14596899,0.0,40.0,40.0,0.0
U_29658538,0.0,0.0,0.0,0.0
U_4930247,0.0,0.0,0.0,100.0
U_17120219,0.0,0.0,0.0,100.0
U_30269972,100.0,0.0,0.0,0.0
U_13631508,100.0,0.0,0.0,0.0
U_30266153,100.0,0.0,0.0,0.0
U_12257709,0.0,0.0,33.33333333333333,33.33333333333333
U_15289040,0.0,0.0,50.0,0.0
U_16989305,100.0,0.0,0.0,0.0
U_30095880,0.0,0.0,0.0,0.0
U_14162367,100.0,0.0,0.0,0.0
U_16865642,12.5,37.5,50.0,0.0
U_16656389,0.0,0.0,50.0,50.0
U_4119395,66.66666666666666,16.666666666666664,16.666666666666664,0.0
U_18437116,100.0,0.0,0.0,0.0
U_27031233,100.0,0.0,0.0,0.0
U_271410,87.5,12.5,0.0,0.0
U_16190202,100.0,0.0,0.0,0.0
U_28757539,100.0,0.0,0.0,0.0
U_27732744,0.0,20.0,40.0,20.0
U_30199605,100.0,0.0,0.0,0.0
U_15285528,100.0,0.0,0.0,0.0
U_14175654,100.0,0.0,0.0,0.0
U_18735710,33.33333333333333,0.0,33.33333333333333,33.33333333333333
U_30256087,100.0,0.0,0.0,0.0
U_23634723,0.0,33.33333333333333,66.66666666666666,0.0
U_29212411,100.0,0.0,0.0,0.0
U_30163221,100.0,0.0,0.0,0.0
U_10791306,0.0,0.0,10.0,0.0
U_13551390,100.0,0.0,0.0,0.0
U_15198765,0.0,33.33333333333333,33.33333333333333,33.33333333333333
U_5527809,100.0,0.0,0.0,0.0
U_27397042,100.0,0.0,0.0,0.0
U_11479897,0.0,0.0,0.0,100.0
U_30272243,0.0,0.0,0.0,100.0
U_29167862,100.0,0.0,0.0,0.0
U_30007619,40.0,0.0,40.0,0.0
U_16303782,0.0,0.0,0.0,0.0
U_13529032,0.0,0.0,0.0,100.0
U_22947967,100.0,0.0,0.0,0.0
U_29492275,100.0,0.0,0.0,0.0
U_15085882,100.0,0.0,0.0,0.0
U_30254059,100.0,0.0,0.0,0.0
U_15828044,80.0,0.0,20.0,0.0
U_30163902,0.0,0.0,0.0,100.0
U_18235383,0.0,20.0,70.0,0.0
U_1630740,100.0,0.0,0.0,0.0
U_29861055,0.0,0.0,100.0,0.0
U_13417380,100.0,0.0,0.0,0.0
U_14206329,100.0,0.0,0.0,0.0
U_14271141,20.0,40.0,40.0,0.0
U_25871885,66.66666666666666,33.33333333333333,0.0,0.0
U_29848995,100.0,0.0,0.0,0.0
U_27590373,100.0,0.0,0.0,0.0
U_10467627,100.0,0.0,0.0,0.0
U_15379848,50.0,0.0,0.0,0.0
U_11560169,100.0,0.0,0.0,0.0
U_16727844,0.0,50.0,50.0,0.0
U_23241556,100.0,0.0,0.0,0.0
U_16672184,100.0,0.0,0.0,0.0
U_23240551,100.0,0.0,0.0,0.0
U_10236685,100.0,0.0,0.0,0.0
U_30257247,0.0,50.0,50.0,0.0
U_30112808,85.71428571428571,0.0,14.285714285714285,0.0
U_5129528,100.0,0.0,0.0,0.0
U_13551781,100.0,0.0,0.0,0.0
U_12659126,100.0,0.0,0.0,0.0
U_15402442,100.0,0.0,0.0,0.0
U_19239119,100.0,0.0,0.0,0.0
U_19271145,100.0,0.0,0.0,0.0
U_23242331,0.0,0.0,100.0,0.0
U_30169646,100.0,0.0,0.0,0.0
U_23390143,0.0,0.0,0.0,100.0
U_19376932,100.0,0.0,0.0,0.0
U_10904991,87.5,0.0,0.0,0.0
U_13551375,0.0,0.0,50.0,50.0
U_12976261,50.0,0.0,50.0,0.0
U_30277765,100.0,0.0,0.0,0.0
U_14282318,100.0,0.0,0.0,0.0
U_29655025,0.0,25.0,25.0,50.0
U_30278734,100.0,0.0,0.0,0.0
U_4722772,100.0,0.0,0.0,0.0
U_30263868,100.0,0.0,0.0,0.0
U_96410,100.0,0.0,0.0,0.0
U_12380748,81.25,12.5,6.25,0.0
U_28920378,100.0,0.0,0.0,0.0
U_28923813,100.0,0.0,0.0,0.0
U_12991555,42.857142857142854,28.57142857142857,28.57142857142857,0.0
U_25236870,100.0,0.0,0.0,0.0
U_1711555,100.0,0.0,0.0,0.0
U_30260678,100.0,0.0,0.0,0.0
U_27011336,0.0,0.0,0.0,100.0
U_4803361,100.0,0.0,0.0,0.0
U_2086590,0.0,20.0,40.0,0.0
U_20991896,0.0,0.0,0.0,100.0
U_30264289,100.0,0.0,0.0,0.0
U_29055506,100.0,0.0,0.0,0.0
U_30101217,100.0,0.0,0.0,0.0
U_14071933,100.0,0.0,0.0,0.0
U_12456161,100.0,0.0,0.0,0.0
U_24747954,0.0,0.0,100.0,0.0
U_2587420,0.0,0.0,0.0,100.0
U_17370917,0.0,0.0,0.0,0.0
U_15102281,0.0,0.0,100.0,0.0
U_16409447,0.0,0.0,100.0,0.0
U_11172631,0.0,0.0,33.33333333333333,22.22222222222222
U_29702239,85.71428571428571,0.0,14.285714285714285,0.0
U_30279289,0.0,25.0,0.0,50.0
U_10373464,90.0,0.0,10.0,0.0
U_7339859,100.0,0.0,0.0,0.0
U_25363926,100.0,0.0,0.0,0.0
U_30282757,80.0,0.0,20.0,0.0
U_29174056,50.0,0.0,0.0,50.0
U_28349361,0.0,80.0,20.0,0.0
U_28645529,25.0,25.0,25.0,25.0
U_15323678,100.0,0.0,0.0,0.0
U_12407961,0.0,0.0,100.0,0.0
U_12732906,0.0,0.0,100.0,0.0
U_28514882,50.0,0.0,50.0,0.0
U_15488537,100.0,0.0,0.0,0.0
U_27875424,100.0,0.0,0.0,0.0
U_15195517,60.0,0.0,0.0,0.0
U_29695695,100.0,0.0,0.0,0.0
U_29689657,94.73684210526315,5.263157894736842,0.0,0.0
U_4238132,100.0,0.0,0.0,0.0
U_30180980,100.0,0.0,0.0,0.0
U_21720725,0.0,0.0,100.0,0.0
U_28185652,40.0,20.0,40.0,0.0
U_12698471,0.0,0.0,0.0,0.0
U_14537478,100.0,0.0,0.0,0.0
U_23913456,20.0,60.0,0.0,0.0
U_16674955,100.0,0.0,0.0,0.0
U_12575786,0.0,0.0,50.0,0.0
U_30285239,0.0,0.0,100.0,0.0
U_5745692,0.0,100.0,0.0,0.0
U_16991798,85.71428571428571,14.285714285714285,0.0,0.0
U_11920368,100.0,0.0,0.0,0.0
U_15004234,0.0,0.0,100.0,0.0
U_10657811,100.0,0.0,0.0,0.0
U_12401180,100.0,0.0,0.0,0.0
U_16698509,66.66666666666666,33.33333333333333,0.0,0.0
U_23136660,83.33333333333334,0.0,16.666666666666664,0.0
U_20311129,100.0,0.0,0.0,0.0
U_17603990,0.0,0.0,50.0,0.0
U_1305804,50.0,50.0,0.0,0.0
U_11033608,100.0,0.0,0.0,0.0
U_4727775,0.0,50.0,0.0,0.0
U_12226781,0.0,0.0,0.0,100.0
U_13013879,0.0,0.0,100.0,0.0
U_2894902,100.0,0.0,0.0,0.0
U_30287147,100.0,0.0,0.0,0.0
U_30274965,0.0,0.0,50.0,0.0
U_29962259,43.75,6.25,31.25,18.75
U_29743104,100.0,0.0,0.0,0.0
U_13331364,50.0,50.0,0.0,0.0
U_11080134,0.0,0.0,100.0,0.0
U_20850575,100.0,0.0,0.0,0.0
U_30042194,100.0,0.0,0.0,0.0
U_10593281,0.0,0.0,50.0,0.0
U_6327894,100.0,0.0,0.0,0.0
U_29507932,33.33333333333333,11.11111111111111,44.44444444444444,0.0
U_29398741,0.0,0.0,0.0,100.0
U_7337161,100.0,0.0,0.0,0.0
U_25239022,0.0,0.0,33.33333333333333,66.66666666666666
U_16991866,80.0,20.0,0.0,0.0
U_15364892,0.0,0.0,0.0,0.0
U_357887,100.0,0.0,0.0,0.0
U_20485180,0.0,0.0,22.22222222222222,0.0
U_13802552,0.0,0.0,42.857142857142854,0.0
U_9802150,0.0,0.0,100.0,0.0
U_29410101,97.9746835443038,1.5189873417721518,0.25316455696202533,0.0
U_11603467,100.0,0.0,0.0,0.0
U_12408150,100.0,0.0,0.0,0.0
U_18406773,66.66666666666666,0.0,0.0,33.33333333333333
U_12699440,80.0,0.0,10.0,0.0
U_12699461,100.0,0.0,0.0,0.0
U_29749505,0.0,0.0,0.0,100.0
U_8827674,100.0,0.0,0.0,0.0
U_12407998,100.0,0.0,0.0,0.0
U_30290133,100.0,0.0,0.0,0.0
U_13944212,75.0,0.0,25.0,0.0
U_13940308,0.0,100.0,0.0,0.0
U_11469706,0.0,0.0,50.0,25.0
U_29843246,0.0,0.0,100.0,0.0
U_14176970,90.19607843137256,1.9607843137254901,7.8431372549019605,0.0
U_30201283,100.0,0.0,0.0,0.0
U_30290708,0.0,50.0,0.0,50.0
U_14074261,100.0,0.0,0.0,0.0
U_12986749,100.0,0.0,0.0,0.0
U_17447522,0.0,66.66666666666666,33.33333333333333,0.0
U_17707783,100.0,0.0,0.0,0.0
U_12503878,11.11111111111111,14.814814814814813,22.22222222222222,0.0
U_13231256,0.0,0.0,0.0,0.0
U_19937386,100.0,0.0,0.0,0.0
U_5833044,0.0,0.0,100.0,0.0
U_12085351,0.0,0.0,44.44444444444444,55.55555555555556
U_22767895,100.0,0.0,0.0,0.0
U_14282828,0.0,0.0,25.0,0.0
U_30123120,0.0,50.0,50.0,0.0
U_3874502,0.0,100.0,0.0,0.0
U_27547841,100.0,0.0,0.0,0.0
U_30292437,66.66666666666666,11.11111111111111,11.11111111111111,11.11111111111111
U_12695489,100.0,0.0,0.0,0.0
U_24632702,100.0,0.0,0.0,0.0
U_4602922,60.0,0.0,20.0,0.0
U_29470729,100.0,0.0,0.0,0.0
U_155902,50.0,0.0,50.0,0.0
U_12407995,50.0,50.0,0.0,0.0
U_29571228,100.0,0.0,0.0,0.0
U_30293510,100.0,0.0,0.0,0.0
U_30042341,100.0,0.0,0.0,0.0
U_30293653,75.0,25.0,0.0,0.0
U_27943068,100.0,0.0,0.0,0.0
U_290822,0.0,0.0,0.0,100.0
U_25717576,33.33333333333333,0.0,33.33333333333333,33.33333333333333
U_13940356,100.0,0.0,0.0,0.0
U_22251067,100.0,0.0,0.0,0.0
U_10879699,0.0,0.0,100.0,0.0
U_19230361,100.0,0.0,0.0,0.0
U_13944255,100.0,0.0,0.0,0.0
U_28584178,100.0,0.0,0.0,0.0
U_7264613,100.0,0.0,0.0,0.0
U_19199729,33.33333333333333,0.0,33.33333333333333,33.33333333333333
U_4409550,100.0,0.0,0.0,0.0
U_8537174,100.0,0.0,0.0,0.0
U_14443169,0.0,0.0,0.0,0.0
U_23579160,100.0,0.0,0.0,0.0
U_30033166,0.0,0.0,33.33333333333333,66.66666666666666
U_14215563,0.0,50.0,0.0,0.0
U_28767705,0.0,0.0,100.0,0.0
U_13044186,100.0,0.0,0.0,0.0
U_30287817,0.0,37.5,50.0,6.25
U_11635435,100.0,0.0,0.0,0.0
U_19812164,85.71428571428571,0.0,14.285714285714285,0.0
U_26959134,0.0,100.0,0.0,0.0
U_14842789,0.0,0.0,100.0,0.0
U_14847886,100.0,0.0,0.0,0.0
U_27542279,100.0,0.0,0.0,0.0
U_23385703,50.0,0.0,0.0,50.0
U_23125885,0.0,0.0,100.0,0.0
U_30142619,0.0,3.75,8.75,0.0
U_19197732,100.0,0.0,0.0,0.0
U_29772002,0.0,19.047619047619047,52.38095238095239,0.0
U_10414491,0.0,100.0,0.0,0.0
U_16009648,50.0,0.0,50.0,0.0
U_10209157,100.0,0.0,0.0,0.0
U_9047743,100.0,0.0,0.0,0.0
U_28676577,0.0,100.0,0.0,0.0
U_14252493,0.0,50.0,50.0,0.0
U_16475801,100.0,0.0,0.0,0.0
U_12238675,66.66666666666666,33.33333333333333,0.0,0.0
U_476683,100.0,0.0,0.0,0.0
U_29669398,0.0,0.0,33.33333333333333,66.66666666666666
U_30294998,0.0,0.0,50.0,0.0
U_16203807,84.21052631578947,0.0,0.0,0.0
U_14675115,0.0,27.27272727272727,63.63636363636363,9.090909090909092
U_30295444,0.0,0.0,0.0,100.0
U_674084,0.0,100.0,0.0,0.0
U_27867198,100.0,0.0,0.0,0.0
U_12372010,100.0,0.0,0.0,0.0
U_17252959,66.66666666666666,0.0,0.0,33.33333333333333
U_30165852,0.0,0.0,0.0,100.0
U_15394195,50.0,33.33333333333333,16.666666666666664,0.0
U_12228298,0.0,0.0,0.0,100.0
U_30297132,100.0,0.0,0.0,0.0
U_27773403,100.0,0.0,0.0,0.0
U_30110127,100.0,0.0,0.0,0.0
U_8004244,100.0,0.0,0.0,0.0
U_14081463,100.0,0.0,0.0,0.0
U_4276179,66.66666666666666,0.0,33.33333333333333,0.0
U_6498798,90.0,0.0,10.0,0.0
U_29438540,100.0,0.0,0.0,0.0
U_29785082,90.0,0.0,10.0,0.0
U_18087203,100.0,0.0,0.0,0.0
U_10256023,100.0,0.0,0.0,0.0
U_7380184,100.0,0.0,0.0,0.0
U_23166472,100.0,0.0,0.0,0.0
U_10210501,100.0,0.0,0.0,0.0
U_30295860,100.0,0.0,0.0,0.0
U_14915374,0.0,50.0,0.0,50.0
U_29602568,0.0,0.0,33.33333333333333,66.66666666666666
U_14146828,100.0,0.0,0.0,0.0
U_4751739,100.0,0.0,0.0,0.0
U_13940365,100.0,0.0,0.0,0.0
U_21108575,33.33333333333333,0.0,16.666666666666664,16.666666666666664
U_30299311,0.0,0.0,100.0,0.0
U_30299304,100.0,0.0,0.0,0.0
U_25228505,0.0,0.0,100.0,0.0
U_30047747,100.0,0.0,0.0,0.0
U_15513257,100.0,0.0,0.0,0.0
U_16203081,0.0,100.0,0.0,0.0
U_30277066,100.0,0.0,0.0,0.0
U_7719025,0.0,50.0,0.0,0.0
U_29899202,0.0,0.0,33.33333333333333,66.66666666666666
U_30297115,0.0,0.0,40.0,60.0
U_6140733,64.70588235294117,5.88235294117647,11.76470588235294,17.647058823529413
U_14649653,100.0,0.0,0.0,0.0
U_13327244,0.0,66.66666666666666,33.33333333333333,0.0
U_13529818,0.0,100.0,0.0,0.0
U_22774095,0.0,0.0,0.0,0.0
U_26464324,97.05882352941177,2.941176470588235,0.0,0.0
U_16344062,0.0,0.0,0.0,100.0
U_14372708,64.28571428571429,7.142857142857142,14.285714285714285,14.285714285714285
U_29240037,0.0,0.0,100.0,0.0
U_12618466,100.0,0.0,0.0,0.0
U_14025960,50.0,0.0,50.0,0.0
U_30301062,0.0,50.0,50.0,0.0
U_28491759,100.0,0.0,0.0,0.0
U_18014978,100.0,0.0,0.0,0.0
U_29568421,100.0,0.0,0.0,0.0
U_30302905,0.0,0.0,0.0,100.0
U_7153422,0.0,100.0,0.0,0.0
U_14135884,0.0,5.263157894736842,26.31578947368421,5.263157894736842
U_29903351,100.0,0.0,0.0,0.0
U_29703712,0.0,0.0,0.0,50.0
U_14446513,100.0,0.0,0.0,0.0
U_30303291,0.0,0.0,0.0,100.0
U_22727857,50.0,33.33333333333333,16.666666666666664,0.0
U_13129269,100.0,0.0,0.0,0.0
U_18538417,100.0,0.0,0.0,0.0
U_10465870,75.0,0.0,25.0,0.0
U_13454197,100.0,0.0,0.0,0.0
U_8480533,0.0,33.33333333333333,0.0,33.33333333333333
U_13048761,100.0,0.0,0.0,0.0
U_28686706,100.0,0.0,0.0,0.0
U_29481754,100.0,0.0,0.0,0.0
U_15827830,100.0,0.0,0.0,0.0
U_29920670,100.0,0.0,0.0,0.0
U_13401438,66.66666666666666,0.0,16.666666666666664,0.0
U_8617147,66.66666666666666,0.0,16.666666666666664,0.0
U_29466732,100.0,0.0,0.0,0.0
U_9467623,66.66666666666666,0.0,0.0,33.33333333333333
U_13343090,0.0,0.0,100.0,0.0
U_25283493,100.0,0.0,0.0,0.0
U_30306412,100.0,0.0,0.0,0.0
U_18595555,100.0,0.0,0.0,0.0
U_1697987,100.0,0.0,0.0,0.0
U_27986747,100.0,0.0,0.0,0.0
U_27232519,0.0,50.0,50.0,0.0
U_16709799,66.66666666666666,22.22222222222222,11.11111111111111,0.0
U_6121914,100.0,0.0,0.0,0.0
U_10373052,100.0,0.0,0.0,0.0
U_13401660,0.0,2.976190476190476,4.166666666666666,0.0
U_28754489,72.72727272727273,27.27272727272727,0.0,0.0
U_29486174,100.0,0.0,0.0,0.0
U_11826063,7.6923076923076925,7.6923076923076925,0.0,84.61538461538461
U_14447645,50.0,0.0,50.0,0.0
U_24183412,50.0,0.0,50.0,0.0
U_28087831,100.0,0.0,0.0,0.0
U_15193711,100.0,0.0,0.0,0.0
U_29172838,100.0,0.0,0.0,0.0
U_7024268,0.0,50.0,0.0,50.0
U_12542693,100.0,0.0,0.0,0.0
U_11936189,0.0,25.0,25.0,0.0
U_30303427,0.0,0.0,50.0,50.0
U_4621863,100.0,0.0,0.0,0.0
U_22323042,100.0,0.0,0.0,0.0
U_27442624,100.0,0.0,0.0,0.0
U_28397021,100.0,0.0,0.0,0.0
U_30147645,0.0,0.0,28.57142857142857,71.42857142857143
U_30293503,66.66666666666666,33.33333333333333,0.0,0.0
U_27373549,0.0,0.0,0.0,0.0
U_26940409,100.0,0.0,0.0,0.0
U_15013326,100.0,0.0,0.0,0.0
U_29327045,66.66666666666666,0.0,33.33333333333333,0.0
U_30313717,0.0,33.33333333333333,0.0,33.33333333333333
U_13910314,0.0,0.0,0.0,50.0
U_30313787,100.0,0.0,0.0,0.0
U_30179464,50.0,50.0,0.0,0.0
U_5195608,0.0,0.0,33.33333333333333,66.66666666666666
U_27244948,100.0,0.0,0.0,0.0
U_8029352,0.0,33.33333333333333,66.66666666666666,0.0
U_30158402,0.0,100.0,0.0,0.0
U_28680735,0.0,0.0,100.0,0.0
U_29611602,100.0,0.0,0.0,0.0
U_11499086,0.0,100.0,0.0,0.0
U_14650232,100.0,0.0,0.0,0.0
U_6072027,0.0,0.0,0.0,100.0
U_2038147,100.0,0.0,0.0,0.0
U_29393199,0.0,0.0,0.0,100.0
U_19141918,0.0,33.33333333333333,66.66666666666666,0.0
U_29727650,33.33333333333333,33.33333333333333,33.33333333333333,0.0
U_10903372,11.11111111111111,66.66666666666666,11.11111111111111,0.0
U_29921446,100.0,0.0,0.0,0.0
U_11001307,100.0,0.0,0.0,0.0
U_29494062,50.0,0.0,0.0,0.0
U_11920305,100.0,0.0,0.0,0.0
U_23932402,100.0,0.0,0.0,0.0
U_15387371,100.0,0.0,0.0,0.0
U_8532112,100.0,0.0,0.0,0.0
U_15843994,100.0,0.0,0.0,0.0
U_29193483,100.0,0.0,0.0,0.0
U_20282475,0.0,0.0,100.0,0.0
U_260765,100.0,0.0,0.0,0.0
U_9798885,0.0,50.0,41.66666666666667,0.0
U_16079358,100.0,0.0,0.0,0.0
U_30145043,100.0,0.0,0.0,0.0
U_4572160,0.0,0.0,50.0,50.0
U_30315218,0.0,33.33333333333333,0.0,66.66666666666666
U_29496082,100.0,0.0,0.0,0.0
U_24409128,100.0,0.0,0.0,0.0
U_29108952,0.0,100.0,0.0,0.0
U_6144239,90.9090909090909,0.0,9.090909090909092,0.0
U_13417539,100.0,0.0,0.0,0.0
U_29443529,100.0,0.0,0.0,0.0
U_12951239,0.0,0.0,100.0,0.0
U_28487061,0.0,100.0,0.0,0.0
U_29158347,100.0,0.0,0.0,0.0
U_23686322,100.0,0.0,0.0,0.0
U_22777704,60.0,0.0,20.0,20.0
U_29488309,100.0,0.0,0.0,0.0
U_26367081,100.0,0.0,0.0,0.0
U_30311804,100.0,0.0,0.0,0.0
U_21383958,100.0,0.0,0.0,0.0
U_13618857,50.0,33.33333333333333,16.666666666666664,0.0
U_1536108,20.0,40.0,40.0,0.0
U_15344567,100.0,0.0,0.0,0.0
U_5617465,0.0,71.42857142857143,14.285714285714285,0.0
U_20957710,100.0,0.0,0.0,0.0
U_28493668,0.0,100.0,0.0,0.0
U_20903264,37.5,25.0,25.0,0.0
U_27115813,0.0,0.0,33.33333333333333,0.0
U_11933307,25.0,0.0,50.0,0.0
U_817984,75.0,0.0,25.0,0.0
U_26008105,60.0,20.0,20.0,0.0
U_20486588,100.0,0.0,0.0,0.0
U_15773662,0.0,0.0,0.0,0.0
U_29481480,100.0,0.0,0.0,0.0
U_30169198,75.0,25.0,0.0,0.0
U_30320203,0.0,0.0,0.0,100.0
U_28679919,100.0,0.0,0.0,0.0
U_10644822,100.0,0.0,0.0,0.0
U_17126301,100.0,0.0,0.0,0.0
U_14484820,0.0,0.0,50.0,33.33333333333333
U_30320194,100.0,0.0,0.0,0.0
U_4145761,100.0,0.0,0.0,0.0
U_29384296,0.0,0.0,0.0,100.0
U_29479865,100.0,0.0,0.0,0.0
U_28414002,80.0,10.0,10.0,0.0
U_25286658,0.0,0.0,36.36363636363637,0.0
U_29501692,0.0,0.0,0.0,100.0
U_7460567,0.0,0.0,0.0,100.0
U_25299081,0.0,0.0,0.0,0.0
U_11849069,0.0,0.0,100.0,0.0
U_28529258,66.66666666666666,0.0,33.33333333333333,0.0
U_28672890,100.0,0.0,0.0,0.0
U_24640483,100.0,0.0,0.0,0.0
U_13654732,0.0,57.14285714285714,42.857142857142854,0.0
U_14647008,100.0,0.0,0.0,0.0
U_4751683,25.0,75.0,0.0,0.0
U_30321630,0.0,0.0,0.0,66.66666666666666
U_28782522,100.0,0.0,0.0,0.0
U_29704563,0.0,0.0,0.0,100.0
U_17049789,0.0,0.0,33.33333333333333,0.0
U_10570549,100.0,0.0,0.0,0.0
U_25772533,14.285714285714285,42.857142857142854,35.714285714285715,0.0
U_27225006,100.0,0.0,0.0,0.0
U_28287885,66.66666666666666,33.33333333333333,0.0,0.0
U_30322099,0.0,0.0,0.0,100.0
U_28644407,100.0,0.0,0.0,0.0
U_8875587,100.0,0.0,0.0,0.0
U_19166823,0.0,0.0,0.0,0.0
U_4169127,0.0,0.0,100.0,0.0
U_28674451,100.0,0.0,0.0,0.0
U_30322698,33.33333333333333,16.666666666666664,0.0,50.0
U_15501782,75.0,0.0,25.0,0.0
U_30323096,100.0,0.0,0.0,0.0
U_29070544,100.0,0.0,0.0,0.0
U_29783363,100.0,0.0,0.0,0.0
U_7382874,33.33333333333333,33.33333333333333,33.33333333333333,0.0
U_10605307,0.0,0.0,100.0,0.0
U_15360052,100.0,0.0,0.0,0.0
U_18618441,0.0,0.0,0.0,100.0
U_29486034,100.0,0.0,0.0,0.0
U_17464402,0.0,33.33333333333333,33.33333333333333,0.0
U_29496201,100.0,0.0,0.0,0.0
U_30318802,64.0,20.0,16.0,0.0
U_25260632,100.0,0.0,0.0,0.0
U_9529451,0.0,0.0,0.0,100.0
U_25353300,100.0,0.0,0.0,0.0
U_4467356,100.0,0.0,0.0,0.0
U_13469534,0.0,0.0,100.0,0.0
U_3320377,100.0,0.0,0.0,0.0
U_5574170,100.0,0.0,0.0,0.0
U_29811446,100.0,0.0,0.0,0.0
U_29615400,100.0,0.0,0.0,0.0
U_11650091,100.0,0.0,0.0,0.0
U_30075018,80.0,0.0,20.0,0.0
U_16327958,100.0,0.0,0.0,0.0
U_11076340,100.0,0.0,0.0,0.0
U_24402075,0.0,50.0,50.0,0.0
U_29656743,0.0,0.0,0.0,100.0
U_27007864,100.0,0.0,0.0,0.0
U_30327966,100.0,0.0,0.0,0.0
U_4613439,75.0,0.0,25.0,0.0
U_20001807,100.0,0.0,0.0,0.0
U_22132613,0.0,0.0,0.0,100.0
U_30322196,0.0,0.0,100.0,0.0
U_11904,50.0,0.0,50.0,0.0
U_30310272,0.0,0.0,100.0,0.0
U_4571072,100.0,0.0,0.0,0.0
U_30131978,46.666666666666664,26.666666666666668,26.666666666666668,0.0
U_29585194,0.0,0.0,0.0,100.0
U_7318427,100.0,0.0,0.0,0.0
U_27443076,83.33333333333334,16.666666666666664,0.0,0.0
U_10465777,100.0,0.0,0.0,0.0
U_16567440,100.0,0.0,0.0,0.0
U_13947878,0.0,100.0,0.0,0.0
U_24067,40.0,30.0,30.0,0.0
U_16378487,50.0,50.0,0.0,0.0
U_29398358,100.0,0.0,0.0,0.0
U_15425350,100.0,0.0,0.0,0.0
U_3953618,100.0,0.0,0.0,0.0
U_11067766,0.0,0.0,100.0,0.0
U_17151307,0.0,100.0,0.0,0.0
U_16519806,100.0,0.0,0.0,0.0
U_29043768,66.66666666666666,0.0,33.33333333333333,0.0
U_27735007,100.0,0.0,0.0,0.0
U_12578236,0.0,0.0,0.0,100.0
U_5151838,0.0,0.0,100.0,0.0
U_30315063,60.0,20.0,20.0,0.0
U_45914,100.0,0.0,0.0,0.0
U_30264161,100.0,0.0,0.0,0.0
U_11344143,0.0,0.0,100.0,0.0
U_15455483,100.0,0.0,0.0,0.0
U_3673427,0.0,0.0,0.0,100.0
U_15420180,100.0,0.0,0.0,0.0
U_18838891,50.0,0.0,0.0,0.0
U_29927781,0.0,15.384615384615385,84.61538461538461,0.0
U_12531558,100.0,0.0,0.0,0.0
U_26826325,100.0,0.0,0.0,0.0
U_19275113,0.0,0.0,0.0,100.0
U_11791377,0.0,0.0,100.0,0.0
U_18128705,66.66666666666666,0.0,33.33333333333333,0.0
U_30310419,100.0,0.0,0.0,0.0
U_26952770,0.0,33.33333333333333,0.0,66.66666666666666
U_29134471,100.0,0.0,0.0,0.0
U_12318787,33.33333333333333,0.0,50.0,0.0
U_11338183,100.0,0.0,0.0,0.0
U_29992451,0.0,0.0,100.0,0.0
U_30333213,0.0,50.0,0.0,0.0
U_22739156,0.0,0.0,14.285714285714285,42.857142857142854
U_30149417,100.0,0.0,0.0,0.0
U_5995196,33.33333333333333,0.0,66.66666666666666,0.0
U_29559066,100.0,0.0,0.0,0.0
U_26653311,0.0,0.0,100.0,0.0
U_20017202,100.0,0.0,0.0,0.0
U_17835662,100.0,0.0,0.0,0.0
U_10465762,100.0,0.0,0.0,0.0
U_16817290,100.0,0.0,0.0,0.0
U_30334308,66.66666666666666,0.0,33.33333333333333,0.0
U_24656165,0.0,100.0,0.0,0.0
U_19153881,0.0,0.0,100.0,0.0
U_19157418,77.77777777777779,11.11111111111111,11.11111111111111,0.0
U_13784291,52.083333333333336,41.66666666666667,4.166666666666666,2.083333333333333
U_30334343,0.0,0.0,100.0,0.0
U_3098119,100.0,0.0,0.0,0.0
U_9527873,7.6923076923076925,15.384615384615385,10.256410256410255,0.0
U_30322443,0.0,50.0,50.0,0.0
U_12588303,0.0,0.0,0.0,100.0
U_30334416,45.45454545454545,9.090909090909092,45.45454545454545,0.0
U_11849008,0.0,50.0,50.0,0.0
U_30334453,100.0,0.0,0.0,0.0
U_28786204,0.0,33.33333333333333,66.66666666666666,0.0
U_26658940,80.0,0.0,0.0,20.0
U_15030928,100.0,0.0,0.0,0.0
U_22114468,100.0,0.0,0.0,0.0
U_14253146,0.0,100.0,0.0,0.0
U_26660575,0.0,0.0,100.0,0.0
U_11846989,100.0,0.0,0.0,0.0
U_13535214,100.0,0.0,0.0,0.0
U_29569009,0.0,100.0,0.0,0.0
U_19302458,100.0,0.0,0.0,0.0
U_12920198,0.0,0.0,100.0,0.0
U_30336795,0.0,0.0,0.0,100.0
U_22867002,0.0,0.0,33.33333333333333,33.33333333333333
U_25867691,0.0,0.0,0.0,100.0
U_15407751,0.0,50.0,0.0,50.0
U_5034243,100.0,0.0,0.0,0.0
U_26342738,100.0,0.0,0.0,0.0
U_26377423,100.0,0.0,0.0,0.0
U_18896576,100.0,0.0,0.0,0.0
U_26103007,100.0,0.0,0.0,0.0
U_22810157,100.0,0.0,0.0,0.0
U_30338381,75.0,0.0,25.0,0.0
U_6986868,0.0,50.0,50.0,0.0
U_30333210,33.33333333333333,33.33333333333333,33.33333333333333,0.0
U_22766396,92.3076923076923,0.0,0.0,0.0
U_12540887,0.0,0.0,100.0,0.0
U_29571987,100.0,0.0,0.0,0.0
U_15287893,75.0,25.0,0.0,0.0
U_29221318,0.0,0.0,0.0,100.0
U_29345674,0.0,50.0,50.0,0.0
U_3015501,100.0,0.0,0.0,0.0
U_17705927,0.0,20.0,20.0,20.0
U_5623906,100.0,0.0,0.0,0.0
U_6119913,0.0,0.0,0.0,100.0
U_27980976,100.0,0.0,0.0,0.0
U_19219345,100.0,0.0,0.0,0.0
U_30092498,0.0,29.411764705882355,58.82352941176471,0.0
U_13512134,100.0,0.0,0.0,0.0
U_4613435,75.0,0.0,0.0,0.0
U_29902710,100.0,0.0,0.0,0.0
U_4730348,0.0,0.0,0.0,100.0
U_28189649,0.0,33.33333333333333,33.33333333333333,0.0
U_30339022,100.0,0.0,0.0,0.0
U_23597213,80.0,20.0,0.0,0.0
U_26364979,100.0,0.0,0.0,0.0
U_15292013,100.0,0.0,0.0,0.0
U_29277888,7.142857142857142,10.714285714285714,25.0,3.571428571428571
U_4272150,100.0,0.0,0.0,0.0
U_7563440,0.0,0.0,100.0,0.0
U_14247074,100.0,0.0,0.0,0.0
U_29571643,0.0,0.0,100.0,0.0
U_4744613,0.0,0.0,0.0,100.0
U_30001350,90.47619047619048,0.0,9.523809523809524,0.0
U_12401178,100.0,0.0,0.0,0.0
U_15451036,50.0,0.0,50.0,0.0
U_30017992,12.5,50.0,25.0,12.5
U_20839520,100.0,0.0,0.0,0.0
U_30343633,85.71428571428571,0.0,0.0,14.285714285714285
U_29727154,0.0,0.0,0.0,100.0
U_30024488,0.0,100.0,0.0,0.0
U_30343908,100.0,0.0,0.0,0.0
U_11002080,100.0,0.0,0.0,0.0
U_7900363,0.0,0.0,0.0,100.0
U_19650797,100.0,0.0,0.0,0.0
U_12439590,0.0,0.0,0.0,100.0
U_30016892,50.0,50.0,0.0,0.0
U_14925874,80.0,0.0,20.0,0.0
U_16414249,100.0,0.0,0.0,0.0
U_30339753,100.0,0.0,0.0,0.0
U_11487702,100.0,0.0,0.0,0.0
U_30344022,0.0,0.0,33.33333333333333,66.66666666666666
U_29195976,100.0,0.0,0.0,0.0
U_30314919,100.0,0.0,0.0,0.0
U_24081648,0.0,100.0,0.0,0.0
U_30329430,40.0,0.0,40.0,0.0
U_20236812,0.0,0.0,0.0,100.0
U_13233149,0.0,0.0,0.0,100.0
U_16045825,0.0,100.0,0.0,0.0
U_13471132,94.44444444444444,0.0,5.555555555555555,0.0
U_8258139,100.0,0.0,0.0,0.0
U_24660693,100.0,0.0,0.0,0.0
U_18056662,100.0,0.0,0.0,0.0
U_17705964,0.0,0.0,5.555555555555555,0.0
U_30270177,100.0,0.0,0.0,0.0
U_23916015,0.0,0.0,0.0,100.0
U_23135099,0.0,0.0,0.0,100.0
U_13451960,100.0,0.0,0.0,0.0
U_13035995,0.0,0.0,0.0,100.0
U_6373315,100.0,0.0,0.0,0.0
U_15323434,0.0,40.0,40.0,0.0
U_16730587,100.0,0.0,0.0,0.0
U_18351158,100.0,0.0,0.0,0.0
U_28860945,100.0,0.0,0.0,0.0
U_30311741,0.0,0.0,100.0,0.0
U_28860900,100.0,0.0,0.0,0.0
U_9573419,0.0,0.0,0.0,100.0
U_30348571,25.0,12.5,50.0,12.5
U_14835673,100.0,0.0,0.0,0.0
U_14134029,0.0,7.6923076923076925,23.076923076923077,23.076923076923077
U_10517274,0.0,0.0,0.0,33.33333333333333
U_30344819,100.0,0.0,0.0,0.0
U_203836,100.0,0.0,0.0,0.0
U_15285092,88.88888888888889,0.0,11.11111111111111,0.0
U_17580038,100.0,0.0,0.0,0.0
U_10930308,100.0,0.0,0.0,0.0
U_5871934,100.0,0.0,0.0,0.0
U_12614711,90.0,10.0,0.0,0.0
U_29583680,100.0,0.0,0.0,0.0
U_14544605,100.0,0.0,0.0,0.0
U_30350843,80.0,20.0,0.0,0.0
U_30112633,100.0,0.0,0.0,0.0
U_15536463,0.0,0.0,0.0,100.0
U_7576331,0.0,0.0,0.0,100.0
U_29947667,100.0,0.0,0.0,0.0
U_95262,0.0,50.0,50.0,0.0
U_30335381,100.0,0.0,0.0,0.0
U_29406336,100.0,0.0,0.0,0.0
U_11831426,0.0,0.0,0.0,100.0
U_9065709,100.0,0.0,0.0,0.0
U_22300051,100.0,0.0,0.0,0.0
U_4439088,100.0,0.0,0.0,0.0
U_12108504,0.0,0.0,60.0,0.0
U_12743940,0.0,0.0,0.0,100.0
U_7649179,100.0,0.0,0.0,0.0
U_30346510,100.0,0.0,0.0,0.0
U_28935013,50.0,50.0,0.0,0.0
U_16744084,66.66666666666666,0.0,0.0,33.33333333333333
U_14526170,30.76923076923077,46.15384615384615,23.076923076923077,0.0
U_29754019,0.0,0.0,0.0,100.0
U_29885715,0.0,50.0,50.0,0.0
U_8469680,100.0,0.0,0.0,0.0
U_4803679,66.66666666666666,0.0,33.33333333333333,0.0
U_30310625,0.0,100.0,0.0,0.0
U_5573928,0.0,0.0,0.0,100.0
U_14408000,0.0,25.0,0.0,0.0
U_19255245,100.0,0.0,0.0,0.0
U_11449765,0.0,0.0,0.0,100.0
U_23171610,16.666666666666664,0.0,66.66666666666666,0.0
U_11946126,0.0,0.0,33.33333333333333,66.66666666666666
U_21343042,0.0,0.0,100.0,0.0
U_30356598,0.0,0.0,0.0,100.0
U_12107572,66.66666666666666,16.666666666666664,16.666666666666664,0.0
U_28975160,100.0,0.0,0.0,0.0
U_22752883,90.0,0.0,0.0,0.0
U_30290935,0.0,0.0,0.0,0.0
U_29884506,100.0,0.0,0.0,0.0
U_16048912,66.66666666666666,25.0,8.333333333333332,0.0
U_11931249,100.0,0.0,0.0,0.0
U_15276500,100.0,0.0,0.0,0.0
U_14678136,100.0,0.0,0.0,0.0
U_14481400,100.0,0.0,0.0,0.0
U_13090184,100.0,0.0,0.0,0.0
U_5638151,0.0,0.0,0.0,100.0
U_12621197,0.0,0.0,100.0,0.0
U_16713175,0.0,0.0,0.0,100.0
U_12652436,0.0,0.0,25.0,50.0
U_1693951,71.42857142857143,14.285714285714285,14.285714285714285,0.0
U_30330036,94.11764705882352,5.88235294117647,0.0,0.0
U_29383068,0.0,0.0,0.0,100.0
U_30258322,0.0,25.925925925925924,59.25925925925925,0.0
U_30344557,100.0,0.0,0.0,0.0
U_30360499,57.89473684210527,15.789473684210526,10.526315789473683,0.0
U_29257109,100.0,0.0,0.0,0.0
U_30181438,100.0,0.0,0.0,0.0
U_23894716,100.0,0.0,0.0,0.0
U_3716574,42.10526315789473,42.10526315789473,15.789473684210526,0.0
U_4927808,100.0,0.0,0.0,0.0
U_7914862,100.0,0.0,0.0,0.0
U_4639695,0.0,0.0,100.0,0.0
U_18625077,0.0,16.666666666666664,16.666666666666664,66.66666666666666
U_21242234,0.0,0.0,100.0,0.0
U_30328765,100.0,0.0,0.0,0.0
U_13815871,100.0,0.0,0.0,0.0
U_10904486,100.0,0.0,0.0,0.0
U_30131562,0.0,0.0,100.0,0.0
U_14665363,0.0,0.0,0.0,100.0
U_9748148,0.0,0.0,100.0,0.0
U_8234487,0.0,0.0,40.0,40.0
U_16563081,100.0,0.0,0.0,0.0
U_19879056,0.0,0.0,0.0,100.0
U_30299063,0.0,0.0,0.0,100.0
U_12542674,50.0,50.0,0.0,0.0
U_29600203,0.0,50.0,50.0,0.0
U_23237623,20.0,0.0,20.0,60.0
U_29805483,100.0,0.0,0.0,0.0
U_12438187,0.0,0.0,100.0,0.0
U_4238219,20.0,0.0,20.0,0.0
U_5502542,0.0,0.0,50.0,0.0
U_13069094,50.0,25.0,25.0,0.0
U_12036454,0.0,0.0,100.0,0.0
U_15204159,100.0,0.0,0.0,0.0
U_28969489,0.0,50.0,0.0,0.0
U_29390486,0.0,100.0,0.0,0.0
U_29682690,0.0,0.0,0.0,0.0
U_30324639,0.0,40.909090909090914,50.0,4.545454545454546
U_14329971,100.0,0.0,0.0,0.0
U_15360009,0.0,57.14285714285714,42.857142857142854,0.0
U_15255347,100.0,0.0,0.0,0.0
U_1080116,38.46153846153847,46.15384615384615,15.384615384615385,0.0
U_15080481,0.0,0.0,0.0,0.0
U_11429095,81.81818181818183,18.181818181818183,0.0,0.0
U_30366087,100.0,0.0,0.0,0.0
U_29607494,100.0,0.0,0.0,0.0
U_30365352,31.25,18.75,50.0,0.0
U_20228572,0.0,0.0,0.0,100.0
U_5432057,66.66666666666666,33.33333333333333,0.0,0.0
U_3277627,100.0,0.0,0.0,0.0
U_28755437,75.0,16.666666666666664,8.333333333333332,0.0
U_15505619,25.0,0.0,62.5,0.0
U_13417447,100.0,0.0,0.0,0.0
U_30327830,0.0,25.0,75.0,0.0
U_15162145,100.0,0.0,0.0,0.0
U_30367533,0.0,0.0,0.0,100.0
U_30367846,0.0,0.0,50.0,50.0
U_12696107,100.0,0.0,0.0,0.0
U_10460147,0.0,0.0,0.0,0.0
U_14491457,0.0,20.0,40.0,0.0
U_30368377,100.0,0.0,0.0,0.0
U_15408810,100.0,0.0,0.0,0.0
U_19258231,100.0,0.0,0.0,0.0
U_11153104,100.0,0.0,0.0,0.0
U_10948863,50.0,0.0,0.0,0.0
U_12513567,100.0,0.0,0.0,0.0
U_14167144,100.0,0.0,0.0,0.0
U_30011100,100.0,0.0,0.0,0.0
U_26713355,0.0,0.0,66.66666666666666,33.33333333333333
U_24751210,100.0,0.0,0.0,0.0
U_7014118,0.0,0.0,0.0,100.0
U_13551607,100.0,0.0,0.0,0.0
U_15371529,50.0,0.0,50.0,0.0
U_4733201,100.0,0.0,0.0,0.0
U_15368394,0.0,0.0,66.66666666666666,0.0
U_14646021,0.0,0.0,100.0,0.0
U_15132365,100.0,0.0,0.0,0.0
U_12714390,0.0,0.0,0.0,100.0
U_25867062,0.0,44.44444444444444,55.55555555555556,0.0
U_12935777,100.0,0.0,0.0,0.0
U_29747860,0.0,0.0,0.0,100.0
U_4997311,0.0,0.0,0.0,0.0
U_16339164,0.0,60.0,40.0,0.0
U_19902838,0.0,0.0,0.0,0.0
U_4381993,100.0,0.0,0.0,0.0
U_30369901,0.0,0.0,0.0,100.0
U_30372795,100.0,0.0,0.0,0.0
U_30372307,100.0,0.0,0.0,0.0
U_16587685,83.33333333333334,0.0,16.666666666666664,0.0
U_17158280,100.0,0.0,0.0,0.0
U_14963931,100.0,0.0,0.0,0.0
U_30314949,0.0,0.0,100.0,0.0
U_30313844,83.33333333333334,16.666666666666664,0.0,0.0
U_24665542,100.0,0.0,0.0,0.0
U_11002309,100.0,0.0,0.0,0.0
U_13072545,0.0,0.0,0.0,100.0
U_23983229,100.0,0.0,0.0,0.0
U_27701318,0.0,0.0,100.0,0.0
U_10605988,0.0,33.33333333333333,66.66666666666666,0.0
U_29950525,0.0,0.0,0.0,100.0
U_30376604,0.0,0.0,50.0,50.0
U_17585633,100.0,0.0,0.0,0.0
U_12597718,100.0,0.0,0.0,0.0
U_24750399,100.0,0.0,0.0,0.0
U_7219206,33.33333333333333,33.33333333333333,33.33333333333333,0.0
U_16401221,0.0,66.66666666666666,0.0,33.33333333333333
U_13335806,100.0,0.0,0.0,0.0
U_23475843,50.0,0.0,50.0,0.0
U_8279083,66.66666666666666,0.0,33.33333333333333,0.0
U_14446487,0.0,0.0,0.0,50.0
U_11968376,100.0,0.0,0.0,0.0
U_17469872,0.0,0.0,0.0,100.0
U_30181101,100.0,0.0,0.0,0.0
U_28785628,66.66666666666666,33.33333333333333,0.0,0.0
U_22317307,100.0,0.0,0.0,0.0
U_4736826,90.9090909090909,9.090909090909092,0.0,0.0
U_5365317,0.0,100.0,0.0,0.0
U_30381013,71.42857142857143,7.142857142857142,21.428571428571427,0.0
U_17451072,84.61538461538461,0.0,11.538461538461538,0.0
U_13551484,58.333333333333336,8.333333333333332,8.333333333333332,16.666666666666664
U_13382155,0.0,50.0,0.0,50.0
U_12393400,100.0,0.0,0.0,0.0
U_28953975,100.0,0.0,0.0,0.0
U_29918538,0.0,0.0,33.33333333333333,66.66666666666666
U_12230455,100.0,0.0,0.0,0.0
U_27370498,100.0,0.0,0.0,0.0
U_30382930,0.0,0.0,0.0,0.0
U_30382895,66.66666666666666,0.0,0.0,33.33333333333333
U_30383113,100.0,0.0,0.0,0.0
U_27777531,100.0,0.0,0.0,0.0
U_11910703,100.0,0.0,0.0,0.0
U_4492475,0.0,100.0,0.0,0.0
U_29059906,100.0,0.0,0.0,0.0
U_30051994,100.0,0.0,0.0,0.0
U_18252033,50.0,0.0,0.0,0.0
U_30383215,100.0,0.0,0.0,0.0
U_30343773,88.88888888888889,0.0,11.11111111111111,0.0
U_13894746,0.0,75.0,0.0,0.0
U_25306917,100.0,0.0,0.0,0.0
U_16588080,100.0,0.0,0.0,0.0
U_30313940,100.0,0.0,0.0,0.0
U_30002671,0.0,0.0,100.0,0.0
U_30384200,50.0,10.0,40.0,0.0
U_30384316,0.0,0.0,100.0,0.0
U_30150567,100.0,0.0,0.0,0.0
U_26935827,100.0,0.0,0.0,0.0
U_29815753,0.0,100.0,0.0,0.0
U_24697118,100.0,0.0,0.0,0.0
U_30280578,100.0,0.0,0.0,0.0
U_30384371,0.0,0.0,0.0,100.0
U_27730774,66.66666666666666,33.33333333333333,0.0,0.0
U_28647429,100.0,0.0,0.0,0.0
U_16205463,0.0,25.0,75.0,0.0
U_30382956,0.0,50.0,0.0,0.0
U_12028958,0.0,0.0,0.0,0.0
U_15303020,50.0,25.0,0.0,0.0
U_8893360,100.0,0.0,0.0,0.0
U_28987739,75.0,12.5,12.5,0.0
U_30382458,100.0,0.0,0.0,0.0
U_5499073,50.0,0.0,50.0,0.0
U_19212819,0.0,50.0,0.0,50.0
U_15781697,0.0,60.0,0.0,0.0
U_4460312,100.0,0.0,0.0,0.0
U_29221884,100.0,0.0,0.0,0.0
U_21263789,100.0,0.0,0.0,0.0
U_30186632,100.0,0.0,0.0,0.0
U_1481,25.0,0.0,50.0,0.0
U_4613544,100.0,0.0,0.0,0.0
U_13746128,66.66666666666666,33.33333333333333,0.0,0.0
U_13811559,100.0,0.0,0.0,0.0
U_30386572,100.0,0.0,0.0,0.0
U_26940592,0.0,0.0,0.0,100.0
U_12427034,0.0,0.0,0.0,0.0
U_25313934,100.0,0.0,0.0,0.0
U_21341195,10.0,5.0,75.0,10.0
U_29393466,57.14285714285714,0.0,42.857142857142854,0.0
U_12145704,0.0,0.0,100.0,0.0
U_15177687,100.0,0.0,0.0,0.0
U_30383715,100.0,0.0,0.0,0.0
U_26691254,100.0,0.0,0.0,0.0
U_28769163,66.66666666666666,33.33333333333333,0.0,0.0
U_16218732,100.0,0.0,0.0,0.0
U_16290229,13.043478260869565,8.695652173913043,30.434782608695656,8.695652173913043
U_16739859,100.0,0.0,0.0,0.0
U_5580334,100.0,0.0,0.0,0.0
U_30285675,0.0,25.0,50.0,25.0
U_30132974,25.0,25.0,25.0,25.0
U_30386856,80.0,20.0,0.0,0.0
U_12400845,100.0,0.0,0.0,0.0
U_22315912,100.0,0.0,0.0,0.0
U_11808408,100.0,0.0,0.0,0.0
U_15492325,100.0,0.0,0.0,0.0
U_339442,100.0,0.0,0.0,0.0
U_5316205,0.0,0.0,50.0,0.0
U_14071560,0.0,0.0,100.0,0.0
U_8354724,0.0,0.0,33.33333333333333,0.0
U_8697985,16.666666666666664,16.666666666666664,41.66666666666667,25.0
U_14479508,0.0,0.0,100.0,0.0
U_29583798,0.0,0.0,50.0,0.0
U_2787345,100.0,0.0,0.0,0.0
U_29201109,100.0,0.0,0.0,0.0
U_14749079,71.42857142857143,0.0,0.0,28.57142857142857
U_319365,85.71428571428571,14.285714285714285,0.0,0.0
U_27573279,100.0,0.0,0.0,0.0
U_14775722,0.0,100.0,0.0,0.0
U_10667566,100.0,0.0,0.0,0.0
U_22270018,100.0,0.0,0.0,0.0
U_22140504,0.0,0.0,100.0,0.0
U_7689791,0.0,0.0,0.0,0.0
U_26614108,33.33333333333333,33.33333333333333,33.33333333333333,0.0
U_14652926,0.0,100.0,0.0,0.0
U_18052085,0.0,0.0,100.0,0.0
U_12503767,100.0,0.0,0.0,0.0
U_30154548,100.0,0.0,0.0,0.0
U_7551562,100.0,0.0,0.0,0.0
U_30381874,100.0,0.0,0.0,0.0
U_17699458,0.0,100.0,0.0,0.0
U_20830275,100.0,0.0,0.0,0.0
U_29045496,100.0,0.0,0.0,0.0
U_15334735,0.0,0.0,100.0,0.0
U_8892382,0.0,100.0,0.0,0.0
U_12574440,0.0,100.0,0.0,0.0
U_22841294,100.0,0.0,0.0,0.0
U_10255987,100.0,0.0,0.0,0.0
U_7609043,100.0,0.0,0.0,0.0
U_13417556,100.0,0.0,0.0,0.0
U_15379884,20.0,80.0,0.0,0.0
U_13253455,50.0,0.0,50.0,0.0
U_29566613,100.0,0.0,0.0,0.0
U_29498788,0.0,16.666666666666664,66.66666666666666,16.666666666666664
U_30289708,100.0,0.0,0.0,0.0
U_28739070,0.0,28.57142857142857,57.14285714285714,0.0
U_16059734,100.0,0.0,0.0,0.0
U_28151153,100.0,0.0,0.0,0.0
U_29594939,0.0,0.0,0.0,100.0
U_29709548,0.0,0.0,0.0,100.0
U_24524805,50.0,50.0,0.0,0.0
U_22758069,57.49999999999999,15.0,27.500000000000004,0.0
U_13954110,0.0,0.0,0.0,100.0
U_5499163,100.0,0.0,0.0,0.0
U_22830758,0.0,0.0,50.0,0.0
U_21727165,71.42857142857143,0.0,0.0,0.0
U_27900583,50.0,0.0,0.0,0.0
U_17697461,25.0,25.0,25.0,0.0
U_30295838,0.0,100.0,0.0,0.0
U_13559974,100.0,0.0,0.0,0.0
U_26641317,100.0,0.0,0.0,0.0
U_30022204,100.0,0.0,0.0,0.0
U_30393474,100.0,0.0,0.0,0.0
U_27592317,0.0,0.0,100.0,0.0
U_15495228,100.0,0.0,0.0,0.0
U_29443586,52.94117647058824,23.52941176470588,23.52941176470588,0.0
U_26320318,100.0,0.0,0.0,0.0
U_7334090,100.0,0.0,0.0,0.0
U_14083795,100.0,0.0,0.0,0.0
U_11610262,100.0,0.0,0.0,0.0
U_30395369,100.0,0.0,0.0,0.0
U_11890908,66.66666666666666,0.0,33.33333333333333,0.0
U_19159378,20.0,40.0,40.0,0.0
U_22348505,100.0,0.0,0.0,0.0
U_18326248,75.0,0.0,25.0,0.0
U_29378322,100.0,0.0,0.0,0.0
U_29474598,100.0,0.0,0.0,0.0
U_15840150,100.0,0.0,0.0,0.0
U_12948417,100.0,0.0,0.0,0.0
U_13742979,100.0,0.0,0.0,0.0
U_22244487,66.66666666666666,0.0,0.0,0.0
U_4222994,0.0,0.0,100.0,0.0
U_12513568,100.0,0.0,0.0,0.0
U_27184599,87.5,0.0,12.5,0.0
U_15414379,0.0,0.0,100.0,0.0
U_18404849,0.0,100.0,0.0,0.0
U_12104257,0.0,0.0,0.0,100.0
U_19243513,100.0,0.0,0.0,0.0
U_1813738,0.0,0.0,100.0,0.0
U_25712355,100.0,0.0,0.0,0.0
U_30077545,0.0,0.0,0.0,100.0
U_7382922,100.0,0.0,0.0,0.0
U_10194346,100.0,0.0,0.0,0.0
U_10248509,100.0,0.0,0.0,0.0
U_27756830,100.0,0.0,0.0,0.0
U_30395365,100.0,0.0,0.0,0.0
U_12389185,50.0,0.0,50.0,0.0
U_5774544,100.0,0.0,0.0,0.0
U_30031192,0.0,0.0,0.0,100.0
U_131668,0.0,100.0,0.0,0.0
U_15029554,70.0,0.0,0.0,20.0
U_20890118,100.0,0.0,0.0,0.0
U_20862616,0.0,100.0,0.0,0.0
U_4042245,0.0,0.0,0.0,0.0
U_7662919,100.0,0.0,0.0,0.0
U_30262515,33.33333333333333,66.66666666666666,0.0,0.0
U_16729836,100.0,0.0,0.0,0.0
U_16762562,80.0,0.0,0.0,0.0
U_11849152,100.0,0.0,0.0,0.0
U_27375840,0.0,0.0,0.0,100.0
U_2226403,0.0,50.0,0.0,50.0
U_30405395,0.0,0.0,0.0,0.0
U_19885619,0.0,0.0,50.0,50.0
U_30317884,50.0,0.0,25.0,0.0
U_29565472,0.0,100.0,0.0,0.0
U_11964178,0.0,60.0,40.0,0.0
U_28464684,0.0,0.0,100.0,0.0
U_10273186,100.0,0.0,0.0,0.0
U_4366559,100.0,0.0,0.0,0.0
U_27417457,0.0,33.33333333333333,33.33333333333333,33.33333333333333
U_11459302,0.0,100.0,0.0,0.0
U_15411570,0.0,100.0,0.0,0.0
U_14780476,100.0,0.0,0.0,0.0
U_1991373,100.0,0.0,0.0,0.0
U_4493284,75.0,0.0,0.0,0.0
U_20019422,0.0,100.0,0.0,0.0
U_29607605,50.0,50.0,0.0,0.0
U_28886822,100.0,0.0,0.0,0.0
U_203127,0.0,0.0,0.0,0.0
U_12607131,50.0,0.0,0.0,0.0
U_30323729,0.0,100.0,0.0,0.0
U_30393795,50.0,0.0,50.0,0.0
U_21345194,66.66666666666666,33.33333333333333,0.0,0.0
U_17474804,14.285714285714285,0.0,14.285714285714285,57.14285714285714
U_20474079,0.0,33.33333333333333,66.66666666666666,0.0
U_14035427,0.0,0.0,33.33333333333333,66.66666666666666
U_30370145,0.0,0.0,0.0,100.0
U_30344540,0.0,0.0,66.66666666666666,0.0
U_30410492,100.0,0.0,0.0,0.0
U_30394666,0.0,8.333333333333332,41.66666666666667,41.66666666666667
U_30410432,0.0,0.0,0.0,0.0
U_1222902,25.0,0.0,0.0,75.0
U_25268698,100.0,0.0,0.0,0.0
U_30332566,0.0,100.0,0.0,0.0
U_30017403,50.0,0.0,50.0,0.0
U_30410988,83.33333333333334,16.666666666666664,0.0,0.0
U_2192456,0.0,100.0,0.0,0.0
U_30411395,100.0,0.0,0.0,0.0
U_13583583,0.0,0.0,100.0,0.0
U_13717356,100.0,0.0,0.0,0.0
U_11849063,0.0,0.0,100.0,0.0
U_12608687,0.0,100.0,0.0,0.0
U_30412060,100.0,0.0,0.0,0.0
U_30156381,100.0,0.0,0.0,0.0
U_12025840,0.0,0.0,100.0,0.0
U_15077898,100.0,0.0,0.0,0.0
U_5910526,50.0,0.0,25.0,0.0
U_29473135,100.0,0.0,0.0,0.0
U_15169170,13.636363636363635,9.090909090909092,40.909090909090914,27.27272727272727
U_15302211,100.0,0.0,0.0,0.0
U_5574157,0.0,0.0,100.0,0.0
U_16214231,100.0,0.0,0.0,0.0
U_29496200,42.857142857142854,0.0,14.285714285714285,0.0
U_30414817,100.0,0.0,0.0,0.0
U_30415432,85.71428571428571,0.0,14.285714285714285,0.0
U_29261331,0.0,0.0,0.0,100.0
U_29559371,100.0,0.0,0.0,0.0
U_29476764,100.0,0.0,0.0,0.0
U_29383497,0.0,33.33333333333333,33.33333333333333,33.33333333333333
U_30416399,10.0,30.0,40.0,0.0
U_30268822,100.0,0.0,0.0,0.0
U_29306496,0.0,100.0,0.0,0.0
U_30417148,100.0,0.0,0.0,0.0
U_28178699,100.0,0.0,0.0,0.0
U_4386550,96.22641509433963,0.0,3.7735849056603774,0.0
U_29564445,0.0,0.0,100.0,0.0
U_15271627,25.0,62.5,0.0,12.5
U_15345182,100.0,0.0,0.0,0.0
U_2195395,83.33333333333334,0.0,0.0,16.666666666666664
U_27186428,0.0,0.0,100.0,0.0
U_26667190,0.0,0.0,100.0,0.0
U_7982295,0.0,0.0,16.666666666666664,83.33333333333334
U_17610871,0.0,0.0,0.0,100.0
U_17115620,100.0,0.0,0.0,0.0
U_30418530,77.77777777777779,0.0,11.11111111111111,0.0
U_26984202,100.0,0.0,0.0,0.0
U_30410691,100.0,0.0,0.0,0.0
U_7982333,100.0,0.0,0.0,0.0
U_30419995,60.0,20.0,0.0,0.0
U_29411084,100.0,0.0,0.0,0.0
U_14407250,100.0,0.0,0.0,0.0
U_17894743,100.0,0.0,0.0,0.0
U_13429463,100.0,0.0,0.0,0.0
U_12650224,100.0,0.0,0.0,0.0
U_27042179,0.0,0.0,100.0,0.0
U_2928581,50.0,50.0,0.0,0.0
U_14805041,33.33333333333333,0.0,33.33333333333333,33.33333333333333
U_23183228,100.0,0.0,0.0,0.0
U_11933361,0.0,0.0,50.0,0.0
U_9722920,20.0,80.0,0.0,0.0
U_25268494,0.0,0.0,0.0,0.0
U_13934619,100.0,0.0,0.0,0.0
U_24673583,100.0,0.0,0.0,0.0
U_7472146,50.0,50.0,0.0,0.0
U_15325048,0.0,0.0,0.0,0.0
U_22270444,50.0,0.0,50.0,0.0
U_14770058,0.0,50.0,50.0,0.0
U_12729091,0.0,23.076923076923077,50.0,11.538461538461538
U_8576633,100.0,0.0,0.0,0.0
U_25362663,0.0,66.66666666666666,33.33333333333333,0.0
U_28686227,82.14285714285714,7.142857142857142,10.714285714285714,0.0
U_30372014,100.0,0.0,0.0,0.0
U_11090555,100.0,0.0,0.0,0.0
U_25259461,0.0,100.0,0.0,0.0
U_28508916,0.0,0.0,100.0,0.0
U_30074924,0.0,0.0,100.0,0.0
U_17967547,0.0,0.0,0.0,0.0
U_12055886,100.0,0.0,0.0,0.0
U_22765463,100.0,0.0,0.0,0.0
U_30424873,0.0,0.0,100.0,0.0
U_4648576,0.0,0.0,100.0,0.0
U_30328407,0.0,66.66666666666666,33.33333333333333,0.0
U_16649185,50.0,50.0,0.0,0.0
U_30426214,50.0,25.0,25.0,0.0
U_13318805,0.0,0.0,0.0,100.0
U_28469992,50.0,0.0,50.0,0.0
U_5634261,50.0,0.0,50.0,0.0
U_30426327,0.0,0.0,0.0,100.0
U_30327650,28.57142857142857,71.42857142857143,0.0,0.0
U_13339919,0.0,0.0,0.0,100.0
U_29765925,87.5,0.0,12.5,0.0
U_24693175,83.33333333333334,0.0,16.666666666666664,0.0
U_13889540,0.0,0.0,100.0,0.0
U_19161224,57.57575757575758,3.0303030303030303,21.21212121212121,12.121212121212121
U_29425472,93.10344827586206,0.0,6.896551724137931,0.0
U_29667514,100.0,0.0,0.0,0.0
U_29808980,33.33333333333333,33.33333333333333,33.33333333333333,0.0
U_3673135,0.0,50.0,50.0,0.0
U_12618034,100.0,0.0,0.0,0.0
U_30286981,0.0,33.33333333333333,66.66666666666666,0.0
U_12915126,20.0,30.0,50.0,0.0
U_28746775,40.0,10.0,20.0,30.0
U_14254603,0.0,28.57142857142857,28.57142857142857,0.0
U_15400712,50.0,16.666666666666664,33.33333333333333,0.0
U_22832576,100.0,0.0,0.0,0.0
U_23633566,100.0,0.0,0.0,0.0
U_27254932,100.0,0.0,0.0,0.0
U_30385492,66.66666666666666,16.666666666666664,16.666666666666664,0.0
U_2203534,83.33333333333334,16.666666666666664,0.0,0.0
U_14903244,33.33333333333333,66.66666666666666,0.0,0.0
U_30409407,100.0,0.0,0.0,0.0
U_15275460,0.0,0.0,50.0,0.0
U_14450568,100.0,0.0,0.0,0.0
U_30348801,100.0,0.0,0.0,0.0
U_9453203,100.0,0.0,0.0,0.0
U_25321439,100.0,0.0,0.0,0.0
U_28292452,50.0,0.0,0.0,50.0
U_13362839,100.0,0.0,0.0,0.0
U_25051266,0.0,0.0,100.0,0.0
U_15075964,100.0,0.0,0.0,0.0
U_12591518,0.0,0.0,50.0,50.0
U_29394427,0.0,0.0,100.0,0.0
U_5926267,0.0,0.0,50.0,50.0
U_30434737,0.0,0.0,0.0,100.0
U_22779517,100.0,0.0,0.0,0.0
U_29680428,100.0,0.0,0.0,0.0
U_12594146,0.0,0.0,0.0,100.0
U_30325961,0.0,0.0,0.0,100.0
U_30435246,0.0,38.095238095238095,33.33333333333333,19.047619047619047
U_30399756,0.0,100.0,0.0,0.0
U_12951905,71.42857142857143,28.57142857142857,0.0,0.0
U_30349051,50.0,0.0,50.0,0.0
U_30437722,100.0,0.0,0.0,0.0
U_29381174,0.0,0.0,50.0,50.0
U_30420644,68.75,6.25,12.5,12.5
U_9933052,100.0,0.0,0.0,0.0
U_12534888,100.0,0.0,0.0,0.0
U_29571853,100.0,0.0,0.0,0.0
U_18542174,0.0,0.0,20.0,80.0
U_29394752,0.0,0.0,0.0,100.0
U_16032768,0.0,25.0,25.0,25.0
U_29982895,100.0,0.0,0.0,0.0
U_26348117,0.0,0.0,0.0,100.0
U_1789927,33.33333333333333,33.33333333333333,33.33333333333333,0.0
U_6173236,100.0,0.0,0.0,0.0
U_29958711,0.0,0.0,50.0,50.0
U_29575038,100.0,0.0,0.0,0.0
U_26936970,100.0,0.0,0.0,0.0
U_5385793,0.0,33.33333333333333,50.0,16.666666666666664
U_16329145,0.0,0.0,50.0,50.0
U_30441084,0.0,0.0,50.0,0.0
U_15178287,75.0,0.0,25.0,0.0
U_22871725,100.0,0.0,0.0,0.0
U_9510740,100.0,0.0,0.0,0.0
U_378765,100.0,0.0,0.0,0.0
U_30299102,60.0,10.0,30.0,0.0
U_12519588,18.51851851851852,25.925925925925924,55.55555555555556,0.0
U_30442306,100.0,0.0,0.0,0.0
U_4733554,100.0,0.0,0.0,0.0
U_26653973,0.0,0.0,100.0,0.0
U_16349384,100.0,0.0,0.0,0.0
U_11917754,0.0,50.0,50.0,0.0
U_28340193,0.0,33.33333333333333,33.33333333333333,0.0
U_14760057,0.0,50.0,0.0,0.0
U_13368085,0.0,0.0,0.0,33.33333333333333
U_7808879,57.14285714285714,7.142857142857142,0.0,35.714285714285715
U_30207334,100.0,0.0,0.0,0.0
U_6332630,0.0,0.0,0.0,100.0
U_29594018,100.0,0.0,0.0,0.0
U_30443755,0.0,0.0,100.0,0.0
U_13735255,60.0,0.0,20.0,0.0
U_28116138,0.0,0.0,50.0,50.0
U_15149219,0.0,0.0,33.33333333333333,33.33333333333333
U_15075288,100.0,0.0,0.0,0.0
U_14162959,0.0,0.0,100.0,0.0
U_29478447,100.0,0.0,0.0,0.0
U_30440441,100.0,0.0,0.0,0.0
U_28630092,100.0,0.0,0.0,0.0
U_13815224,100.0,0.0,0.0,0.0
U_16127269,100.0,0.0,0.0,0.0
U_12196117,0.0,0.0,100.0,0.0
U_15132153,50.0,25.0,25.0,0.0
U_17461818,0.0,0.0,100.0,0.0
U_25900312,100.0,0.0,0.0,0.0
U_30303501,0.0,25.0,12.5,0.0
U_28765631,100.0,0.0,0.0,0.0
U_26354355,33.33333333333333,66.66666666666666,0.0,0.0
U_16019958,100.0,0.0,0.0,0.0
U_910864,100.0,0.0,0.0,0.0
U_12545442,0.0,50.0,0.0,0.0
U_5130864,50.0,0.0,50.0,0.0
U_13368067,100.0,0.0,0.0,0.0
U_11907687,21.153846153846153,9.615384615384617,32.69230769230769,26.923076923076923
U_4122113,100.0,0.0,0.0,0.0
U_2081713,100.0,0.0,0.0,0.0
U_30427298,88.88888888888889,0.0,11.11111111111111,0.0
U_23995729,0.0,21.052631578947366,73.68421052631578,0.0
U_11963619,0.0,25.0,0.0,50.0
U_30453525,100.0,0.0,0.0,0.0
U_25842341,100.0,0.0,0.0,0.0
U_4607906,0.0,0.0,0.0,100.0
U_5132002,100.0,0.0,0.0,0.0
U_28525242,100.0,0.0,0.0,0.0
U_30430780,100.0,0.0,0.0,0.0
U_29805192,0.0,0.0,0.0,100.0
U_30047610,0.0,0.0,0.0,0.0
U_13359938,100.0,0.0,0.0,0.0
U_10589553,0.0,50.0,50.0,0.0
U_11396577,0.0,33.33333333333333,66.66666666666666,0.0
U_19817447,0.0,0.0,0.0,100.0
U_29566482,100.0,0.0,0.0,0.0
U_8077669,100.0,0.0,0.0,0.0
U_15422351,100.0,0.0,0.0,0.0
U_30457559,83.33333333333334,0.0,0.0,0.0
U_28750695,100.0,0.0,0.0,0.0
U_29607539,100.0,0.0,0.0,0.0
U_510933,0.0,100.0,0.0,0.0
U_27545018,0.0,0.0,0.0,100.0
U_30294544,100.0,0.0,0.0,0.0
U_28420853,0.0,0.0,20.0,80.0
U_30458562,0.0,0.0,50.0,50.0
U_30444150,100.0,0.0,0.0,0.0
U_24138398,0.0,0.0,0.0,100.0
U_17385642,100.0,0.0,0.0,0.0
U_28539877,0.0,0.0,42.857142857142854,0.0
U_30461436,100.0,0.0,0.0,0.0
U_28937474,100.0,0.0,0.0,0.0
U_30360300,100.0,0.0,0.0,0.0
U_18080326,0.0,0.0,37.5,25.0
U_23853947,100.0,0.0,0.0,0.0
U_30016409,66.66666666666666,0.0,0.0,33.33333333333333
U_58920,100.0,0.0,0.0,0.0
U_30463307,100.0,0.0,0.0,0.0
U_28745313,25.71428571428571,0.0,17.142857142857142,5.714285714285714
U_20856576,0.0,0.0,0.0,0.0
U_15855672,75.0,0.0,0.0,12.5
U_30452167,100.0,0.0,0.0,0.0
U_30461882,0.0,0.0,0.0,100.0
U_14136037,0.0,100.0,0.0,0.0
U_19650510,0.0,0.0,0.0,100.0
U_5740671,100.0,0.0,0.0,0.0
U_13726173,100.0,0.0,0.0,0.0
U_25057805,100.0,0.0,0.0,0.0
U_11192003,100.0,0.0,0.0,0.0
U_10465920,100.0,0.0,0.0,0.0
U_22715288,0.0,0.0,0.0,100.0
U_29968756,50.0,0.0,50.0,0.0
U_8922110,85.71428571428571,14.285714285714285,0.0,0.0
U_22272068,0.0,100.0,0.0,0.0
U_9056704,100.0,0.0,0.0,0.0
U_29349136,66.66666666666666,0.0,0.0,0.0
U_5502418,0.0,0.0,0.0,100.0
U_30114275,50.0,0.0,0.0,50.0
U_6153318,100.0,0.0,0.0,0.0
U_30024309,0.0,0.0,0.0,100.0
U_8610533,0.0,0.0,100.0,0.0
U_30469943,100.0,0.0,0.0,0.0
U_27206174,100.0,0.0,0.0,0.0
U_13739,100.0,0.0,0.0,0.0
U_7014071,0.0,0.0,42.857142857142854,28.57142857142857
U_27526952,100.0,0.0,0.0,0.0
U_7235572,0.0,0.0,0.0,100.0
U_16884782,100.0,0.0,0.0,0.0
U_28113136,100.0,0.0,0.0,0.0
U_12597566,0.0,0.0,100.0,0.0
U_22239012,100.0,0.0,0.0,0.0
U_30283875,0.0,0.0,0.0,100.0
U_11192016,66.66666666666666,0.0,0.0,0.0
U_12924117,25.0,50.0,25.0,0.0
U_29314407,100.0,0.0,0.0,0.0
U_29810479,0.0,0.0,33.33333333333333,33.33333333333333
U_28290764,100.0,0.0,0.0,0.0
U_28986145,100.0,0.0,0.0,0.0
U_22751815,100.0,0.0,0.0,0.0
U_27755345,86.20689655172413,6.896551724137931,0.0,0.0
U_30468041,0.0,0.0,50.0,0.0
U_30124345,100.0,0.0,0.0,0.0
U_15359306,0.0,50.0,50.0,0.0
U_5109309,100.0,0.0,0.0,0.0
U_2120007,0.0,0.0,100.0,0.0
U_25309443,95.83333333333334,0.0,0.0,0.0
U_15345134,40.0,0.0,60.0,0.0
U_4916028,100.0,0.0,0.0,0.0
U_15376659,66.66666666666666,33.33333333333333,0.0,0.0
U_2797151,100.0,0.0,0.0,0.0
U_15193796,100.0,0.0,0.0,0.0
U_30474152,50.0,50.0,0.0,0.0
U_15285605,100.0,0.0,0.0,0.0
U_12703795,0.0,0.0,100.0,0.0
U_21264237,100.0,0.0,0.0,0.0
U_30330251,50.0,0.0,0.0,0.0
U_19841352,33.33333333333333,33.33333333333333,33.33333333333333,0.0
U_12465134,100.0,0.0,0.0,0.0
U_14909617,100.0,0.0,0.0,0.0
U_6396906,0.0,0.0,14.285714285714285,0.0
U_30443011,100.0,0.0,0.0,0.0
U_4850597,100.0,0.0,0.0,0.0
U_14909958,0.0,0.0,33.33333333333333,66.66666666666666
U_29494709,0.0,0.0,100.0,0.0
U_29419240,0.0,0.0,0.0,0.0
U_30479415,100.0,0.0,0.0,0.0
U_11248088,100.0,0.0,0.0,0.0
U_30480140,0.0,0.0,0.0,100.0
U_4731349,0.0,0.0,100.0,0.0
U_30480857,0.0,0.0,0.0,100.0
U_15154003,100.0,0.0,0.0,0.0
U_3602336,0.0,50.0,50.0,0.0
U_15081356,0.0,37.5,50.0,0.0
U_20827290,100.0,0.0,0.0,0.0
U_10916442,100.0,0.0,0.0,0.0
U_30486525,62.5,37.5,0.0,0.0
U_28887085,100.0,0.0,0.0,0.0
U_29483804,0.0,0.0,0.0,100.0
U_10570982,0.0,0.0,0.0,100.0
U_15407393,0.0,0.0,100.0,0.0
U_5766711,100.0,0.0,0.0,0.0
U_11425240,50.0,50.0,0.0,0.0
U_17586128,50.0,50.0,0.0,0.0
U_29315358,37.5,0.0,50.0,0.0
U_30417778,22.22222222222222,22.22222222222222,55.55555555555556,0.0
U_30258716,0.0,0.0,0.0,100.0
U_16192691,100.0,0.0,0.0,0.0
U_11534069,80.0,20.0,0.0,0.0
U_30436822,0.0,66.66666666666666,33.33333333333333,0.0
U_6994607,0.0,33.33333333333333,66.66666666666666,0.0
U_16469939,60.0,0.0,20.0,20.0
U_22268801,100.0,0.0,0.0,0.0
U_2795305,100.0,0.0,0.0,0.0
U_16989626,16.666666666666664,0.0,33.33333333333333,0.0
U_30489619,0.0,100.0,0.0,0.0
U_23135739,100.0,0.0,0.0,0.0
U_5204051,0.0,0.0,33.33333333333333,0.0
U_5385653,0.0,100.0,0.0,0.0
U_23141401,0.0,0.0,66.66666666666666,33.33333333333333
U_28369673,40.0,60.0,0.0,0.0
U_14916018,100.0,0.0,0.0,0.0
U_17689378,100.0,0.0,0.0,0.0
U_4534275,100.0,0.0,0.0,0.0
U_18293439,0.0,0.0,66.66666666666666,33.33333333333333
U_12067079,0.0,0.0,0.0,100.0
U_20471892,25.0,0.0,75.0,0.0
U_15019962,50.0,0.0,50.0,0.0
U_4737052,100.0,0.0,0.0,0.0
U_13704125,0.0,25.0,25.0,50.0
U_6494758,0.0,0.0,25.0,75.0
U_30490844,0.0,0.0,33.33333333333333,33.33333333333333
U_22949815,33.33333333333333,0.0,66.66666666666666,0.0
U_29434667,33.33333333333333,44.44444444444444,22.22222222222222,0.0
U_13962568,0.0,0.0,0.0,100.0
U_30491411,0.0,0.0,66.66666666666666,0.0
U_29563654,100.0,0.0,0.0,0.0
U_30491501,100.0,0.0,0.0,0.0
U_29218918,0.0,0.0,0.0,100.0
U_27884429,100.0,0.0,0.0,0.0
U_21219211,100.0,0.0,0.0,0.0
U_8394226,100.0,0.0,0.0,0.0
U_30410964,100.0,0.0,0.0,0.0
U_13685854,33.33333333333333,0.0,33.33333333333333,33.33333333333333
U_29118231,100.0,0.0,0.0,0.0
U_29233336,40.0,40.0,20.0,0.0
U_4577357,0.0,0.0,0.0,50.0
U_16292980,100.0,0.0,0.0,0.0
U_23969429,100.0,0.0,0.0,0.0
U_28990659,0.0,75.0,25.0,0.0
U_24736452,100.0,0.0,0.0,0.0
U_14160394,40.0,20.0,40.0,0.0
U_25894521,0.0,0.0,100.0,0.0
U_16743009,0.0,0.0,50.0,50.0
U_29209483,100.0,0.0,0.0,0.0
U_24854895,100.0,0.0,0.0,0.0
U_30386376,100.0,0.0,0.0,0.0
U_25263812,100.0,0.0,0.0,0.0
U_29180459,50.0,25.0,0.0,25.0
U_30474346,100.0,0.0,0.0,0.0
U_29960502,100.0,0.0,0.0,0.0
U_18108554,50.0,50.0,0.0,0.0
U_29349618,100.0,0.0,0.0,0.0
U_29819055,0.0,0.0,40.0,40.0
U_1577440,0.0,100.0,0.0,0.0
U_28641925,0.0,0.0,100.0,0.0
U_30096759,100.0,0.0,0.0,0.0
U_12456336,100.0,0.0,0.0,0.0
U_30485668,0.0,0.0,0.0,100.0
U_22246865,34.78260869565217,4.3478260869565215,30.434782608695656,21.73913043478261
U_29170072,100.0,0.0,0.0,0.0
U_1426215,100.0,0.0,0.0,0.0
U_30495053,0.0,0.0,40.0,20.0
U_15024917,100.0,0.0,0.0,0.0
U_30371513,66.66666666666666,0.0,33.33333333333333,0.0
U_15357187,0.0,0.0,66.66666666666666,33.33333333333333
U_29784393,80.0,0.0,20.0,0.0
U_22710326,100.0,0.0,0.0,0.0
U_29338667,0.0,100.0,0.0,0.0
U_30496607,100.0,0.0,0.0,0.0
U_16560768,0.0,100.0,0.0,0.0
U_30496924,100.0,0.0,0.0,0.0
U_19230289,0.0,33.33333333333333,33.33333333333333,33.33333333333333
U_22742202,0.0,0.0,0.0,0.0
U_10907209,100.0,0.0,0.0,0.0
U_30440638,14.285714285714285,28.57142857142857,42.857142857142854,14.285714285714285
U_15296069,50.0,20.0,10.0,0.0
U_13344505,73.33333333333333,0.0,26.666666666666668,0.0
U_29410872,0.0,0.0,50.0,0.0
U_30017158,100.0,0.0,0.0,0.0
U_19232589,50.0,16.666666666666664,16.666666666666664,16.666666666666664
U_23457159,0.0,100.0,0.0,0.0
U_29688923,100.0,0.0,0.0,0.0
U_4379121,100.0,0.0,0.0,0.0
U_1044686,0.0,60.0,20.0,0.0
U_30409725,100.0,0.0,0.0,0.0
U_25243749,0.0,7.6923076923076925,5.128205128205128,0.0
U_4619926,0.0,100.0,0.0,0.0
U_20878797,0.0,100.0,0.0,0.0
U_16052607,100.0,0.0,0.0,0.0
U_18580243,50.0,0.0,0.0,50.0
U_22244595,100.0,0.0,0.0,0.0
U_15316286,0.0,37.5,25.0,37.5
U_3778861,100.0,0.0,0.0,0.0
U_15312362,0.0,50.0,50.0,0.0
U_5141215,0.0,0.0,50.0,50.0
U_14347508,50.0,0.0,50.0,0.0
U_12226599,0.0,33.33333333333333,0.0,66.66666666666666
U_30298565,75.0,0.0,25.0,0.0
U_4607893,0.0,0.0,0.0,100.0
U_29475374,0.0,0.0,0.0,100.0
U_30442027,0.0,100.0,0.0,0.0
U_30493355,50.0,33.33333333333333,16.666666666666664,0.0
U_16655465,61.904761904761905,19.047619047619047,19.047619047619047,0.0
U_29902421,0.0,0.0,0.0,100.0
U_15154135,1.098901098901099,5.4945054945054945,80.21978021978022,2.197802197802198
U_28318857,66.66666666666666,33.33333333333333,0.0,0.0
U_13231428,86.95652173913044,0.0,8.695652173913043,0.0
U_30502068,100.0,0.0,0.0,0.0
U_188344,100.0,0.0,0.0,0.0
U_295417,16.666666666666664,0.0,50.0,33.33333333333333
U_12910550,0.0,25.0,75.0,0.0
U_28056757,0.0,100.0,0.0,0.0
U_30416398,71.42857142857143,28.57142857142857,0.0,0.0
U_16685816,14.285714285714285,71.42857142857143,14.285714285714285,0.0
U_13505110,64.70588235294117,5.88235294117647,23.52941176470588,0.0
U_15129384,4.0,4.0,44.0,36.0
U_3301871,0.0,0.0,0.0,100.0
U_24645822,0.0,100.0,0.0,0.0
U_29608234,100.0,0.0,0.0,0.0
U_27259979,100.0,0.0,0.0,0.0
U_28291703,0.0,50.0,50.0,0.0
U_12387767,0.0,0.0,0.0,100.0
U_11254261,66.66666666666666,16.666666666666664,16.666666666666664,0.0
U_4591563,100.0,0.0,0.0,0.0
U_2901987,0.0,0.0,0.0,100.0
U_28125859,0.0,75.0,0.0,0.0
U_28724599,100.0,0.0,0.0,0.0
U_29656590,0.0,0.0,0.0,75.0
U_29815770,100.0,0.0,0.0,0.0
U_21200846,100.0,0.0,0.0,0.0
U_29699966,0.0,0.0,0.0,100.0
U_30535200,50.0,0.0,50.0,0.0
U_20273401,100.0,0.0,0.0,0.0
U_2843599,0.0,50.0,50.0,0.0
U_11043118,0.0,0.0,100.0,0.0
U_6167635,100.0,0.0,0.0,0.0
U_29709960,0.0,0.0,33.33333333333333,0.0
U_30453916,100.0,0.0,0.0,0.0
U_30535616,0.0,100.0,0.0,0.0
U_10323277,66.66666666666666,0.0,0.0,33.33333333333333
U_25244459,100.0,0.0,0.0,0.0
U_343112,61.29032258064516,25.806451612903224,12.903225806451612,0.0
U_29792338,0.0,33.33333333333333,33.33333333333333,0.0
U_3977083,100.0,0.0,0.0,0.0
U_6218726,0.0,0.0,0.0,50.0
U_7881871,0.0,50.0,0.0,0.0
U_29338705,0.0,33.33333333333333,66.66666666666666,0.0
U_11144052,100.0,0.0,0.0,0.0
U_12751182,0.0,50.0,50.0,0.0
U_11185732,100.0,0.0,0.0,0.0
U_29315301,25.0,37.5,0.0,0.0
U_8346372,0.0,0.0,0.0,0.0
U_28316837,100.0,0.0,0.0,0.0
U_24144606,0.0,0.0,0.0,100.0
U_6244397,0.0,0.0,80.0,20.0
U_16022225,75.0,25.0,0.0,0.0
U_795618,60.0,0.0,0.0,0.0
U_30541073,0.0,0.0,0.0,100.0
U_14407467,0.0,0.0,0.0,0.0
U_30467213,0.0,0.0,50.0,50.0
U_13816666,66.66666666666666,33.33333333333333,0.0,0.0
U_876021,100.0,0.0,0.0,0.0
U_30543370,100.0,0.0,0.0,0.0
U_28304823,100.0,0.0,0.0,0.0
U_30539927,100.0,0.0,0.0,0.0
U_17597157,0.0,0.0,100.0,0.0
U_15386865,100.0,0.0,0.0,0.0
U_28923837,0.0,0.0,100.0,0.0
U_367126,0.0,50.0,50.0,0.0
U_29176556,100.0,0.0,0.0,0.0
U_30114725,0.0,0.0,100.0,0.0
U_8153111,100.0,0.0,0.0,0.0
U_4517290,100.0,0.0,0.0,0.0
U_25699788,0.0,100.0,0.0,0.0
U_29952537,100.0,0.0,0.0,0.0
U_12931288,0.0,0.0,100.0,0.0
U_29325564,100.0,0.0,0.0,0.0
U_3493529,0.0,0.0,0.0,50.0
U_30502819,100.0,0.0,0.0,0.0
U_29800098,0.0,0.0,100.0,0.0
U_2586062,0.0,0.0,100.0,0.0
U_16949877,75.0,25.0,0.0,0.0
U_15298072,0.0,0.0,0.0,0.0
U_29379826,100.0,0.0,0.0,0.0
U_15168001,0.0,0.0,100.0,0.0
U_30548800,50.0,0.0,50.0,0.0
U_3693304,0.0,0.0,50.0,50.0
U_22290679,0.0,0.0,100.0,0.0
U_7531077,100.0,0.0,0.0,0.0
U_5574314,0.0,25.0,50.0,0.0
U_5262784,0.0,0.0,0.0,100.0
U_7126440,0.0,0.0,0.0,100.0
U_30554128,100.0,0.0,0.0,0.0
U_15278728,100.0,0.0,0.0,0.0
U_28739558,0.0,0.0,11.11111111111111,33.33333333333333
U_30385178,100.0,0.0,0.0,0.0
U_14333112,100.0,0.0,0.0,0.0
U_13475128,100.0,0.0,0.0,0.0
U_17191483,100.0,0.0,0.0,0.0
U_14048739,66.66666666666666,0.0,0.0,33.33333333333333
U_13229018,100.0,0.0,0.0,0.0
U_5122119,0.0,0.0,0.0,100.0
U_14301861,100.0,0.0,0.0,0.0
U_30455534,0.0,50.0,50.0,0.0
U_10627167,100.0,0.0,0.0,0.0
U_29743092,0.0,0.0,0.0,100.0
U_22458383,100.0,0.0,0.0,0.0
U_22727900,0.0,0.0,0.0,0.0
U_8724319,0.0,0.0,0.0,100.0
U_13716922,17.391304347826086,34.78260869565217,34.78260869565217,4.3478260869565215
U_12566403,100.0,0.0,0.0,0.0
U_29569225,0.0,0.0,100.0,0.0
U_13771688,100.0,0.0,0.0,0.0
U_20226640,0.0,0.0,100.0,0.0
U_30348648,96.66666666666667,0.0,3.3333333333333335,0.0
U_12388932,100.0,0.0,0.0,0.0
U_343423,0.0,100.0,0.0,0.0
U_12975180,100.0,0.0,0.0,0.0
U_30538965,100.0,0.0,0.0,0.0
U_30415774,0.0,0.0,0.0,100.0
U_7377992,44.0,16.0,32.0,0.0
U_16310329,100.0,0.0,0.0,0.0
U_12144389,0.0,42.857142857142854,57.14285714285714,0.0
U_30563172,66.66666666666666,0.0,33.33333333333333,0.0
U_25717122,100.0,0.0,0.0,0.0
U_22754136,100.0,0.0,0.0,0.0
U_4428720,0.0,0.0,0.0,0.0
U_30331588,100.0,0.0,0.0,0.0
U_14236753,57.14285714285714,28.57142857142857,14.285714285714285,0.0
U_29814314,0.0,0.0,100.0,0.0
U_14446511,100.0,0.0,0.0,0.0
U_29703662,0.0,0.0,0.0,100.0
U_22351181,100.0,0.0,0.0,0.0
U_1229895,100.0,0.0,0.0,0.0
U_30568029,0.0,0.0,0.0,100.0
U_4613567,100.0,0.0,0.0,0.0
U_1333722,75.0,25.0,0.0,0.0
U_30055857,0.0,0.0,100.0,0.0
U_25840662,60.0,26.666666666666668,13.333333333333334,0.0
U_16298185,90.9090909090909,9.090909090909092,0.0,0.0
U_17755239,100.0,0.0,0.0,0.0
U_29803356,0.0,0.0,44.44444444444444,55.55555555555556
U_23171881,0.0,0.0,100.0,0.0
U_14248334,88.88888888888889,8.333333333333332,0.0,2.7777777777777777
U_30462416,100.0,0.0,0.0,0.0
U_14077765,60.0,40.0,0.0,0.0
U_29041437,0.0,0.0,100.0,0.0
U_16331247,100.0,0.0,0.0,0.0
U_10384911,0.0,100.0,0.0,0.0
U_13790524,100.0,0.0,0.0,0.0
U_30496966,50.0,0.0,50.0,0.0
U_15382968,75.0,25.0,0.0,0.0
U_15194046,100.0,0.0,0.0,0.0
U_24720424,100.0,0.0,0.0,0.0
U_24580815,0.0,0.0,0.0,100.0
U_10384809,0.0,0.0,100.0,0.0
U_30463929,100.0,0.0,0.0,0.0
U_14771605,13.043478260869565,65.21739130434783,13.043478260869565,8.695652173913043
U_30571897,25.0,31.25,31.25,0.0
U_26863038,100.0,0.0,0.0,0.0
U_27574612,0.0,66.66666666666666,33.33333333333333,0.0
U_10385004,0.0,0.0,100.0,0.0
U_381194,100.0,0.0,0.0,0.0
U_28362365,100.0,0.0,0.0,0.0
U_13322883,100.0,0.0,0.0,0.0
U_29861057,0.0,0.0,0.0,0.0
U_13770993,100.0,0.0,0.0,0.0
U_30576449,100.0,0.0,0.0,0.0
U_22808581,50.0,50.0,0.0,0.0
U_4540676,100.0,0.0,0.0,0.0
U_29037022,0.0,100.0,0.0,0.0
U_29685899,0.0,0.0,100.0,0.0
U_13337676,38.88888888888889,11.11111111111111,16.666666666666664,0.0
U_20228868,0.0,0.0,100.0,0.0
U_29489123,0.0,0.0,100.0,0.0
U_6110369,80.0,0.0,20.0,0.0
U_29988553,100.0,0.0,0.0,0.0
U_30548469,100.0,0.0,0.0,0.0
U_29263683,0.0,0.0,0.0,0.0
U_13807283,0.0,0.0,100.0,0.0
U_15278527,100.0,0.0,0.0,0.0
U_16336371,100.0,0.0,0.0,0.0
U_29492183,0.0,0.0,0.0,100.0
U_26370310,0.0,0.0,0.0,100.0
U_30504909,76.0,18.666666666666668,5.333333333333334,0.0
U_30489281,100.0,0.0,0.0,0.0
U_29594967,0.0,25.0,25.0,50.0
U_30502124,66.66666666666666,33.33333333333333,0.0,0.0
U_6114934,50.0,0.0,50.0,0.0
U_17195128,100.0,0.0,0.0,0.0
U_19183835,100.0,0.0,0.0,0.0
U_29970717,0.0,0.0,20.0,60.0
U_251030,100.0,0.0,0.0,0.0
U_22341420,100.0,0.0,0.0,0.0
U_30585241,100.0,0.0,0.0,0.0
U_22276660,71.42857142857143,28.57142857142857,0.0,0.0
U_28954274,100.0,0.0,0.0,0.0
U_30576739,83.33333333333334,0.0,16.666666666666664,0.0
U_13259818,50.0,20.0,30.0,0.0
U_4296713,0.0,0.0,0.0,100.0
U_7104494,33.33333333333333,33.33333333333333,33.33333333333333,0.0
U_28300908,0.0,100.0,0.0,0.0
U_16070419,22.22222222222222,5.555555555555555,5.555555555555555,66.66666666666666
U_5066359,0.0,0.0,100.0,0.0
U_11031308,100.0,0.0,0.0,0.0
U_27744475,0.0,0.0,0.0,100.0
U_17687239,100.0,0.0,0.0,0.0
U_28301901,0.0,100.0,0.0,0.0
U_13420828,100.0,0.0,0.0,0.0
U_30077620,50.0,0.0,50.0,0.0
U_28131840,33.33333333333333,33.33333333333333,33.33333333333333,0.0
U_13098733,25.0,0.0,75.0,0.0
U_24729163,0.0,0.0,100.0,0.0
U_30580246,100.0,0.0,0.0,0.0
U_27563744,20.0,20.0,40.0,20.0
U_27518409,100.0,0.0,0.0,0.0
U_8841403,100.0,0.0,0.0,0.0
U_9788893,100.0,0.0,0.0,0.0
U_16583049,100.0,0.0,0.0,0.0
U_29326934,100.0,0.0,0.0,0.0
U_30339588,50.0,0.0,30.0,10.0
U_15292217,100.0,0.0,0.0,0.0
U_30328464,0.0,0.0,100.0,0.0
U_28333293,100.0,0.0,0.0,0.0
U_4035239,0.0,100.0,0.0,0.0
U_22818982,100.0,0.0,0.0,0.0
U_5112836,0.0,0.0,0.0,0.0
U_5007642,100.0,0.0,0.0,0.0
U_30591575,100.0,0.0,0.0,0.0
U_15759808,100.0,0.0,0.0,0.0
U_27526175,33.33333333333333,0.0,0.0,66.66666666666666
U_28674126,100.0,0.0,0.0,0.0
U_30375916,57.14285714285714,0.0,0.0,28.57142857142857
U_3902166,50.0,7.6923076923076925,15.384615384615385,25.0
U_26367902,0.0,21.428571428571427,71.42857142857143,0.0
U_28058010,61.53846153846154,7.6923076923076925,15.384615384615385,15.384615384615385
U_10521309,0.0,0.0,0.0,100.0
U_10385226,50.0,25.0,12.5,12.5
U_30591667,16.666666666666664,66.66666666666666,16.666666666666664,0.0
U_30551597,100.0,0.0,0.0,0.0
U_6396872,0.0,0.0,0.0,100.0
U_27954469,100.0,0.0,0.0,0.0
U_29957139,66.66666666666666,16.666666666666664,16.666666666666664,0.0
U_6040626,0.0,0.0,100.0,0.0
U_30574582,0.0,0.0,100.0,0.0
U_11050274,100.0,0.0,0.0,0.0
U_29969513,100.0,0.0,0.0,0.0
U_29562756,0.0,0.0,0.0,100.0
U_12487726,100.0,0.0,0.0,0.0
U_19149528,100.0,0.0,0.0,0.0
U_13747665,40.0,20.0,20.0,0.0
U_3778827,100.0,0.0,0.0,0.0
U_30534003,33.33333333333333,0.0,33.33333333333333,33.33333333333333
U_30396779,0.0,0.0,0.0,100.0
U_11076212,33.33333333333333,0.0,66.66666666666666,0.0
U_16757519,100.0,0.0,0.0,0.0
U_11516080,20.0,0.0,40.0,40.0
U_15450437,0.0,100.0,0.0,0.0
U_30041384,100.0,0.0,0.0,0.0
U_15452178,86.95652173913044,2.1739130434782608,6.521739130434782,4.3478260869565215
U_30453301,100.0,0.0,0.0,0.0
U_30581228,100.0,0.0,0.0,0.0
U_1074461,0.0,0.0,100.0,0.0
U_29291025,90.0,0.0,10.0,0.0
U_14191418,0.0,100.0,0.0,0.0
U_10385060,0.0,13.333333333333334,13.333333333333334,0.0
U_12920725,100.0,0.0,0.0,0.0
U_16190463,0.0,0.0,0.0,0.0
U_4776921,0.0,100.0,0.0,0.0
U_30396757,0.0,0.0,100.0,0.0
U_15392994,100.0,0.0,0.0,0.0
U_30549729,0.0,0.0,0.0,100.0
U_30601910,25.806451612903224,32.25806451612903,33.87096774193548,1.6129032258064515
U_29379830,100.0,0.0,0.0,0.0
U_6658443,73.07692307692307,26.923076923076923,0.0,0.0
U_2424791,50.0,0.0,0.0,25.0
U_11454709,100.0,0.0,0.0,0.0
U_7520317,0.0,0.0,0.0,100.0
U_15419454,50.0,50.0,0.0,0.0
U_30426986,50.0,0.0,0.0,50.0
U_6119245,100.0,0.0,0.0,0.0
U_28871234,0.0,0.0,0.0,0.0
U_30385449,0.0,0.0,25.0,75.0
U_7293658,0.0,0.0,0.0,80.0
U_14382541,30.0,55.00000000000001,15.0,0.0
U_30500743,0.0,0.0,50.0,50.0
U_23508278,0.0,0.0,100.0,0.0
U_12975924,0.0,0.0,50.0,0.0
U_6069332,100.0,0.0,0.0,0.0
U_30563940,0.0,0.0,25.0,75.0
U_4654304,100.0,0.0,0.0,0.0
U_12648707,100.0,0.0,0.0,0.0
U_10906785,0.0,0.0,100.0,0.0
U_28422536,75.0,16.666666666666664,0.0,0.0
U_25870730,0.0,100.0,0.0,0.0
U_8347173,0.0,0.0,50.0,0.0
U_9863516,100.0,0.0,0.0,0.0
U_26357063,100.0,0.0,0.0,0.0
U_30603057,60.0,26.666666666666668,13.333333333333334,0.0
U_15028677,100.0,0.0,0.0,0.0
U_20313248,100.0,0.0,0.0,0.0
U_28348460,100.0,0.0,0.0,0.0
U_8117487,71.42857142857143,28.57142857142857,0.0,0.0
U_74203,100.0,0.0,0.0,0.0
U_17615149,100.0,0.0,0.0,0.0
U_26690966,0.0,100.0,0.0,0.0
U_13455479,50.0,0.0,50.0,0.0
U_10497184,0.0,0.0,20.0,80.0
U_26589086,66.66666666666666,0.0,0.0,33.33333333333333
U_15276006,100.0,0.0,0.0,0.0
U_30609221,75.0,25.0,0.0,0.0
U_24181216,100.0,0.0,0.0,0.0
U_13545483,33.33333333333333,66.66666666666666,0.0,0.0
U_30545907,0.0,57.14285714285714,28.57142857142857,14.285714285714285
U_8151734,0.0,33.33333333333333,66.66666666666666,0.0
U_12921779,100.0,0.0,0.0,0.0
U_30611402,0.0,0.0,0.0,100.0
U_7716904,100.0,0.0,0.0,0.0
U_15490349,18.181818181818183,22.727272727272727,50.0,4.545454545454546
U_10803028,0.0,0.0,0.0,100.0
U_17453374,80.0,10.0,0.0,10.0
U_29048021,100.0,0.0,0.0,0.0
U_5574271,100.0,0.0,0.0,0.0
U_15815026,0.0,0.0,100.0,0.0
U_29562377,0.0,33.33333333333333,33.33333333333333,16.666666666666664
U_30615496,100.0,0.0,0.0,0.0
U_12350761,8.333333333333332,33.33333333333333,41.66666666666667,8.333333333333332
U_29117425,100.0,0.0,0.0,0.0
U_15297659,55.55555555555556,11.11111111111111,11.11111111111111,22.22222222222222
U_4736769,100.0,0.0,0.0,0.0
U_30296146,25.0,0.0,50.0,0.0
U_29919167,0.0,0.0,0.0,100.0
U_29906622,0.0,0.0,100.0,0.0
U_30617231,100.0,0.0,0.0,0.0
U_12565183,0.0,0.0,0.0,100.0
U_29953269,100.0,0.0,0.0,0.0
U_26730804,100.0,0.0,0.0,0.0
U_28149504,100.0,0.0,0.0,0.0
U_30617898,0.0,0.0,0.0,100.0
U_14531493,100.0,0.0,0.0,0.0
U_13551408,0.0,25.0,25.0,50.0
U_25705025,100.0,0.0,0.0,0.0
U_28736460,0.0,0.0,0.0,100.0
U_3706191,100.0,0.0,0.0,0.0
U_7444889,0.0,66.66666666666666,33.33333333333333,0.0
U_24104584,0.0,0.0,0.0,100.0
U_27788893,100.0,0.0,0.0,0.0
U_30497741,57.14285714285714,0.0,28.57142857142857,14.285714285714285
U_15084701,50.0,50.0,0.0,0.0
U_29916929,0.0,0.0,0.0,100.0
U_450106,0.0,50.0,50.0,0.0
U_30621559,83.33333333333334,16.666666666666664,0.0,0.0
U_2528112,16.666666666666664,16.666666666666664,66.66666666666666,0.0
U_27704118,100.0,0.0,0.0,0.0
U_6159355,0.0,0.0,0.0,100.0
U_25704928,100.0,0.0,0.0,0.0
U_29742592,100.0,0.0,0.0,0.0
U_13466465,100.0,0.0,0.0,0.0
U_12708643,0.0,100.0,0.0,0.0
U_13129288,66.66666666666666,0.0,33.33333333333333,0.0
U_29383299,100.0,0.0,0.0,0.0
U_29426210,100.0,0.0,0.0,0.0
U_30501891,0.0,0.0,60.0,40.0
U_15073075,100.0,0.0,0.0,0.0
U_2238857,0.0,0.0,100.0,0.0
U_11335433,100.0,0.0,0.0,0.0
U_4485210,0.0,100.0,0.0,0.0
U_23237629,60.0,0.0,40.0,0.0
U_15285576,100.0,0.0,0.0,0.0
U_13241624,100.0,0.0,0.0,0.0
U_19148801,66.66666666666666,0.0,33.33333333333333,0.0
U_30393121,100.0,0.0,0.0,0.0
U_27386214,100.0,0.0,0.0,0.0
U_30452115,100.0,0.0,0.0,0.0
U_29477857,100.0,0.0,0.0,0.0
U_28995540,66.66666666666666,33.33333333333333,0.0,0.0
U_18104989,33.33333333333333,0.0,33.33333333333333,33.33333333333333
U_8161184,25.0,0.0,50.0,0.0
U_16130987,100.0,0.0,0.0,0.0
U_4142501,0.0,0.0,0.0,100.0
U_10728811,71.42857142857143,7.142857142857142,7.142857142857142,0.0
U_23247950,100.0,0.0,0.0,0.0
U_16831352,0.0,0.0,0.0,100.0
U_22219160,40.0,0.0,60.0,0.0
U_23303266,100.0,0.0,0.0,0.0
U_27265732,100.0,0.0,0.0,0.0
U_13442133,100.0,0.0,0.0,0.0
U_16558542,0.0,0.0,100.0,0.0
U_16026402,100.0,0.0,0.0,0.0
U_23190564,100.0,0.0,0.0,0.0
U_5186483,0.0,0.0,0.0,100.0
U_17592292,100.0,0.0,0.0,0.0
U_28053354,100.0,0.0,0.0,0.0
U_15193761,100.0,0.0,0.0,0.0
U_14669568,0.0,0.0,100.0,0.0
U_16132903,100.0,0.0,0.0,0.0
U_30629397,100.0,0.0,0.0,0.0
U_13140369,0.0,12.0,36.0,4.0
U_16290270,100.0,0.0,0.0,0.0
U_28990563,66.66666666666666,22.22222222222222,11.11111111111111,0.0
U_22794099,100.0,0.0,0.0,0.0
U_11567802,0.0,0.0,100.0,0.0
U_28386068,100.0,0.0,0.0,0.0
U_30630163,100.0,0.0,0.0,0.0
U_4474420,0.0,100.0,0.0,0.0
U_1667113,100.0,0.0,0.0,0.0
U_8481905,0.0,0.0,0.0,100.0
U_799600,100.0,0.0,0.0,0.0
U_15006676,100.0,0.0,0.0,0.0
U_505316,0.0,0.0,100.0,0.0
U_15454828,0.0,100.0,0.0,0.0
U_29468631,100.0,0.0,0.0,0.0
U_11525948,0.0,9.090909090909092,36.36363636363637,9.090909090909092
U_27014656,0.0,0.0,66.66666666666666,33.33333333333333
U_2066390,60.0,0.0,40.0,0.0
U_30633687,25.0,50.0,25.0,0.0
U_30633785,0.0,50.0,37.5,12.5
U_4891097,0.0,0.0,0.0,100.0
U_11071893,100.0,0.0,0.0,0.0
U_30634447,0.0,100.0,0.0,0.0
U_29568259,0.0,100.0,0.0,0.0
U_30502028,100.0,0.0,0.0,0.0
U_7582594,0.0,0.0,0.0,100.0
U_28757966,0.0,0.0,100.0,0.0
U_10931450,42.857142857142854,28.57142857142857,28.57142857142857,0.0
U_30498790,75.0,12.5,12.5,0.0
U_15280922,100.0,0.0,0.0,0.0
U_28579181,100.0,0.0,0.0,0.0
U_16659410,100.0,0.0,0.0,0.0
U_19775669,100.0,0.0,0.0,0.0
U_11090416,50.0,0.0,50.0,0.0
U_23348616,100.0,0.0,0.0,0.0
U_29903025,0.0,9.090909090909092,0.0,45.45454545454545
U_13947168,0.0,0.0,37.5,62.5
U_12982211,33.33333333333333,66.66666666666666,0.0,0.0
U_7364247,100.0,0.0,0.0,0.0
U_23136279,100.0,0.0,0.0,0.0
U_22110017,0.0,100.0,0.0,0.0
U_30636706,50.0,50.0,0.0,0.0
U_30130063,0.0,0.0,0.0,100.0
U_16490172,0.0,0.0,0.0,100.0
U_30575662,0.0,0.0,100.0,0.0
U_6809742,0.0,0.0,100.0,0.0
U_29907910,0.0,0.0,0.0,100.0
U_11075033,0.0,0.0,0.0,100.0
U_17184158,0.0,0.0,0.0,100.0
U_11455604,0.0,0.0,100.0,0.0
U_22783322,0.0,0.0,33.33333333333333,66.66666666666666
U_14501406,0.0,10.0,10.0,10.0
U_29976380,100.0,0.0,0.0,0.0
U_26646727,100.0,0.0,0.0,0.0
U_30631078,100.0,0.0,0.0,0.0
U_21381862,2.631578947368421,13.157894736842104,18.421052631578945,60.526315789473685
U_14035375,0.0,50.0,50.0,0.0
U_12738988,0.0,0.0,50.0,50.0
U_25240049,100.0,0.0,0.0,0.0
U_350761,100.0,0.0,0.0,0.0
U_15496247,58.82352941176471,11.76470588235294,29.411764705882355,0.0
U_28170991,100.0,0.0,0.0,0.0
U_6103026,100.0,0.0,0.0,0.0
U_30640446,0.0,66.66666666666666,33.33333333333333,0.0
U_11487186,100.0,0.0,0.0,0.0
U_30640418,0.0,0.0,66.66666666666666,33.33333333333333
U_24660334,0.0,0.0,100.0,0.0
U_8319605,0.0,0.0,0.0,100.0
U_17694862,40.0,20.0,20.0,20.0
U_13969028,50.0,0.0,0.0,50.0
U_15198669,0.0,0.0,100.0,0.0
U_12236625,0.0,50.0,0.0,50.0
U_18250744,100.0,0.0,0.0,0.0
U_15744416,89.0625,4.6875,4.6875,0.0
U_15312995,100.0,0.0,0.0,0.0
U_26997302,0.0,0.0,0.0,100.0
U_15018646,0.0,0.0,0.0,100.0
U_30644678,100.0,0.0,0.0,0.0
U_28680344,100.0,0.0,0.0,0.0
U_27404616,25.0,0.0,50.0,12.5
U_11987145,33.33333333333333,33.33333333333333,33.33333333333333,0.0
U_14521122,100.0,0.0,0.0,0.0
U_30648419,66.66666666666666,0.0,0.0,33.33333333333333
U_24662320,100.0,0.0,0.0,0.0
U_19276271,0.0,0.0,0.0,100.0
U_15816531,0.0,100.0,0.0,0.0
U_15426312,0.0,75.0,25.0,0.0
U_14461540,50.0,0.0,0.0,0.0
U_30293853,75.0,8.333333333333332,16.666666666666664,0.0
U_30649163,0.0,0.0,0.0,100.0
U_16347784,100.0,0.0,0.0,0.0
U_26579705,0.0,66.66666666666666,33.33333333333333,0.0
U_5861556,100.0,0.0,0.0,0.0
U_30649503,100.0,0.0,0.0,0.0
U_81485,50.0,25.0,25.0,0.0
U_29189538,100.0,0.0,0.0,0.0
U_30585927,100.0,0.0,0.0,0.0
U_28491005,20.0,0.0,40.0,0.0
U_16322471,100.0,0.0,0.0,0.0
U_14829611,100.0,0.0,0.0,0.0
U_13233242,100.0,0.0,0.0,0.0
U_12686883,50.0,50.0,0.0,0.0
U_15303458,100.0,0.0,0.0,0.0
U_12551892,0.0,53.84615384615385,30.76923076923077,7.6923076923076925
U_13933014,100.0,0.0,0.0,0.0
U_11053301,100.0,0.0,0.0,0.0
U_30651076,100.0,0.0,0.0,0.0
U_20285038,100.0,0.0,0.0,0.0
U_14143669,27.27272727272727,9.090909090909092,63.63636363636363,0.0
U_16010518,100.0,0.0,0.0,0.0
U_12989863,100.0,0.0,0.0,0.0
U_12620946,75.0,25.0,0.0,0.0
U_30370829,100.0,0.0,0.0,0.0
U_22755221,0.0,33.33333333333333,50.0,16.666666666666664
U_28738487,100.0,0.0,0.0,0.0
U_30628500,50.0,0.0,0.0,50.0
U_30315190,0.0,0.0,100.0,0.0
U_1034717,100.0,0.0,0.0,0.0
U_11364208,100.0,0.0,0.0,0.0
U_13826237,100.0,0.0,0.0,0.0
U_12061079,100.0,0.0,0.0,0.0
U_13820536,25.0,25.0,50.0,0.0
U_4681390,0.0,80.0,0.0,0.0
U_24182930,83.33333333333334,16.666666666666664,0.0,0.0
U_14036954,100.0,0.0,0.0,0.0
U_15393636,0.0,100.0,0.0,0.0
U_30653883,100.0,0.0,0.0,0.0
U_10716229,0.0,0.0,40.0,20.0
U_1086029,100.0,0.0,0.0,0.0
U_30654392,50.0,0.0,50.0,0.0
U_23137231,0.0,50.0,50.0,0.0
U_12186831,4.3478260869565215,4.3478260869565215,26.08695652173913,4.3478260869565215
U_26645360,0.0,0.0,0.0,75.0
U_29668789,100.0,0.0,0.0,0.0
U_11717895,0.0,0.0,100.0,0.0
U_29656707,0.0,37.5,25.0,0.0
U_4174586,100.0,0.0,0.0,0.0
U_13572445,100.0,0.0,0.0,0.0
U_30658054,100.0,0.0,0.0,0.0
U_30647116,0.0,0.0,50.0,0.0
U_30500185,0.0,0.0,100.0,0.0
U_27544806,100.0,0.0,0.0,0.0
U_4612790,0.0,0.0,25.0,75.0
U_3712479,0.0,50.0,0.0,50.0
U_11073048,37.5,0.0,37.5,0.0
U_30659700,47.82608695652174,0.0,47.82608695652174,0.0
U_15285250,100.0,0.0,0.0,0.0
U_30650045,100.0,0.0,0.0,0.0
U_27606230,73.33333333333333,0.0,6.666666666666667,13.333333333333334
U_803812,9.090909090909092,18.181818181818183,36.36363636363637,9.090909090909092
U_10906696,25.0,18.75,50.0,6.25
U_30354411,0.0,0.0,0.0,100.0
U_26604233,100.0,0.0,0.0,0.0
U_30662359,0.0,100.0,0.0,0.0
U_30624271,0.0,100.0,0.0,0.0
U_30660247,100.0,0.0,0.0,0.0
U_29745615,100.0,0.0,0.0,0.0
U_29306949,100.0,0.0,0.0,0.0
U_13551595,100.0,0.0,0.0,0.0
U_10916032,100.0,0.0,0.0,0.0
U_23154518,0.0,0.0,100.0,0.0
U_23237390,100.0,0.0,0.0,0.0
U_27685449,50.0,0.0,50.0,0.0
U_29894855,0.0,40.0,60.0,0.0
U_16712252,60.0,20.0,20.0,0.0
U_8244873,100.0,0.0,0.0,0.0
U_11811074,100.0,0.0,0.0,0.0
U_30661959,0.0,0.0,100.0,0.0
U_30648455,100.0,0.0,0.0,0.0
U_30436288,0.0,22.22222222222222,11.11111111111111,66.66666666666666
U_30635330,100.0,0.0,0.0,0.0
U_28925437,0.0,0.0,0.0,0.0
U_29387567,0.0,66.66666666666666,33.33333333333333,0.0
U_30080404,0.0,0.0,100.0,0.0
U_19261816,60.0,0.0,40.0,0.0
U_7049637,100.0,0.0,0.0,0.0
U_30656769,100.0,0.0,0.0,0.0
U_30636488,100.0,0.0,0.0,0.0
U_29842831,100.0,0.0,0.0,0.0
U_5617497,0.0,100.0,0.0,0.0
U_13330796,100.0,0.0,0.0,0.0
U_30661686,50.0,50.0,0.0,0.0
U_22347485,100.0,0.0,0.0,0.0
U_4117915,100.0,0.0,0.0,0.0
U_15065274,75.0,25.0,0.0,0.0
U_30665184,100.0,0.0,0.0,0.0
U_30463589,66.66666666666666,0.0,33.33333333333333,0.0
U_25356618,0.0,0.0,0.0,100.0
U_1471143,100.0,0.0,0.0,0.0
U_4458885,100.0,0.0,0.0,0.0
U_28638605,100.0,0.0,0.0,0.0
U_29661731,0.0,0.0,0.0,100.0
U_30314966,100.0,0.0,0.0,0.0
U_15429105,100.0,0.0,0.0,0.0
U_2055130,100.0,0.0,0.0,0.0
U_14110048,0.0,80.0,20.0,0.0
U_28734726,100.0,0.0,0.0,0.0
U_30669470,0.0,25.0,0.0,50.0
U_12185202,0.0,0.0,100.0,0.0
U_17933882,0.0,0.0,0.0,66.66666666666666
U_18599186,0.0,0.0,0.0,100.0
U_13251012,75.0,0.0,25.0,0.0
U_27921938,100.0,0.0,0.0,0.0
U_11345514,0.0,0.0,0.0,100.0
U_14827485,100.0,0.0,0.0,0.0
U_7324241,9.090909090909092,36.36363636363637,27.27272727272727,0.0
U_15057433,0.0,0.0,0.0,100.0
U_24662935,100.0,0.0,0.0,0.0
U_28390322,0.0,0.0,0.0,0.0
U_1944753,100.0,0.0,0.0,0.0
U_30667074,0.0,0.0,0.0,100.0
U_30636159,100.0,0.0,0.0,0.0
U_30645221,0.0,0.0,100.0,0.0
U_25255242,100.0,0.0,0.0,0.0
U_1025751,50.0,0.0,50.0,0.0
U_14687197,100.0,0.0,0.0,0.0
U_14147388,0.0,50.0,50.0,0.0
U_15136048,0.0,100.0,0.0,0.0
U_28937054,66.66666666666666,0.0,33.33333333333333,0.0
U_16039665,0.0,50.0,37.5,0.0
U_3258840,100.0,0.0,0.0,0.0
U_13732284,0.0,0.0,100.0,0.0
U_30672640,66.66666666666666,33.33333333333333,0.0,0.0
U_8384599,0.0,0.0,0.0,100.0
U_15415084,50.0,50.0,0.0,0.0
U_16676537,0.0,33.33333333333333,33.33333333333333,0.0
U_16489624,100.0,0.0,0.0,0.0
U_15340938,100.0,0.0,0.0,0.0
U_10730412,0.0,0.0,0.0,100.0
U_24635708,0.0,0.0,0.0,100.0
U_29464427,60.0,20.0,0.0,0.0
U_29116949,0.0,0.0,0.0,100.0
U_30660879,0.0,0.0,40.0,60.0
U_14503342,0.0,0.0,0.0,100.0
U_12540222,11.11111111111111,55.55555555555556,33.33333333333333,0.0
U_13333032,100.0,0.0,0.0,0.0
U_17952995,0.0,31.25,56.25,0.0
U_12991498,50.0,50.0,0.0,0.0
U_28061909,100.0,0.0,0.0,0.0
U_30647972,0.0,100.0,0.0,0.0
U_22311748,0.0,0.0,0.0,100.0
U_30681847,50.0,50.0,0.0,0.0
U_30681926,0.0,0.0,100.0,0.0
U_4407382,100.0,0.0,0.0,0.0
U_27005020,0.0,0.0,0.0,100.0
U_30682345,0.0,0.0,50.0,50.0
U_2026368,50.0,33.33333333333333,16.666666666666664,0.0
U_29885144,0.0,8.695652173913043,56.52173913043478,4.3478260869565215
U_2288414,100.0,0.0,0.0,0.0
U_14078922,100.0,0.0,0.0,0.0
U_26860532,16.666666666666664,33.33333333333333,50.0,0.0
U_30662823,100.0,0.0,0.0,0.0
U_30360717,100.0,0.0,0.0,0.0
U_30654315,100.0,0.0,0.0,0.0
U_30666730,40.0,26.666666666666668,20.0,6.666666666666667
U_28975827,100.0,0.0,0.0,0.0
U_30684535,100.0,0.0,0.0,0.0
U_6021828,100.0,0.0,0.0,0.0
U_16125823,100.0,0.0,0.0,0.0
U_30684765,91.66666666666666,0.0,0.0,8.333333333333332
U_25896381,100.0,0.0,0.0,0.0
U_30032596,100.0,0.0,0.0,0.0
U_8587275,0.0,1.2552301255230125,79.9163179916318,4.602510460251046
U_1979465,100.0,0.0,0.0,0.0
U_15990482,100.0,0.0,0.0,0.0
U_16486303,100.0,0.0,0.0,0.0
U_14150905,0.0,0.0,0.0,100.0
U_13368083,100.0,0.0,0.0,0.0
U_30570553,80.0,20.0,0.0,0.0
U_30685690,60.0,40.0,0.0,0.0
U_30686178,100.0,0.0,0.0,0.0
U_12570492,0.0,0.0,0.0,100.0
U_27386641,66.66666666666666,0.0,33.33333333333333,0.0
U_30668235,100.0,0.0,0.0,0.0
U_29338928,100.0,0.0,0.0,0.0
U_26998439,0.0,100.0,0.0,0.0
U_12991828,0.0,0.0,100.0,0.0
U_12690603,100.0,0.0,0.0,0.0
U_27246089,0.0,0.0,100.0,0.0
U_24711124,100.0,0.0,0.0,0.0
U_15358482,0.0,0.0,0.0,50.0
U_12658074,100.0,0.0,0.0,0.0
U_30688507,100.0,0.0,0.0,0.0
U_15123265,100.0,0.0,0.0,0.0
U_15361200,100.0,0.0,0.0,0.0
U_14229201,100.0,0.0,0.0,0.0
U_5617469,0.0,0.0,100.0,0.0
U_11025264,100.0,0.0,0.0,0.0
U_28304880,100.0,0.0,0.0,0.0
U_4190691,100.0,0.0,0.0,0.0
U_14213414,0.0,22.22222222222222,77.77777777777779,0.0
U_12386800,13.333333333333334,40.0,20.0,0.0
U_378293,0.0,50.0,50.0,0.0
U_15153570,0.0,100.0,0.0,0.0
U_30680580,0.0,80.0,20.0,0.0
U_30659808,100.0,0.0,0.0,0.0
U_8445263,0.0,75.0,25.0,0.0
U_30658842,100.0,0.0,0.0,0.0
U_22318336,0.0,100.0,0.0,0.0
U_29913475,0.0,100.0,0.0,0.0
U_15073220,0.0,0.0,50.0,50.0
U_4666413,0.0,0.0,100.0,0.0
U_14655245,0.0,100.0,0.0,0.0
U_30144405,0.0,100.0,0.0,0.0
U_7094918,0.0,0.0,100.0,0.0
U_23157170,0.0,0.0,0.0,100.0
U_17648019,100.0,0.0,0.0,0.0
U_29002730,100.0,0.0,0.0,0.0
U_14520825,0.0,12.5,68.75,12.5
U_21079688,100.0,0.0,0.0,0.0
U_29570322,0.0,50.0,50.0,0.0
U_520408,66.66666666666666,16.666666666666664,16.666666666666664,0.0
U_27226076,0.0,0.0,50.0,0.0
U_30123175,100.0,0.0,0.0,0.0
U_28504001,0.0,0.0,100.0,0.0
U_8001045,0.0,0.0,66.66666666666666,33.33333333333333
U_15501924,96.29629629629629,0.0,3.7037037037037033,0.0
U_30611436,100.0,0.0,0.0,0.0
U_30695433,100.0,0.0,0.0,0.0
U_30646657,0.0,0.0,100.0,0.0
U_15326265,98.82352941176471,0.0,1.1764705882352942,0.0
U_8416956,100.0,0.0,0.0,0.0
U_23298310,100.0,0.0,0.0,0.0
U_22121873,100.0,0.0,0.0,0.0
U_30349476,33.33333333333333,33.33333333333333,33.33333333333333,0.0
U_15285491,100.0,0.0,0.0,0.0
U_15151477,100.0,0.0,0.0,0.0
U_6288309,0.0,0.0,0.0,100.0
U_15054694,100.0,0.0,0.0,0.0
U_11896417,0.0,69.23076923076923,23.076923076923077,0.0
U_5640455,100.0,0.0,0.0,0.0
U_15400229,50.0,50.0,0.0,0.0
U_28109581,100.0,0.0,0.0,0.0
U_1972170,100.0,0.0,0.0,0.0
U_6353482,0.0,0.0,100.0,0.0
U_155212,100.0,0.0,0.0,0.0
U_10384709,0.0,100.0,0.0,0.0
U_5584160,100.0,0.0,0.0,0.0
U_1708246,55.55555555555556,33.33333333333333,11.11111111111111,0.0
U_27706949,50.0,0.0,50.0,0.0
U_22264116,0.0,0.0,100.0,0.0
U_14495622,50.0,50.0,0.0,0.0
U_3888019,100.0,0.0,0.0,0.0
U_3712413,0.0,100.0,0.0,0.0
U_12404930,0.0,0.0,0.0,100.0
U_28400658,100.0,0.0,0.0,0.0
U_30700793,66.66666666666666,33.33333333333333,0.0,0.0
U_27553532,0.0,0.0,100.0,0.0
U_11639832,0.0,0.0,0.0,100.0
U_14925030,100.0,0.0,0.0,0.0
U_30630413,100.0,0.0,0.0,0.0
U_18992949,100.0,0.0,0.0,0.0
U_22320809,0.0,0.0,8.571428571428571,85.71428571428571
U_30695389,44.44444444444444,33.33333333333333,22.22222222222222,0.0
U_18484523,0.0,0.0,100.0,0.0
U_16123145,66.66666666666666,16.666666666666664,16.666666666666664,0.0
U_28735512,100.0,0.0,0.0,0.0
U_14354277,0.0,0.0,100.0,0.0
U_30706068,100.0,0.0,0.0,0.0
U_15049850,0.0,0.0,66.66666666666666,33.33333333333333
U_8897272,50.0,0.0,50.0,0.0
U_18374997,0.0,0.0,0.0,100.0
U_30698316,0.0,0.0,50.0,50.0
U_30673802,100.0,0.0,0.0,0.0
U_10910914,61.53846153846154,30.76923076923077,7.6923076923076925,0.0
U_5574078,0.0,0.0,100.0,0.0
U_30710496,25.0,0.0,0.0,50.0
U_5191289,0.0,0.0,100.0,0.0
U_14634753,66.66666666666666,33.33333333333333,0.0,0.0
U_13034116,14.285714285714285,57.14285714285714,28.57142857142857,0.0
U_30679650,66.66666666666666,22.22222222222222,11.11111111111111,0.0
U_11946541,100.0,0.0,0.0,0.0
U_29158332,100.0,0.0,0.0,0.0
U_4642437,0.0,0.0,100.0,0.0
U_29070967,100.0,0.0,0.0,0.0
U_8151710,0.0,100.0,0.0,0.0
U_12088997,0.0,0.0,100.0,0.0
U_24693126,0.0,50.0,25.0,0.0
U_28879755,0.0,100.0,0.0,0.0
U_30706185,0.0,0.0,0.0,100.0
U_18573572,100.0,0.0,0.0,0.0
U_15132571,0.0,45.45454545454545,45.45454545454545,9.090909090909092
U_30614836,100.0,0.0,0.0,0.0
U_30713585,100.0,0.0,0.0,0.0
U_9350237,50.0,0.0,50.0,0.0
U_30712871,100.0,0.0,0.0,0.0
U_5415286,0.0,0.0,0.0,100.0
U_29918599,0.0,0.0,0.0,100.0
U_16393957,0.0,0.0,0.0,100.0
U_5436874,0.0,0.0,100.0,0.0
U_30190671,50.0,0.0,50.0,0.0
U_139448,100.0,0.0,0.0,0.0
U_30681711,100.0,0.0,0.0,0.0
U_12530049,0.0,0.0,33.33333333333333,66.66666666666666
U_30443442,83.33333333333334,0.0,0.0,0.0
U_5574067,75.0,25.0,0.0,0.0
U_30204452,0.0,0.0,100.0,0.0
U_3665176,100.0,0.0,0.0,0.0
U_11714050,0.0,33.33333333333333,33.33333333333333,33.33333333333333
U_14467504,0.0,50.0,50.0,0.0
U_30543795,0.0,0.0,100.0,0.0
U_15488131,0.0,100.0,0.0,0.0
U_15405998,100.0,0.0,0.0,0.0
U_17574125,80.0,0.0,5.0,0.0
U_12455616,0.0,0.0,100.0,0.0
U_30360939,20.0,20.0,60.0,0.0
U_27439513,100.0,0.0,0.0,0.0
U_30659789,100.0,0.0,0.0,0.0
U_30387205,0.0,0.0,100.0,0.0
U_407198,8.21917808219178,14.15525114155251,71.68949771689498,5.0228310502283104
U_23444304,25.0,16.666666666666664,25.0,33.33333333333333
U_2262779,100.0,0.0,0.0,0.0
U_28133476,25.0,75.0,0.0,0.0
U_13013477,0.0,0.0,0.0,100.0
U_19315324,100.0,0.0,0.0,0.0
U_30721623,100.0,0.0,0.0,0.0
U_30724101,80.0,0.0,0.0,20.0
U_30712875,0.0,0.0,100.0,0.0
U_14430405,100.0,0.0,0.0,0.0
U_30718895,100.0,0.0,0.0,0.0
U_14101547,100.0,0.0,0.0,0.0
U_315540,0.0,100.0,0.0,0.0
U_22331480,0.0,16.666666666666664,33.33333333333333,33.33333333333333
U_27374436,0.0,0.0,50.0,50.0
U_12472901,100.0,0.0,0.0,0.0
U_10909396,20.0,40.0,40.0,0.0
U_29037371,85.71428571428571,14.285714285714285,0.0,0.0
U_2053094,0.0,0.0,0.0,100.0
U_7718036,0.0,0.0,0.0,100.0
U_30010817,0.0,0.0,0.0,100.0
U_2821993,33.33333333333333,0.0,33.33333333333333,33.33333333333333
U_15132292,0.0,0.0,100.0,0.0
U_12975314,0.0,0.0,100.0,0.0
U_19115969,100.0,0.0,0.0,0.0
U_30736166,86.11111111111111,0.0,11.11111111111111,0.0
U_4633845,0.0,100.0,0.0,0.0
U_13802320,0.0,0.0,0.0,0.0
U_14952238,0.0,0.0,100.0,0.0
U_30737135,85.71428571428571,14.285714285714285,0.0,0.0
U_15451439,0.0,100.0,0.0,0.0
U_29817374,0.0,0.0,0.0,100.0
U_30674879,0.0,37.5,62.5,0.0
U_18534106,100.0,0.0,0.0,0.0
U_14239939,100.0,0.0,0.0,0.0
U_19878275,100.0,0.0,0.0,0.0
U_15398301,100.0,0.0,0.0,0.0
U_15149927,50.0,25.0,0.0,25.0
U_14344518,75.0,0.0,8.333333333333332,16.666666666666664
U_30740002,50.0,0.0,50.0,0.0
U_10844893,0.0,0.0,100.0,0.0
U_30737903,100.0,0.0,0.0,0.0
U_18087504,0.0,33.33333333333333,33.33333333333333,0.0
U_29993902,100.0,0.0,0.0,0.0
U_10590451,80.0,0.0,0.0,20.0
U_12698036,100.0,0.0,0.0,0.0
U_15249636,100.0,0.0,0.0,0.0
U_30743673,100.0,0.0,0.0,0.0
U_12407366,7.142857142857142,7.142857142857142,21.428571428571427,7.142857142857142
U_10368,100.0,0.0,0.0,0.0
U_14259819,0.0,0.0,33.33333333333333,66.66666666666666
U_5818010,100.0,0.0,0.0,0.0
U_11931039,100.0,0.0,0.0,0.0
U_15155992,50.0,50.0,0.0,0.0
U_11143101,0.0,100.0,0.0,0.0
U_30680390,15.0,5.0,40.0,35.0
U_6813729,0.0,4.166666666666666,12.5,8.333333333333332
U_28993470,0.0,100.0,0.0,0.0
U_11397746,100.0,0.0,0.0,0.0
U_27736915,100.0,0.0,0.0,0.0
U_30149505,0.0,0.0,0.0,100.0
U_16743184,0.0,0.0,100.0,0.0
U_7517770,100.0,0.0,0.0,0.0
U_22758657,18.181818181818183,0.0,45.45454545454545,9.090909090909092
U_27364089,100.0,0.0,0.0,0.0
U_3452720,100.0,0.0,0.0,0.0
U_412615,66.66666666666666,33.33333333333333,0.0,0.0
U_30744172,16.666666666666664,33.33333333333333,0.0,50.0
U_12194956,0.0,0.0,0.0,100.0
U_30683569,92.3076923076923,0.0,7.6923076923076925,0.0
U_12696055,100.0,0.0,0.0,0.0
U_26635769,94.82758620689656,1.7241379310344827,1.7241379310344827,0.0
U_28292951,50.0,25.0,25.0,0.0
U_30698813,0.0,50.0,50.0,0.0
U_30356036,100.0,0.0,0.0,0.0
U_12987804,0.0,0.0,100.0,0.0
U_30771221,100.0,0.0,0.0,0.0
U_28174177,100.0,0.0,0.0,0.0
U_30773118,100.0,0.0,0.0,0.0
U_30767318,50.0,0.0,0.0,50.0
U_26409343,0.0,0.0,100.0,0.0
U_30735366,71.42857142857143,28.57142857142857,0.0,0.0
U_19309284,100.0,0.0,0.0,0.0
U_18646750,100.0,0.0,0.0,0.0
U_12951325,0.0,0.0,100.0,0.0
U_29710795,66.66666666666666,33.33333333333333,0.0,0.0
U_413927,100.0,0.0,0.0,0.0
U_18538361,100.0,0.0,0.0,0.0
U_30349039,0.0,0.0,100.0,0.0
U_11038540,100.0,0.0,0.0,0.0
U_22759529,0.0,33.33333333333333,66.66666666666666,0.0
U_25335249,0.0,0.0,0.0,50.0
U_12024932,100.0,0.0,0.0,0.0
U_28263375,66.66666666666666,0.0,0.0,0.0
U_4473974,100.0,0.0,0.0,0.0
U_28517222,100.0,0.0,0.0,0.0
U_12502240,100.0,0.0,0.0,0.0
U_12232435,0.0,100.0,0.0,0.0
U_29782631,0.0,0.0,100.0,0.0
U_30676668,0.0,50.0,50.0,0.0
U_15103497,100.0,0.0,0.0,0.0
U_10385081,0.0,50.0,50.0,0.0
U_10210556,100.0,0.0,0.0,0.0
U_29678564,0.0,0.0,0.0,100.0
U_10462333,0.0,0.0,50.0,50.0
U_4370481,100.0,0.0,0.0,0.0
U_11141899,0.0,0.0,100.0,0.0
U_30192749,33.33333333333333,33.33333333333333,33.33333333333333,0.0
U_30697663,33.33333333333333,16.666666666666664,33.33333333333333,0.0
U_12407952,0.0,0.0,40.0,40.0
U_1993775,100.0,0.0,0.0,0.0
U_30784806,100.0,0.0,0.0,0.0
U_30625678,0.0,20.0,80.0,0.0
U_28743890,100.0,0.0,0.0,0.0
U_28454792,0.0,0.0,100.0,0.0
U_30693574,71.42857142857143,10.204081632653061,14.285714285714285,0.0
U_28438959,100.0,0.0,0.0,0.0
U_18517350,100.0,0.0,0.0,0.0
U_15492863,100.0,0.0,0.0,0.0
U_29952754,10.81081081081081,0.0,32.432432432432435,32.432432432432435
U_11073651,0.0,0.0,0.0,66.66666666666666
U_13255546,60.3448275862069,18.96551724137931,20.689655172413794,0.0
U_14446136,0.0,33.33333333333333,0.0,66.66666666666666
U_30463842,0.0,0.0,25.0,75.0
U_14247293,0.0,0.0,100.0,0.0
U_3275736,33.33333333333333,33.33333333333333,33.33333333333333,0.0
U_3090445,100.0,0.0,0.0,0.0
U_30707061,100.0,0.0,0.0,0.0
U_11002776,100.0,0.0,0.0,0.0
U_17668992,80.0,20.0,0.0,0.0
U_30779490,0.0,100.0,0.0,0.0
U_29975041,100.0,0.0,0.0,0.0
U_19156030,0.0,0.0,50.0,16.666666666666664
U_8416993,50.0,50.0,0.0,0.0
U_30352376,0.0,0.0,0.0,0.0
U_8112106,0.0,0.0,100.0,0.0
U_14348702,100.0,0.0,0.0,0.0
U_12988072,0.0,0.0,0.0,100.0
U_30569467,11.11111111111111,0.0,33.33333333333333,33.33333333333333
U_8299434,0.0,0.0,25.0,0.0
U_20585330,12.5,12.5,68.75,6.25
U_30808849,33.33333333333333,33.33333333333333,33.33333333333333,0.0
U_28679373,100.0,0.0,0.0,0.0
U_11049347,28.57142857142857,14.285714285714285,57.14285714285714,0.0
U_26594866,100.0,0.0,0.0,0.0
U_15413360,100.0,0.0,0.0,0.0
U_30704855,0.0,0.0,100.0,0.0
U_7579126,100.0,0.0,0.0,0.0
U_24644599,0.0,0.0,50.0,50.0
U_20247271,60.0,0.0,30.0,10.0
U_12462155,100.0,0.0,0.0,0.0
U_29861058,66.66666666666666,33.33333333333333,0.0,0.0
U_30743093,0.0,0.0,100.0,0.0
U_22761014,42.857142857142854,0.0,14.285714285714285,0.0
U_4439581,50.0,25.0,0.0,0.0
U_769785,50.0,0.0,0.0,50.0
U_14648202,50.0,0.0,50.0,0.0
U_30117412,100.0,0.0,0.0,0.0
U_16136663,75.0,25.0,0.0,0.0
U_27519119,100.0,0.0,0.0,0.0
U_16685964,100.0,0.0,0.0,0.0
U_22560829,100.0,0.0,0.0,0.0
U_30046451,50.0,0.0,50.0,0.0
U_14543080,100.0,0.0,0.0,0.0
U_30718182,0.0,0.0,100.0,0.0
U_30813444,85.71428571428571,0.0,14.285714285714285,0.0
U_30807660,0.0,0.0,100.0,0.0
U_3999852,0.0,0.0,0.0,100.0
U_7622580,100.0,0.0,0.0,0.0
U_27385117,0.0,0.0,50.0,0.0
U_17123771,100.0,0.0,0.0,0.0
U_30816738,100.0,0.0,0.0,0.0
U_15143227,0.0,0.0,50.0,50.0
U_5149683,0.0,0.0,0.0,100.0
U_11335440,100.0,0.0,0.0,0.0
U_26634587,0.0,50.0,50.0,0.0
U_5444849,0.0,50.0,50.0,0.0
U_14203978,100.0,0.0,0.0,0.0
U_12432948,100.0,0.0,0.0,0.0
U_10904357,100.0,0.0,0.0,0.0
U_29933321,0.0,0.0,100.0,0.0
U_27755972,0.0,0.0,100.0,0.0
U_28130565,85.71428571428571,14.285714285714285,0.0,0.0
U_11493006,0.0,0.0,0.0,100.0
U_22759282,100.0,0.0,0.0,0.0
U_29582142,0.0,0.0,0.0,100.0
U_30692921,25.0,0.0,0.0,0.0
U_14284563,100.0,0.0,0.0,0.0
U_30695303,10.0,0.0,65.0,20.0
U_15285652,0.0,0.0,0.0,50.0
U_11480270,0.0,0.0,0.0,100.0
U_22771219,0.0,0.0,100.0,0.0
U_12416621,0.0,0.0,100.0,0.0
U_15208797,100.0,0.0,0.0,0.0
U_15303551,0.0,66.66666666666666,0.0,33.33333333333333
U_30820222,100.0,0.0,0.0,0.0
U_8669538,0.0,0.0,100.0,0.0
U_30821455,0.0,0.0,0.0,0.0
U_30791854,0.0,0.0,100.0,0.0
U_2123861,0.0,0.0,100.0,0.0
U_12661361,50.0,0.0,50.0,0.0
U_30581201,100.0,0.0,0.0,0.0
U_5202611,50.0,0.0,50.0,0.0
U_11600238,0.0,0.0,100.0,0.0
U_27395731,33.33333333333333,33.33333333333333,0.0,0.0
U_30546298,100.0,0.0,0.0,0.0
U_13415535,100.0,0.0,0.0,0.0
U_7440676,100.0,0.0,0.0,0.0
U_6231188,0.0,0.0,0.0,0.0
U_20319013,0.0,0.0,100.0,0.0
U_26655353,0.0,0.0,100.0,0.0
U_14962710,45.45454545454545,40.909090909090914,13.636363636363635,0.0
U_26742319,100.0,0.0,0.0,0.0
U_29175327,0.0,0.0,0.0,100.0
U_30829666,100.0,0.0,0.0,0.0
U_28425720,14.285714285714285,0.0,71.42857142857143,0.0
U_11705566,100.0,0.0,0.0,0.0
U_30829361,100.0,0.0,0.0,0.0
U_14750167,100.0,0.0,0.0,0.0
U_30444395,78.57142857142857,21.428571428571427,0.0,0.0
U_10195035,0.0,0.0,40.0,60.0
U_9927939,33.33333333333333,16.666666666666664,50.0,0.0
U_23797364,50.0,50.0,0.0,0.0
U_25922311,0.0,0.0,0.0,100.0
U_30737110,0.0,0.0,100.0,0.0
U_30831575,100.0,0.0,0.0,0.0
U_29717074,57.57575757575758,9.090909090909092,33.33333333333333,0.0
U_2377661,0.0,100.0,0.0,0.0
U_30833682,83.33333333333334,16.666666666666664,0.0,0.0
U_12217905,100.0,0.0,0.0,0.0
U_30834234,100.0,0.0,0.0,0.0
U_30825485,66.66666666666666,33.33333333333333,0.0,0.0
U_10843059,75.0,25.0,0.0,0.0
U_30092695,0.0,0.0,100.0,0.0
U_27023419,0.0,0.0,0.0,0.0
U_30834681,45.45454545454545,36.36363636363637,9.090909090909092,0.0
U_30832157,0.0,0.0,100.0,0.0
U_29851814,0.0,100.0,0.0,0.0
U_30824223,100.0,0.0,0.0,0.0
U_28917412,0.0,50.0,50.0,0.0
U_2238383,0.0,0.0,83.33333333333334,16.666666666666664
U_15148833,50.0,0.0,0.0,50.0
U_30820054,0.0,0.0,66.66666666666666,33.33333333333333
U_30836337,100.0,0.0,0.0,0.0
U_12661465,100.0,0.0,0.0,0.0
U_15215657,0.0,100.0,0.0,0.0
U_14524495,100.0,0.0,0.0,0.0
U_8877925,0.0,0.0,0.0,0.0
U_30835959,81.57894736842105,15.789473684210526,2.631578947368421,0.0
U_590110,0.0,50.0,50.0,0.0
U_30436614,0.0,0.0,0.0,100.0
U_30838264,100.0,0.0,0.0,0.0
U_13420531,85.71428571428571,14.285714285714285,0.0,0.0
U_14449505,0.0,0.0,66.66666666666666,33.33333333333333
U_24664624,0.0,0.0,85.71428571428571,14.285714285714285
U_5058653,100.0,0.0,0.0,0.0
U_7180044,0.0,0.0,85.71428571428571,14.285714285714285
U_9629046,100.0,0.0,0.0,0.0
U_23534652,0.0,8.333333333333332,66.66666666666666,25.0
U_9004448,100.0,0.0,0.0,0.0
U_11526771,0.0,0.0,100.0,0.0
U_28557938,100.0,0.0,0.0,0.0
U_30833197,30.434782608695656,0.0,17.391304347826086,47.82608695652174
U_28791916,0.0,100.0,0.0,0.0
U_13719047,100.0,0.0,0.0,0.0
U_30840825,100.0,0.0,0.0,0.0
U_9256347,100.0,0.0,0.0,0.0
U_3631479,0.0,0.0,100.0,0.0
U_30592399,66.66666666666666,33.33333333333333,0.0,0.0
U_2354897,50.0,45.83333333333333,4.166666666666666,0.0
U_30571520,100.0,0.0,0.0,0.0
U_14934610,88.88888888888889,0.0,11.11111111111111,0.0
U_4613494,100.0,0.0,0.0,0.0
U_7168522,100.0,0.0,0.0,0.0
U_14688004,0.0,0.0,100.0,0.0
U_13108055,100.0,0.0,0.0,0.0
U_5247420,0.0,0.0,100.0,0.0
U_14950445,0.0,0.0,100.0,0.0
U_25301,0.0,0.0,0.0,100.0
U_7457848,0.0,33.33333333333333,66.66666666666666,0.0
U_15545378,50.0,0.0,50.0,0.0
U_7827824,75.0,25.0,0.0,0.0
U_18297520,45.83333333333333,41.66666666666667,12.5,0.0
U_30603883,0.0,25.0,75.0,0.0
U_19165633,42.857142857142854,14.285714285714285,42.857142857142854,0.0
U_476224,100.0,0.0,0.0,0.0
U_13907619,0.0,0.0,0.0,100.0
U_30827088,0.0,0.0,0.0,0.0
U_30847286,97.26027397260275,1.36986301369863,1.36986301369863,0.0
U_20841533,0.0,0.0,100.0,0.0
U_19874465,0.0,0.0,0.0,0.0
U_30793494,0.0,0.0,50.0,25.0
U_12589664,66.66666666666666,33.33333333333333,0.0,0.0
U_30642462,97.72727272727273,2.272727272727273,0.0,0.0
U_30847871,100.0,0.0,0.0,0.0
U_30848366,100.0,0.0,0.0,0.0
U_22867675,100.0,0.0,0.0,0.0
U_19330538,0.0,0.0,100.0,0.0
U_12546922,0.0,0.0,25.0,0.0
U_15279678,100.0,0.0,0.0,0.0
U_13374181,47.368421052631575,42.10526315789473,10.526315789473683,0.0
U_30825453,100.0,0.0,0.0,0.0
U_16562504,100.0,0.0,0.0,0.0
U_22810677,0.0,0.0,100.0,0.0
U_22828983,0.0,50.0,50.0,0.0
U_15262548,14.285714285714285,14.285714285714285,71.42857142857143,0.0
U_27740957,0.0,100.0,0.0,0.0
U_13575006,0.0,0.0,100.0,0.0
U_22882190,14.285714285714285,14.285714285714285,71.42857142857143,0.0
U_4342138,0.0,100.0,0.0,0.0
U_13500767,100.0,0.0,0.0,0.0
U_25003714,0.0,18.75,56.25,25.0
U_14415568,66.66666666666666,33.33333333333333,0.0,0.0
U_11498646,100.0,0.0,0.0,0.0
U_15455261,0.0,0.0,0.0,100.0
U_12589708,0.0,0.0,100.0,0.0
U_30849956,50.0,25.0,25.0,0.0
U_23433651,100.0,0.0,0.0,0.0
U_13747867,0.0,0.0,0.0,100.0
U_4325158,100.0,0.0,0.0,0.0
U_11826163,100.0,0.0,0.0,0.0
U_30837507,100.0,0.0,0.0,0.0
U_23569316,50.0,0.0,0.0,0.0
U_30853537,100.0,0.0,0.0,0.0
U_19159901,33.33333333333333,33.33333333333333,16.666666666666664,16.666666666666664
U_15174009,0.0,0.0,50.0,50.0
U_12590890,100.0,0.0,0.0,0.0
U_30738791,0.0,100.0,0.0,0.0
U_30855193,71.42857142857143,14.285714285714285,14.285714285714285,0.0
U_29015826,100.0,0.0,0.0,0.0
U_15120794,100.0,0.0,0.0,0.0
U_29166174,0.0,0.0,50.0,50.0
U_30843681,12.5,0.0,37.5,12.5
U_12149000,0.0,0.0,100.0,0.0
U_642290,0.0,50.0,50.0,0.0
U_22146279,0.0,0.0,0.0,100.0
U_14141100,0.0,0.0,100.0,0.0
U_28871025,33.33333333333333,66.66666666666666,0.0,0.0
U_8975637,75.0,0.0,0.0,0.0
U_3433695,50.0,0.0,50.0,0.0
U_10933625,33.33333333333333,33.33333333333333,22.22222222222222,11.11111111111111
U_30881802,0.0,25.0,50.0,25.0
U_1224665,50.0,50.0,0.0,0.0
U_16033538,0.0,0.0,25.0,75.0
U_30883683,100.0,0.0,0.0,0.0
U_12984901,50.0,25.0,25.0,0.0
U_13560615,75.0,12.5,12.5,0.0
U_29077680,100.0,0.0,0.0,0.0
U_4990263,0.0,0.0,100.0,0.0
U_8802547,0.0,0.0,25.0,75.0
U_30853606,66.66666666666666,33.33333333333333,0.0,0.0
U_2037228,0.0,100.0,0.0,0.0
U_29021687,0.0,0.0,100.0,0.0
U_14249795,100.0,0.0,0.0,0.0
U_15984770,100.0,0.0,0.0,0.0
U_10656048,0.0,0.0,100.0,0.0
U_30166405,33.33333333333333,0.0,0.0,66.66666666666666
U_23349924,66.66666666666666,0.0,33.33333333333333,0.0
U_1981607,100.0,0.0,0.0,0.0
U_1214075,85.71428571428571,14.285714285714285,0.0,0.0
U_81388,100.0,0.0,0.0,0.0
U_30837563,0.0,0.0,0.0,100.0
U_30885998,0.0,0.0,0.0,100.0
U_30813463,0.0,25.0,75.0,0.0
U_30853388,50.0,50.0,0.0,0.0
U_16352675,92.85714285714286,0.0,7.142857142857142,0.0
U_30837770,100.0,0.0,0.0,0.0
U_12988169,0.0,0.0,100.0,0.0
U_30855251,100.0,0.0,0.0,0.0
U_29788357,83.33333333333334,0.0,16.666666666666664,0.0
U_12442691,86.66666666666667,6.666666666666667,6.666666666666667,0.0
U_28147710,100.0,0.0,0.0,0.0
U_5779123,0.0,100.0,0.0,0.0
U_13558299,100.0,0.0,0.0,0.0
U_30882827,0.0,0.0,100.0,0.0
U_7707451,85.71428571428571,0.0,14.285714285714285,0.0
U_8751256,100.0,0.0,0.0,0.0
U_29950490,0.0,18.181818181818183,18.181818181818183,0.0
U_12569211,0.0,0.0,100.0,0.0
U_10497633,0.0,0.0,100.0,0.0
U_30819255,100.0,0.0,0.0,0.0
U_13924658,0.0,0.0,0.0,100.0
U_30845010,66.66666666666666,0.0,33.33333333333333,0.0
U_2155558,100.0,0.0,0.0,0.0
U_11805150,71.42857142857143,14.285714285714285,14.285714285714285,0.0
U_22246969,25.0,0.0,0.0,75.0
U_30887694,100.0,0.0,0.0,0.0
U_28690449,60.0,0.0,40.0,0.0
U_30892745,100.0,0.0,0.0,0.0
U_28487101,100.0,0.0,0.0,0.0
U_29899304,33.33333333333333,66.66666666666666,0.0,0.0
U_30893535,100.0,0.0,0.0,0.0
U_30837994,7.142857142857142,32.142857142857146,39.285714285714285,21.428571428571427
U_12073473,0.0,0.0,28.000000000000004,0.0
U_15273515,100.0,0.0,0.0,0.0
U_6515468,20.0,80.0,0.0,0.0
U_10491369,100.0,0.0,0.0,0.0
U_30891944,0.0,0.0,0.0,0.0
U_30891511,100.0,0.0,0.0,0.0
U_1912675,45.45454545454545,9.090909090909092,45.45454545454545,0.0
U_30818548,50.0,0.0,0.0,50.0
U_30881612,0.0,0.0,100.0,0.0
U_12349630,0.0,0.0,100.0,0.0
U_172490,100.0,0.0,0.0,0.0
U_28678566,0.0,0.0,100.0,0.0
U_19288350,100.0,0.0,0.0,0.0
U_30894439,100.0,0.0,0.0,0.0
U_10491333,0.0,4.166666666666666,29.166666666666668,66.66666666666666
U_17166310,66.66666666666666,0.0,33.33333333333333,0.0
U_14930933,80.0,0.0,20.0,0.0
U_15988585,100.0,0.0,0.0,0.0
U_15771791,0.0,0.0,100.0,0.0
U_30162462,0.0,0.0,100.0,0.0
U_9626069,0.0,100.0,0.0,0.0
U_30850040,60.0,0.0,40.0,0.0
U_5832630,0.0,0.0,100.0,0.0
U_14839710,100.0,0.0,0.0,0.0
U_15075359,100.0,0.0,0.0,0.0
U_30895534,12.742382271468145,1.3850415512465373,9.695290858725762,4.1551246537396125
U_30744742,20.0,0.0,60.0,0.0
U_11323990,100.0,0.0,0.0,0.0
U_20795195,0.0,66.66666666666666,0.0,33.33333333333333
U_3280614,0.0,50.0,50.0,0.0
U_13224128,50.0,0.0,0.0,25.0
U_2645686,60.0,20.0,20.0,0.0
U_917615,0.0,12.5,87.5,0.0
U_30896104,100.0,0.0,0.0,0.0
U_29277640,0.0,0.0,75.0,25.0
U_16102522,50.0,0.0,50.0,0.0
U_16589756,100.0,0.0,0.0,0.0
U_28654462,0.0,66.66666666666666,0.0,33.33333333333333
U_28893635,100.0,0.0,0.0,0.0
U_12664190,0.0,0.0,12.5,25.0
U_19116502,100.0,0.0,0.0,0.0
U_29715695,100.0,0.0,0.0,0.0
U_11032779,100.0,0.0,0.0,0.0
U_23824517,100.0,0.0,0.0,0.0
U_10590351,0.0,0.0,100.0,0.0
U_30688222,100.0,0.0,0.0,0.0
U_28464629,40.0,0.0,20.0,40.0
U_15199041,100.0,0.0,0.0,0.0
U_8068652,100.0,0.0,0.0,0.0
U_11344140,0.0,0.0,100.0,0.0
U_30856040,0.0,100.0,0.0,0.0
U_29324051,0.0,0.0,100.0,0.0
U_30403458,100.0,0.0,0.0,0.0
U_29599269,100.0,0.0,0.0,0.0
U_30899829,100.0,0.0,0.0,0.0
U_27959337,100.0,0.0,0.0,0.0
U_11286386,0.0,0.0,0.0,100.0
U_15352297,100.0,0.0,0.0,0.0
U_24665445,0.0,0.0,0.0,0.0
U_13085293,100.0,0.0,0.0,0.0
U_219962,0.0,0.0,100.0,0.0
U_13926260,72.72727272727273,0.0,27.27272727272727,0.0
U_7115534,50.0,0.0,50.0,0.0
U_30901240,100.0,0.0,0.0,0.0
U_30834434,0.0,0.0,83.33333333333334,16.666666666666664
U_4850214,0.0,33.33333333333333,66.66666666666666,0.0
U_30684743,100.0,0.0,0.0,0.0
U_30901837,100.0,0.0,0.0,0.0
U_23540376,16.666666666666664,0.0,66.66666666666666,0.0
U_12086449,100.0,0.0,0.0,0.0
U_12325541,100.0,0.0,0.0,0.0
U_19865811,0.0,100.0,0.0,0.0
U_8069143,0.0,47.05882352941176,41.17647058823529,5.88235294117647
U_26601069,0.0,0.0,0.0,100.0
U_13036546,0.0,0.0,96.25,2.5
U_30662574,0.0,0.0,100.0,0.0
U_16229814,42.857142857142854,14.285714285714285,14.285714285714285,14.285714285714285
U_18606861,100.0,0.0,0.0,0.0
U_12086842,50.0,0.0,50.0,0.0
U_30902651,100.0,0.0,0.0,0.0
U_3778799,20.0,60.0,20.0,0.0
U_28469348,0.0,52.38095238095239,47.61904761904761,0.0
U_30802709,100.0,0.0,0.0,0.0
U_28898952,0.0,0.0,100.0,0.0
U_2765555,100.0,0.0,0.0,0.0
U_3589340,50.0,7.142857142857142,42.857142857142854,0.0
U_397464,0.0,0.0,33.33333333333333,66.66666666666666
U_27364093,100.0,0.0,0.0,0.0
U_21051409,66.66666666666666,33.33333333333333,0.0,0.0
U_15421355,33.33333333333333,0.0,66.66666666666666,0.0
U_30903452,100.0,0.0,0.0,0.0
U_30278149,80.0,0.0,20.0,0.0
U_17582222,100.0,0.0,0.0,0.0
U_14030185,0.0,0.0,61.53846153846154,0.0
U_16411008,100.0,0.0,0.0,0.0
U_30887346,0.0,75.0,25.0,0.0
U_5832590,60.0,0.0,40.0,0.0
U_20837351,100.0,0.0,0.0,0.0
U_30444969,0.0,0.0,100.0,0.0
U_30819268,0.0,0.0,0.0,100.0
U_5813690,0.0,0.0,0.0,100.0
U_8314668,100.0,0.0,0.0,0.0
U_20228512,100.0,0.0,0.0,0.0
U_15086302,100.0,0.0,0.0,0.0
U_1164111,0.0,100.0,0.0,0.0
U_30836330,100.0,0.0,0.0,0.0
U_4479399,0.0,0.0,100.0,0.0
U_13731813,50.0,50.0,0.0,0.0
U_14217943,25.0,0.0,50.0,25.0
U_285475,0.0,0.0,0.0,100.0
U_22809638,0.0,0.0,100.0,0.0
U_12497459,50.0,16.666666666666664,33.33333333333333,0.0
U_23146088,94.11764705882352,0.0,5.88235294117647,0.0
U_4777126,66.66666666666666,0.0,33.33333333333333,0.0
U_30487593,100.0,0.0,0.0,0.0
U_30851796,100.0,0.0,0.0,0.0
U_19229504,100.0,0.0,0.0,0.0
U_28795053,100.0,0.0,0.0,0.0
U_26886606,75.0,25.0,0.0,0.0
U_12347262,45.45454545454545,9.090909090909092,27.27272727272727,0.0
U_11659661,100.0,0.0,0.0,0.0
U_29083640,100.0,0.0,0.0,0.0
U_16317593,100.0,0.0,0.0,0.0
U_30909670,50.0,0.0,50.0,0.0
U_16570027,25.0,0.0,75.0,0.0
U_12697389,100.0,0.0,0.0,0.0
U_30259997,50.0,0.0,50.0,0.0
U_8046611,100.0,0.0,0.0,0.0
U_27530871,100.0,0.0,0.0,0.0
U_13554029,85.71428571428571,0.0,14.285714285714285,0.0
U_17968170,100.0,0.0,0.0,0.0
U_2381891,100.0,0.0,0.0,0.0
U_30831165,100.0,0.0,0.0,0.0
U_30825195,100.0,0.0,0.0,0.0
U_30913161,100.0,0.0,0.0,0.0
U_15501054,41.66666666666667,0.0,50.0,8.333333333333332
U_15096018,75.0,12.5,0.0,12.5
U_29033237,100.0,0.0,0.0,0.0
U_28686524,0.0,6.666666666666667,33.33333333333333,0.0
U_25867125,0.0,14.285714285714285,14.285714285714285,14.285714285714285
U_29209093,100.0,0.0,0.0,0.0
U_12409366,50.0,0.0,50.0,0.0
U_13039321,0.0,0.0,100.0,0.0
U_14836248,100.0,0.0,0.0,0.0
U_13775182,33.33333333333333,0.0,0.0,66.66666666666666
U_25044466,80.0,20.0,0.0,0.0
U_13814221,100.0,0.0,0.0,0.0
U_24592839,100.0,0.0,0.0,0.0
U_15026319,16.666666666666664,0.0,16.666666666666664,66.66666666666666
U_30915367,84.61538461538461,0.0,7.6923076923076925,0.0
U_30885962,100.0,0.0,0.0,0.0
U_4539550,0.0,100.0,0.0,0.0
U_30915624,0.0,0.0,0.0,0.0
U_22772798,25.0,25.0,25.0,25.0
U_30604429,100.0,0.0,0.0,0.0
U_30895164,100.0,0.0,0.0,0.0
U_30916126,0.0,0.0,100.0,0.0
U_30393211,100.0,0.0,0.0,0.0
U_15263044,92.3076923076923,2.564102564102564,2.564102564102564,0.0
U_27862599,100.0,0.0,0.0,0.0
U_17707963,100.0,0.0,0.0,0.0
U_22381803,71.42857142857143,14.285714285714285,14.285714285714285,0.0
U_22821045,0.0,0.0,100.0,0.0
U_30913272,60.9375,0.78125,35.15625,1.5625
U_30771028,100.0,0.0,0.0,0.0
U_30909801,0.0,0.0,100.0,0.0
U_28744852,100.0,0.0,0.0,0.0
U_15855360,100.0,0.0,0.0,0.0
U_7082715,0.0,100.0,0.0,0.0
U_15383725,66.66666666666666,0.0,33.33333333333333,0.0
U_30902264,0.0,2.127659574468085,21.27659574468085,2.127659574468085
U_11535759,0.0,0.0,100.0,0.0
U_29511672,100.0,0.0,0.0,0.0
U_14764989,100.0,0.0,0.0,0.0
U_30684057,50.0,0.0,0.0,50.0
U_30918112,83.33333333333334,0.0,16.666666666666664,0.0
U_30909831,83.33333333333334,16.666666666666664,0.0,0.0
U_30895661,0.0,50.0,50.0,0.0
U_15421893,66.66666666666666,33.33333333333333,0.0,0.0
U_12971370,100.0,0.0,0.0,0.0
U_12936393,100.0,0.0,0.0,0.0
U_6298867,50.0,50.0,0.0,0.0
U_26428863,0.0,0.0,100.0,0.0
U_20637061,71.42857142857143,0.0,0.0,28.57142857142857
U_30901934,30.0,0.0,70.0,0.0
U_30914712,100.0,0.0,0.0,0.0
U_13379876,66.66666666666666,33.33333333333333,0.0,0.0
U_18559046,20.0,40.0,24.0,0.0
U_14648680,100.0,0.0,0.0,0.0
U_27371891,0.0,41.66666666666667,50.0,0.0
U_15140786,9.523809523809524,0.0,9.523809523809524,80.95238095238095
U_8878494,66.66666666666666,13.333333333333334,13.333333333333334,0.0
U_15170503,78.94736842105263,21.052631578947366,0.0,0.0
U_29173640,100.0,0.0,0.0,0.0
U_30924318,100.0,0.0,0.0,0.0
U_27373002,0.0,0.0,100.0,0.0
U_5832636,100.0,0.0,0.0,0.0
U_13324178,100.0,0.0,0.0,0.0
U_29336348,0.0,100.0,0.0,0.0
U_13159705,100.0,0.0,0.0,0.0
U_11858519,0.0,66.66666666666666,33.33333333333333,0.0
U_30924347,100.0,0.0,0.0,0.0
U_16892536,0.0,0.0,33.33333333333333,0.0
U_13800519,100.0,0.0,0.0,0.0
U_2575268,0.0,100.0,0.0,0.0
U_16881433,100.0,0.0,0.0,0.0
U_15147932,100.0,0.0,0.0,0.0
U_30926422,75.0,8.333333333333332,13.88888888888889,2.7777777777777777
U_30161003,0.0,0.0,100.0,0.0
U_30821766,100.0,0.0,0.0,0.0
U_29087318,100.0,0.0,0.0,0.0
U_2513377,0.0,0.0,42.857142857142854,0.0
U_30926245,100.0,0.0,0.0,0.0
U_16649154,100.0,0.0,0.0,0.0
U_10911735,100.0,0.0,0.0,0.0
U_11830588,50.0,0.0,50.0,0.0
U_16651963,89.74358974358975,7.6923076923076925,2.564102564102564,0.0
U_14028850,90.69767441860465,2.3255813953488373,6.976744186046512,0.0
U_9818074,75.0,12.5,12.5,0.0
U_16194344,100.0,0.0,0.0,0.0
U_14484143,42.857142857142854,14.285714285714285,42.857142857142854,0.0
U_29027990,84.44444444444444,6.666666666666667,4.444444444444445,2.2222222222222223
U_9003984,100.0,0.0,0.0,0.0
U_20841192,0.0,100.0,0.0,0.0
U_30928391,0.0,0.0,0.0,100.0
U_14202458,66.66666666666666,0.0,33.33333333333333,0.0
U_20237544,100.0,0.0,0.0,0.0
U_665625,68.18181818181817,22.727272727272727,0.0,9.090909090909092
U_30913649,0.0,0.0,66.66666666666666,33.33333333333333
U_4385634,100.0,0.0,0.0,0.0
U_30929307,0.0,0.0,100.0,0.0
U_27753148,100.0,0.0,0.0,0.0
U_12217911,100.0,0.0,0.0,0.0
U_30930089,100.0,0.0,0.0,0.0
U_30930152,100.0,0.0,0.0,0.0
U_30930224,0.0,75.0,25.0,0.0
U_30840841,60.0,20.0,20.0,0.0
U_30927255,100.0,0.0,0.0,0.0
U_16386846,50.0,16.666666666666664,16.666666666666664,0.0
U_30742251,100.0,0.0,0.0,0.0
U_29275217,66.66666666666666,33.33333333333333,0.0,0.0
U_15414150,100.0,0.0,0.0,0.0
U_30927547,100.0,0.0,0.0,0.0
U_15267582,100.0,0.0,0.0,0.0
U_13734251,100.0,0.0,0.0,0.0
U_7302600,100.0,0.0,0.0,0.0
U_30932312,100.0,0.0,0.0,0.0
U_11508296,100.0,0.0,0.0,0.0
U_30895637,100.0,0.0,0.0,0.0
U_21349215,0.0,33.33333333333333,66.66666666666666,0.0
U_29137308,40.0,0.0,60.0,0.0
U_525668,82.35294117647058,17.647058823529413,0.0,0.0
U_11414415,88.88888888888889,11.11111111111111,0.0,0.0
U_18664670,100.0,0.0,0.0,0.0
U_10986237,100.0,0.0,0.0,0.0
U_30928718,100.0,0.0,0.0,0.0
U_9817281,0.0,0.0,100.0,0.0
U_7871397,66.66666666666666,33.33333333333333,0.0,0.0
U_30932994,100.0,0.0,0.0,0.0
U_16736534,100.0,0.0,0.0,0.0
U_3486739,100.0,0.0,0.0,0.0
U_14793595,0.0,100.0,0.0,0.0
U_27861371,100.0,0.0,0.0,0.0
U_10409216,100.0,0.0,0.0,0.0
U_5472451,0.0,100.0,0.0,0.0
U_30933433,100.0,0.0,0.0,0.0
U_7049634,0.0,100.0,0.0,0.0
U_1308684,0.0,100.0,0.0,0.0
U_12611622,66.66666666666666,0.0,33.33333333333333,0.0
U_15347789,100.0,0.0,0.0,0.0
U_29652214,70.58823529411765,29.411764705882355,0.0,0.0
U_30925913,37.5,25.0,37.5,0.0
U_28670467,100.0,0.0,0.0,0.0
U_1064517,0.0,0.0,100.0,0.0
U_30933090,50.0,50.0,0.0,0.0
U_23559986,100.0,0.0,0.0,0.0
U_24649583,100.0,0.0,0.0,0.0
U_13490833,100.0,0.0,0.0,0.0
U_5146831,87.5,0.0,9.375,3.125
U_4438918,0.0,0.0,100.0,0.0
U_18600318,81.08108108108108,0.9009009009009009,12.162162162162163,0.9009009009009009
U_27888943,100.0,0.0,0.0,0.0
U_14926375,0.0,100.0,0.0,0.0
U_11400881,0.0,7.142857142857142,28.57142857142857,0.0
U_16543789,57.14285714285714,0.0,42.857142857142854,0.0
U_15315200,100.0,0.0,0.0,0.0
U_115338,0.0,0.0,50.0,25.0
U_12449467,0.0,0.0,100.0,0.0
U_16295869,66.66666666666666,0.0,33.33333333333333,0.0
U_1788460,25.0,25.0,50.0,0.0
U_2237824,64.28571428571429,28.57142857142857,7.142857142857142,0.0
U_13406588,100.0,0.0,0.0,0.0
U_30932188,100.0,0.0,0.0,0.0
U_15501712,100.0,0.0,0.0,0.0
U_30935621,100.0,0.0,0.0,0.0
U_30935662,100.0,0.0,0.0,0.0
U_22734656,16.666666666666664,0.0,50.0,33.33333333333333
U_16091013,71.42857142857143,14.285714285714285,0.0,14.285714285714285
U_30853225,0.0,0.0,0.0,100.0
U_19892505,100.0,0.0,0.0,0.0
U_29560459,100.0,0.0,0.0,0.0
U_27288159,0.0,0.0,100.0,0.0
U_4496856,100.0,0.0,0.0,0.0
U_16154741,100.0,0.0,0.0,0.0
U_16379558,100.0,0.0,0.0,0.0
U_30021611,100.0,0.0,0.0,0.0
U_30936053,0.0,50.0,50.0,0.0
U_30937002,100.0,0.0,0.0,0.0
U_15277729,100.0,0.0,0.0,0.0
U_30839461,0.0,0.0,50.0,50.0
U_161794,100.0,0.0,0.0,0.0
U_15813607,87.5,0.0,12.5,0.0
U_30895646,100.0,0.0,0.0,0.0
U_12476541,100.0,0.0,0.0,0.0
U_12188614,100.0,0.0,0.0,0.0
U_16407760,100.0,0.0,0.0,0.0
U_27203860,0.0,0.0,27.27272727272727,9.090909090909092
U_11364275,100.0,0.0,0.0,0.0
U_20266774,66.66666666666666,0.0,33.33333333333333,0.0
U_17628933,50.0,0.0,50.0,0.0
U_15537233,70.0,10.0,20.0,0.0
U_30938116,0.0,100.0,0.0,0.0
U_626828,0.0,10.0,80.0,0.0
U_7416227,90.9090909090909,0.0,9.090909090909092,0.0
U_3002671,66.66666666666666,0.0,0.0,33.33333333333333
U_29053102,0.0,25.0,0.0,25.0
U_30925208,100.0,0.0,0.0,0.0
U_29569236,100.0,0.0,0.0,0.0
U_26956252,100.0,0.0,0.0,0.0
U_1018333,100.0,0.0,0.0,0.0
U_16697753,33.33333333333333,0.0,66.66666666666666,0.0
U_14840765,100.0,0.0,0.0,0.0
U_30928879,100.0,0.0,0.0,0.0
U_30932314,0.0,100.0,0.0,0.0
U_30934674,0.0,55.55555555555556,44.44444444444444,0.0
U_29323902,100.0,0.0,0.0,0.0
U_29912621,100.0,0.0,0.0,0.0
U_13942836,100.0,0.0,0.0,0.0
U_30314335,0.0,0.0,100.0,0.0
U_14341895,0.0,100.0,0.0,0.0
U_23872142,91.30434782608695,8.695652173913043,0.0,0.0
U_12408453,0.0,0.0,0.0,33.33333333333333
U_38004,0.0,0.0,100.0,0.0
U_30938396,0.0,0.0,40.0,60.0
U_30940141,50.0,50.0,0.0,0.0
U_15323543,0.0,40.0,0.0,60.0
U_30785750,100.0,0.0,0.0,0.0
U_30328942,0.0,100.0,0.0,0.0
U_10953321,0.0,3.0303030303030303,39.39393939393939,39.39393939393939
U_30280590,100.0,0.0,0.0,0.0
U_930075,100.0,0.0,0.0,0.0
U_15368351,100.0,0.0,0.0,0.0
U_14094423,100.0,0.0,0.0,0.0
U_30777795,0.0,0.0,0.0,100.0
U_30939758,16.666666666666664,0.0,8.333333333333332,75.0
U_30939366,0.0,0.0,100.0,0.0
U_30635368,0.0,7.6923076923076925,38.46153846153847,53.84615384615385
U_1224668,25.0,75.0,0.0,0.0
U_17195432,50.0,33.33333333333333,16.666666666666664,0.0
U_30919838,33.33333333333333,33.33333333333333,33.33333333333333,0.0
U_30648137,100.0,0.0,0.0,0.0
U_1075528,0.0,100.0,0.0,0.0
U_30843190,85.71428571428571,14.285714285714285,0.0,0.0
U_10674310,100.0,0.0,0.0,0.0
U_7084482,100.0,0.0,0.0,0.0
U_16406205,100.0,0.0,0.0,0.0
U_30637239,88.88888888888889,0.0,11.11111111111111,0.0
U_3255467,0.0,0.0,100.0,0.0
U_14832541,100.0,0.0,0.0,0.0
U_13219603,100.0,0.0,0.0,0.0
U_30940068,50.0,0.0,25.0,0.0
U_30942750,75.0,0.0,25.0,0.0
U_30942315,76.47058823529412,0.0,23.52941176470588,0.0
U_11032733,100.0,0.0,0.0,0.0
U_15143442,66.66666666666666,16.666666666666664,16.666666666666664,0.0
U_30943067,46.15384615384615,15.384615384615385,23.076923076923077,7.6923076923076925
U_16835373,50.0,0.0,33.33333333333333,0.0
U_30942957,75.0,25.0,0.0,0.0
U_14544669,0.0,0.0,100.0,0.0
U_23976192,100.0,0.0,0.0,0.0
U_19545439,100.0,0.0,0.0,0.0
U_30943955,100.0,0.0,0.0,0.0
U_30376552,100.0,0.0,0.0,0.0
U_414072,50.0,50.0,0.0,0.0
U_30943980,50.0,33.33333333333333,0.0,0.0
U_29465455,4.444444444444445,2.2222222222222223,31.11111111111111,0.0
U_11961718,0.0,100.0,0.0,0.0
U_29996555,100.0,0.0,0.0,0.0
U_13375619,91.66666666666666,0.0,8.333333333333332,0.0
U_26983465,0.0,0.0,100.0,0.0
U_28134763,0.0,100.0,0.0,0.0
U_17169265,20.0,0.0,60.0,0.0
U_20884660,100.0,0.0,0.0,0.0
U_30944251,4.545454545454546,27.27272727272727,27.27272727272727,0.0
U_29433817,100.0,0.0,0.0,0.0
U_30944624,100.0,0.0,0.0,0.0
U_23248725,100.0,0.0,0.0,0.0
U_4538774,0.0,14.285714285714285,57.14285714285714,0.0
U_14632503,100.0,0.0,0.0,0.0
U_16638823,0.0,0.0,100.0,0.0
U_4424475,0.0,3.571428571428571,67.85714285714286,7.142857142857142
U_27711482,25.0,50.0,25.0,0.0
U_30943986,0.0,0.0,100.0,0.0
U_22273289,100.0,0.0,0.0,0.0
U_17578275,71.42857142857143,28.57142857142857,0.0,0.0
U_26096764,100.0,0.0,0.0,0.0
U_18493709,0.0,0.0,100.0,0.0
U_30930354,10.0,10.0,30.0,5.0
U_29992867,75.0,0.0,25.0,0.0
U_25250970,100.0,0.0,0.0,0.0
U_2892066,100.0,0.0,0.0,0.0
U_16756404,0.0,0.0,100.0,0.0
U_30834328,0.0,0.0,60.0,0.0
U_17651301,100.0,0.0,0.0,0.0
U_4685520,100.0,0.0,0.0,0.0
U_30605950,50.0,50.0,0.0,0.0
U_13393282,0.0,0.0,20.0,80.0
U_30940439,100.0,0.0,0.0,0.0
U_14071853,100.0,0.0,0.0,0.0
U_28165079,0.0,0.0,100.0,0.0
U_30941628,16.666666666666664,0.0,58.333333333333336,16.666666666666664
U_23374720,33.33333333333333,0.0,66.66666666666666,0.0
U_16159872,0.0,0.0,100.0,0.0
U_22852979,0.0,0.0,100.0,0.0
U_10487795,100.0,0.0,0.0,0.0
U_22331217,100.0,0.0,0.0,0.0
U_8959479,100.0,0.0,0.0,0.0
U_15402830,0.0,0.0,66.66666666666666,0.0
U_9615450,50.0,25.0,25.0,0.0
U_3486594,0.0,0.0,0.0,0.0
U_30946597,0.0,0.0,33.33333333333333,66.66666666666666
U_29753700,100.0,0.0,0.0,0.0
U_24140806,100.0,0.0,0.0,0.0
U_4357124,66.66666666666666,0.0,33.33333333333333,0.0
U_30881245,100.0,0.0,0.0,0.0
U_28449468,0.0,100.0,0.0,0.0
U_5885705,100.0,0.0,0.0,0.0
U_30941276,100.0,0.0,0.0,0.0
U_30949710,100.0,0.0,0.0,0.0
U_3402520,100.0,0.0,0.0,0.0
U_10785214,50.0,40.0,10.0,0.0
U_15140680,100.0,0.0,0.0,0.0
U_493541,100.0,0.0,0.0,0.0
U_30950398,16.666666666666664,0.0,83.33333333333334,0.0
U_30951159,0.0,0.0,0.0,100.0
U_11534873,9.090909090909092,0.0,0.0,90.9090909090909
U_30951093,83.33333333333334,16.666666666666664,0.0,0.0
U_30664329,100.0,0.0,0.0,0.0
U_2431352,0.0,100.0,0.0,0.0
U_11641370,100.0,0.0,0.0,0.0
U_28386457,66.66666666666666,33.33333333333333,0.0,0.0
U_30951590,100.0,0.0,0.0,0.0
U_19918532,0.0,50.0,50.0,0.0
U_259020,100.0,0.0,0.0,0.0
U_15390893,100.0,0.0,0.0,0.0
U_11641302,0.0,0.0,100.0,0.0
U_12518886,100.0,0.0,0.0,0.0
U_30954241,100.0,0.0,0.0,0.0
U_12952477,100.0,0.0,0.0,0.0
U_23412893,33.33333333333333,0.0,33.33333333333333,33.33333333333333
U_14353504,63.63636363636363,4.545454545454546,9.090909090909092,0.0
U_29702873,60.0,40.0,0.0,0.0
U_11374177,50.0,0.0,0.0,50.0
U_30951155,100.0,0.0,0.0,0.0
U_30953846,28.57142857142857,14.285714285714285,42.857142857142854,0.0
U_19868274,50.0,0.0,50.0,0.0
U_11888432,0.0,25.0,75.0,0.0
U_16558289,45.45454545454545,22.727272727272727,27.27272727272727,0.0
U_2017147,100.0,0.0,0.0,0.0
U_2879156,54.385964912280706,26.31578947368421,19.298245614035086,0.0
U_590141,0.0,0.0,0.0,100.0
U_30738135,100.0,0.0,0.0,0.0
U_30935804,18.867924528301888,7.547169811320755,60.37735849056604,0.0
U_30359978,0.0,0.0,0.0,100.0
U_29500288,55.55555555555556,22.22222222222222,22.22222222222222,0.0
U_13830957,100.0,0.0,0.0,0.0
U_344110,100.0,0.0,0.0,0.0
U_28437955,83.33333333333334,16.666666666666664,0.0,0.0
U_30782422,28.57142857142857,0.0,42.857142857142854,0.0
U_30891569,0.0,100.0,0.0,0.0
U_11053282,0.0,100.0,0.0,0.0
U_15738939,0.0,100.0,0.0,0.0
U_30929832,100.0,0.0,0.0,0.0
U_7696133,100.0,0.0,0.0,0.0
U_16296481,100.0,0.0,0.0,0.0
U_14910625,100.0,0.0,0.0,0.0
U_19315027,100.0,0.0,0.0,0.0
U_29080510,100.0,0.0,0.0,0.0
U_30956187,100.0,0.0,0.0,0.0
U_11557975,33.33333333333333,0.0,66.66666666666666,0.0
U_30935136,70.0,16.666666666666664,13.333333333333334,0.0
U_3459107,0.0,0.0,100.0,0.0
U_30956622,100.0,0.0,0.0,0.0
U_20231432,100.0,0.0,0.0,0.0
U_30954733,100.0,0.0,0.0,0.0
U_16049055,0.0,20.0,60.0,0.0
U_10323269,0.0,100.0,0.0,0.0
U_30963834,100.0,0.0,0.0,0.0
U_1286261,0.0,42.857142857142854,42.857142857142854,0.0
U_28394655,0.0,100.0,0.0,0.0
U_14688353,100.0,0.0,0.0,0.0
U_8615711,83.33333333333334,16.666666666666664,0.0,0.0
U_30945790,100.0,0.0,0.0,0.0
U_13417201,76.92307692307693,15.384615384615385,7.6923076923076925,0.0
U_30725447,85.71428571428571,14.285714285714285,0.0,0.0
U_23566474,100.0,0.0,0.0,0.0
U_30852238,100.0,0.0,0.0,0.0
U_17693405,0.0,66.66666666666666,33.33333333333333,0.0
U_10539605,0.0,100.0,0.0,0.0
U_28415654,100.0,0.0,0.0,0.0
U_30956440,100.0,0.0,0.0,0.0
U_4631361,33.33333333333333,16.666666666666664,50.0,0.0
U_30938912,20.0,0.0,80.0,0.0
U_30943261,100.0,0.0,0.0,0.0
U_30892991,100.0,0.0,0.0,0.0
U_12611627,80.0,0.0,20.0,0.0
U_27009065,0.0,100.0,0.0,0.0
U_30904007,100.0,0.0,0.0,0.0
U_10915980,100.0,0.0,0.0,0.0
U_13435114,100.0,0.0,0.0,0.0
U_12474811,0.0,0.0,5.0,0.0
U_30965289,100.0,0.0,0.0,0.0
U_3564857,100.0,0.0,0.0,0.0
U_1219008,0.0,100.0,0.0,0.0
U_13435775,80.0,20.0,0.0,0.0
U_30967021,71.42857142857143,0.0,28.57142857142857,0.0
U_6752831,100.0,0.0,0.0,0.0
U_27790929,100.0,0.0,0.0,0.0
U_11797878,100.0,0.0,0.0,0.0
U_30963705,100.0,0.0,0.0,0.0
U_30142661,0.0,0.0,100.0,0.0
U_10856674,100.0,0.0,0.0,0.0
U_30965948,72.72727272727273,18.181818181818183,9.090909090909092,0.0
U_30967861,56.25,12.5,21.875,9.375
U_27920060,100.0,0.0,0.0,0.0
U_30924406,0.0,100.0,0.0,0.0
U_30929781,50.0,0.0,50.0,0.0
U_13769109,100.0,0.0,0.0,0.0
U_27263787,0.0,50.0,0.0,50.0
U_30968787,100.0,0.0,0.0,0.0
U_3971746,100.0,0.0,0.0,0.0
U_1562984,25.0,75.0,0.0,0.0
U_29185753,100.0,0.0,0.0,0.0
U_30933333,0.0,0.0,100.0,0.0
U_30674486,100.0,0.0,0.0,0.0
U_30969507,100.0,0.0,0.0,0.0
U_30919338,40.0,20.0,20.0,0.0
U_25732514,100.0,0.0,0.0,0.0
U_12441052,100.0,0.0,0.0,0.0
U_30355090,100.0,0.0,0.0,0.0
U_13036226,0.0,0.0,100.0,0.0
U_23904383,30.434782608695656,13.043478260869565,43.47826086956522,8.695652173913043
U_30938499,0.0,100.0,0.0,0.0
U_28735645,100.0,0.0,0.0,0.0
U_14790240,100.0,0.0,0.0,0.0
U_9856482,85.71428571428571,0.0,0.0,0.0
U_15382737,100.0,0.0,0.0,0.0
U_30923381,100.0,0.0,0.0,0.0
U_12359464,100.0,0.0,0.0,0.0
U_7803871,0.0,0.0,100.0,0.0
U_30954043,100.0,0.0,0.0,0.0
U_1973693,0.0,20.0,50.0,20.0
U_3502262,33.33333333333333,0.0,66.66666666666666,0.0
U_749696,100.0,0.0,0.0,0.0
U_30845059,100.0,0.0,0.0,0.0
U_2039264,100.0,0.0,0.0,0.0
U_13035010,100.0,0.0,0.0,0.0
U_10906073,0.0,100.0,0.0,0.0
U_30662361,100.0,0.0,0.0,0.0
U_30972035,100.0,0.0,0.0,0.0
U_15003838,0.0,100.0,0.0,0.0
U_5435690,100.0,0.0,0.0,0.0
U_16931435,100.0,0.0,0.0,0.0
U_30576481,100.0,0.0,0.0,0.0
U_15502376,0.0,100.0,0.0,0.0
U_5854588,100.0,0.0,0.0,0.0
U_13032556,50.0,50.0,0.0,0.0
U_15503161,100.0,0.0,0.0,0.0
U_17163420,100.0,0.0,0.0,0.0
U_12724504,0.0,0.0,100.0,0.0
U_29159152,100.0,0.0,0.0,0.0
U_577998,14.285714285714285,14.285714285714285,42.857142857142854,28.57142857142857
U_30974907,100.0,0.0,0.0,0.0
U_8314603,100.0,0.0,0.0,0.0
U_11128728,0.0,0.0,0.0,100.0
U_13068996,100.0,0.0,0.0,0.0
U_10953149,94.11764705882352,2.941176470588235,2.941176470588235,0.0
U_16818655,54.54545454545454,0.0,45.45454545454545,0.0
U_29315117,100.0,0.0,0.0,0.0
U_30973558,13.636363636363635,4.545454545454546,50.0,31.818181818181817
U_28744465,50.0,25.0,25.0,0.0
U_29392942,0.0,100.0,0.0,0.0
U_29053743,100.0,0.0,0.0,0.0
U_30714908,100.0,0.0,0.0,0.0
U_9368063,100.0,0.0,0.0,0.0
U_30974890,100.0,0.0,0.0,0.0
U_30975793,83.33333333333334,16.666666666666664,0.0,0.0
U_30978483,100.0,0.0,0.0,0.0
U_15502732,40.0,0.0,20.0,40.0
U_20268527,67.56756756756756,10.81081081081081,16.216216216216218,2.7027027027027026
U_29768272,100.0,0.0,0.0,0.0
U_6002254,0.0,0.0,50.0,50.0
U_21720526,0.0,0.0,100.0,0.0
U_28503,100.0,0.0,0.0,0.0
U_16399199,100.0,0.0,0.0,0.0
U_1901620,100.0,0.0,0.0,0.0
U_30979084,71.42857142857143,14.285714285714285,0.0,0.0
U_30948802,14.285714285714285,0.0,71.42857142857143,14.285714285714285
U_7345673,50.0,0.0,0.0,50.0
U_28879919,0.0,0.0,57.14285714285714,42.857142857142854
U_29483788,100.0,0.0,0.0,0.0
U_16105455,6.25,5.0,83.75,2.5
U_25940716,0.0,100.0,0.0,0.0
U_13852340,100.0,0.0,0.0,0.0
U_30981538,8.695652173913043,39.130434782608695,17.391304347826086,4.3478260869565215
U_17837976,100.0,0.0,0.0,0.0
U_13887087,25.0,75.0,0.0,0.0
U_3699561,33.33333333333333,66.66666666666666,0.0,0.0
U_30843323,33.33333333333333,66.66666666666666,0.0,0.0
U_16243300,100.0,0.0,0.0,0.0
U_30982499,100.0,0.0,0.0,0.0
U_16150501,96.0,0.0,4.0,0.0
U_15307447,100.0,0.0,0.0,0.0
U_30982791,100.0,0.0,0.0,0.0
U_22108387,100.0,0.0,0.0,0.0
U_7220176,100.0,0.0,0.0,0.0
U_27254801,100.0,0.0,0.0,0.0
U_11486431,0.0,20.0,40.0,0.0
U_6174838,21.052631578947366,36.84210526315789,36.84210526315789,0.0
U_6174720,100.0,0.0,0.0,0.0
U_14769265,0.0,0.0,100.0,0.0
U_30804352,100.0,0.0,0.0,0.0
U_11354914,0.0,0.0,100.0,0.0
U_4452636,0.0,33.33333333333333,33.33333333333333,33.33333333333333
U_30455812,83.33333333333334,0.0,16.666666666666664,0.0
U_30936842,100.0,0.0,0.0,0.0
U_30984397,100.0,0.0,0.0,0.0
U_15504771,0.0,50.0,50.0,0.0
U_26999909,100.0,0.0,0.0,0.0
U_30975607,0.0,0.0,100.0,0.0
U_54,0.0,50.0,50.0,0.0
U_17225086,0.0,0.0,0.0,0.0
U_30983608,33.33333333333333,0.0,66.66666666666666,0.0
U_24140676,17.391304347826086,43.47826086956522,26.08695652173913,8.695652173913043
U_16893240,37.5,0.0,50.0,0.0
U_5746551,0.0,0.0,100.0,0.0
U_30616340,0.0,0.0,100.0,0.0
U_11713560,10.0,40.0,50.0,0.0
U_15413379,66.66666666666666,0.0,33.33333333333333,0.0
U_15817043,0.0,0.0,100.0,0.0
U_30810861,0.0,0.0,100.0,0.0
U_30928133,16.666666666666664,0.0,83.33333333333334,0.0
U_3197977,0.0,0.0,100.0,0.0
U_17118179,0.0,0.0,61.53846153846154,37.94871794871795
U_30276001,100.0,0.0,0.0,0.0
U_7203998,0.0,0.37914691943127965,98.48341232227487,1.1374407582938388
U_30743538,0.0,9.090909090909092,90.9090909090909,0.0
U_25243812,100.0,0.0,0.0,0.0
U_30901010,100.0,0.0,0.0,0.0
U_7417263,100.0,0.0,0.0,0.0
U_20571076,100.0,0.0,0.0,0.0
U_7135077,75.0,25.0,0.0,0.0
U_5578284,100.0,0.0,0.0,0.0
U_3044601,0.0,0.0,0.0,100.0
U_22115695,25.0,25.0,50.0,0.0
U_14081728,66.66666666666666,0.0,33.33333333333333,0.0
U_22812570,0.0,0.0,18.181818181818183,77.27272727272727
U_17172139,0.0,0.0,100.0,0.0
U_6999278,66.66666666666666,16.666666666666664,16.666666666666664,0.0
U_19821762,100.0,0.0,0.0,0.0
U_28107632,0.0,0.0,100.0,0.0
U_30926681,100.0,0.0,0.0,0.0
U_29166522,100.0,0.0,0.0,0.0
U_16620220,100.0,0.0,0.0,0.0
U_30979873,100.0,0.0,0.0,0.0
U_4336929,88.88888888888889,0.0,11.11111111111111,0.0
U_27903668,71.42857142857143,0.0,28.57142857142857,0.0
U_12345860,25.0,0.0,75.0,0.0
U_29430167,0.0,100.0,0.0,0.0
U_17589350,37.5,12.5,50.0,0.0
U_22804744,0.0,0.0,25.0,0.0
U_30924308,100.0,0.0,0.0,0.0
U_14428273,0.0,0.0,100.0,0.0
U_797965,0.0,0.0,60.0,0.0
U_30540428,0.0,16.666666666666664,83.33333333333334,0.0
U_11425459,100.0,0.0,0.0,0.0
U_28937537,100.0,0.0,0.0,0.0
U_30985017,40.0,0.0,60.0,0.0
U_15344080,0.0,0.0,100.0,0.0
U_15494630,0.6423982869379015,0.0,52.24839400428265,0.21413276231263384
U_8588989,100.0,0.0,0.0,0.0
U_19892937,100.0,0.0,0.0,0.0
U_30986199,0.0,0.0,100.0,0.0
U_15833165,100.0,0.0,0.0,0.0
U_28937645,0.0,100.0,0.0,0.0
U_5770529,80.0,0.0,20.0,0.0
U_15456225,25.0,0.0,75.0,0.0
U_30025050,100.0,0.0,0.0,0.0
U_30972284,0.0,100.0,0.0,0.0
U_29592514,83.33333333333334,0.0,16.666666666666664,0.0
U_28110526,100.0,0.0,0.0,0.0
U_4336843,100.0,0.0,0.0,0.0
U_25769388,0.0,0.0,100.0,0.0
U_15994257,0.0,0.0,0.0,100.0
U_15401311,80.0,20.0,0.0,0.0
U_28770617,50.0,50.0,0.0,0.0
U_10653381,0.0,0.0,100.0,0.0
U_30632322,20.0,0.0,80.0,0.0
U_4533601,4.545454545454546,22.727272727272727,36.36363636363637,4.545454545454546
U_1135886,0.0,0.0,100.0,0.0
U_30685681,66.66666666666666,9.523809523809524,23.809523809523807,0.0
U_3703030,0.0,0.0,100.0,0.0
U_30785462,0.0,0.0,100.0,0.0
U_30930881,100.0,0.0,0.0,0.0
U_30892678,100.0,0.0,0.0,0.0
U_16482099,66.66666666666666,16.666666666666664,16.666666666666664,0.0
U_28969828,100.0,0.0,0.0,0.0
U_22893039,66.66666666666666,0.0,33.33333333333333,0.0
U_26353378,33.33333333333333,0.0,66.66666666666666,0.0
U_13768354,0.0,2.898550724637681,30.434782608695656,5.797101449275362
U_2919515,100.0,0.0,0.0,0.0
U_29889269,100.0,0.0,0.0,0.0
U_18008528,0.0,0.0,100.0,0.0
U_29990621,100.0,0.0,0.0,0.0
U_30953455,100.0,0.0,0.0,0.0
U_4985550,100.0,0.0,0.0,0.0
U_4449192,75.0,0.0,25.0,0.0
U_28160522,0.0,0.0,100.0,0.0
U_30822382,0.0,0.0,100.0,0.0
U_5437882,37.5,12.5,43.75,0.0
U_6397386,0.0,100.0,0.0,0.0
U_6103860,25.0,0.0,75.0,0.0
U_30987534,50.0,0.0,50.0,0.0
U_16475762,80.0,20.0,0.0,0.0
U_1978314,0.0,0.0,50.0,0.0
U_30988299,100.0,0.0,0.0,0.0
U_30681851,100.0,0.0,0.0,0.0
U_30967501,0.0,0.0,100.0,0.0
U_7471667,38.46153846153847,0.0,38.46153846153847,23.076923076923077
U_13655861,50.0,0.0,50.0,0.0
U_11833725,0.0,0.0,57.14285714285714,0.0
U_11902667,85.71428571428571,14.285714285714285,0.0,0.0
U_30156159,0.0,0.0,0.0,100.0
U_18159475,100.0,0.0,0.0,0.0
U_11544444,0.0,0.0,100.0,0.0
U_30948930,8.695652173913043,0.0,21.73913043478261,0.0
U_12162502,85.71428571428571,7.142857142857142,7.142857142857142,0.0
U_27522731,100.0,0.0,0.0,0.0
U_30929613,100.0,0.0,0.0,0.0
U_16706590,100.0,0.0,0.0,0.0
U_17449971,81.81818181818183,9.090909090909092,9.090909090909092,0.0
U_15174953,0.0,60.0,0.0,40.0
U_30986259,100.0,0.0,0.0,0.0
U_3747273,0.0,0.0,66.66666666666666,33.33333333333333
U_10880483,25.0,12.5,37.5,12.5
U_22712336,0.0,0.0,100.0,0.0
U_29350346,100.0,0.0,0.0,0.0
U_30359870,0.0,0.0,100.0,0.0
U_30941592,100.0,0.0,0.0,0.0
U_30893858,100.0,0.0,0.0,0.0
U_357422,0.0,0.0,100.0,0.0
U_13940338,93.33333333333333,6.666666666666667,0.0,0.0
U_30843902,28.57142857142857,0.0,71.42857142857143,0.0
U_27210171,0.0,0.0,50.0,0.0
U_29935916,100.0,0.0,0.0,0.0
U_22135118,50.0,0.0,50.0,0.0
U_30946748,100.0,0.0,0.0,0.0
U_30280947,100.0,0.0,0.0,0.0
U_30933454,25.0,0.0,75.0,0.0
U_30495726,0.0,12.5,37.5,0.0
U_29938985,0.0,0.0,100.0,0.0
U_30848702,25.0,0.0,25.0,50.0
U_12054264,58.333333333333336,16.666666666666664,25.0,0.0
U_12754289,11.11111111111111,66.66666666666666,22.22222222222222,0.0
U_14280633,0.0,9.523809523809524,52.38095238095239,9.523809523809524
U_30287168,100.0,0.0,0.0,0.0
U_30355085,23.076923076923077,20.51282051282051,48.717948717948715,0.0
U_30977617,100.0,0.0,0.0,0.0
U_30979541,66.66666666666666,0.0,0.0,33.33333333333333
U_9088511,0.0,28.767123287671232,65.75342465753424,2.73972602739726
U_28335647,100.0,0.0,0.0,0.0
U_30911111,0.0,0.0,100.0,0.0
U_30660687,0.0,0.0,100.0,0.0
U_27235973,0.0,0.0,100.0,0.0
U_11452678,100.0,0.0,0.0,0.0
U_28447184,50.0,50.0,0.0,0.0
U_8176112,94.25287356321839,0.0,5.747126436781609,0.0
U_30350283,0.0,20.0,40.0,0.0
U_12976476,0.0,0.0,0.0,100.0
U_16049487,60.0,0.0,40.0,0.0
U_389662,100.0,0.0,0.0,0.0
U_19531178,0.0,0.0,0.0,100.0
U_30493311,50.0,0.0,50.0,0.0
U_30837114,100.0,0.0,0.0,0.0
U_28369079,100.0,0.0,0.0,0.0
U_30642646,0.0,0.0,0.0,100.0
U_13241372,0.0,0.0,50.0,50.0
U_13616983,50.0,50.0,0.0,0.0
U_30855926,0.0,0.0,100.0,0.0
U_13373011,100.0,0.0,0.0,0.0
U_25717366,100.0,0.0,0.0,0.0
U_16415564,66.66666666666666,33.33333333333333,0.0,0.0
U_29958297,0.0,12.0,68.0,20.0
U_4248615,0.0,50.0,25.0,25.0
U_3997036,0.0,100.0,0.0,0.0
U_15909503,66.66666666666666,11.11111111111111,22.22222222222222,0.0
U_16126564,0.0,0.0,100.0,0.0
U_11251341,0.0,0.0,100.0,0.0
U_30975576,100.0,0.0,0.0,0.0
U_14638412,0.0,0.0,100.0,0.0
U_6111051,0.0,0.0,100.0,0.0
U_12461849,0.0,0.0,100.0,0.0
U_28566804,20.0,80.0,0.0,0.0
U_11411349,0.0,33.33333333333333,66.66666666666666,0.0
U_12133323,50.0,16.666666666666664,33.33333333333333,0.0
U_30976147,0.0,0.0,100.0,0.0
U_15507360,100.0,0.0,0.0,0.0
U_13127916,100.0,0.0,0.0,0.0
U_30968975,100.0,0.0,0.0,0.0
U_30991172,50.0,0.0,50.0,0.0
U_25313671,20.0,40.0,40.0,0.0
U_16076961,0.0,0.0,100.0,0.0
U_29083572,20.0,0.0,0.0,60.0
U_29747207,0.0,33.33333333333333,33.33333333333333,0.0
U_16050002,100.0,0.0,0.0,0.0
U_2060373,100.0,0.0,0.0,0.0
U_30302742,0.0,0.0,100.0,0.0
U_30930550,100.0,0.0,0.0,0.0
U_23621312,0.0,0.0,70.0,0.0
U_5131684,0.0,0.0,0.0,100.0
U_30938457,100.0,0.0,0.0,0.0
U_28357299,0.0,0.0,100.0,0.0
U_363040,100.0,0.0,0.0,0.0
U_29086236,100.0,0.0,0.0,0.0
U_13519252,0.0,0.0,22.22222222222222,77.77777777777779
U_12408739,0.0,0.0,100.0,0.0
U_28498780,0.0,0.0,0.0,0.0
U_30894536,100.0,0.0,0.0,0.0
U_364446,0.7518796992481203,0.0,97.74436090225564,0.0
U_12406446,20.0,0.0,20.0,0.0
U_15099659,100.0,0.0,0.0,0.0
U_8376109,100.0,0.0,0.0,0.0
U_17195515,100.0,0.0,0.0,0.0
U_5542151,15.0,25.0,50.0,0.0
U_3430648,0.0,0.0,100.0,0.0
U_20951891,100.0,0.0,0.0,0.0
U_7391391,0.0,28.57142857142857,57.14285714285714,14.285714285714285
U_9458969,0.0,0.0,100.0,0.0
U_30837960,90.0,10.0,0.0,0.0
U_18297318,100.0,0.0,0.0,0.0
U_30694644,95.0,0.0,5.0,0.0
U_18298613,100.0,0.0,0.0,0.0
U_30890374,12.5,0.0,87.5,0.0
U_8991425,100.0,0.0,0.0,0.0
U_11855465,33.33333333333333,16.666666666666664,50.0,0.0
U_12030662,33.33333333333333,16.666666666666664,0.0,0.0
U_30909735,100.0,0.0,0.0,0.0
U_28126197,36.36363636363637,0.0,27.27272727272727,18.181818181818183
U_30930962,100.0,0.0,0.0,0.0
U_12495561,0.0,100.0,0.0,0.0
U_30923981,0.0,0.0,94.11764705882352,5.88235294117647
U_30613986,0.0,0.0,100.0,0.0
U_15138100,21.21212121212121,6.0606060606060606,27.27272727272727,0.0
U_17196015,100.0,0.0,0.0,0.0
U_15289010,8.333333333333332,20.833333333333336,58.333333333333336,12.5
U_19183389,100.0,0.0,0.0,0.0
U_21064053,100.0,0.0,0.0,0.0
U_12634627,0.0,0.0,0.0,0.0
U_30929248,50.0,0.0,50.0,0.0
U_30974574,0.0,0.0,100.0,0.0
U_29617385,0.0,33.33333333333333,33.33333333333333,0.0
U_30992669,66.66666666666666,33.33333333333333,0.0,0.0
U_30927291,100.0,0.0,0.0,0.0
U_3767328,100.0,0.0,0.0,0.0
U_19247952,33.33333333333333,0.0,66.66666666666666,0.0
U_30993096,75.0,25.0,0.0,0.0
U_29020776,50.0,50.0,0.0,0.0
U_13758075,57.89473684210527,21.052631578947366,15.789473684210526,5.263157894736842
U_30938312,100.0,0.0,0.0,0.0
U_30992999,100.0,0.0,0.0,0.0
U_30915329,100.0,0.0,0.0,0.0
U_30940542,0.0,100.0,0.0,0.0
U_30993374,100.0,0.0,0.0,0.0
U_30895647,100.0,0.0,0.0,0.0
U_30888940,0.0,0.0,100.0,0.0
U_30955921,0.0,50.0,0.0,50.0
U_12942967,37.5,0.0,62.5,0.0
U_26602964,0.0,0.0,100.0,0.0
U_11833932,0.0,0.0,100.0,0.0
U_28121656,100.0,0.0,0.0,0.0
U_13327636,100.0,0.0,0.0,0.0
U_24696615,100.0,0.0,0.0,0.0
U_28863897,100.0,0.0,0.0,0.0
U_30940925,100.0,0.0,0.0,0.0
U_10323336,57.14285714285714,7.142857142857142,35.714285714285715,0.0
U_573415,0.0,0.0,100.0,0.0
U_30077958,0.0,0.0,100.0,0.0
U_30937173,100.0,0.0,0.0,0.0
U_30890242,100.0,0.0,0.0,0.0
U_30942477,100.0,0.0,0.0,0.0
U_18677901,0.0,0.0,100.0,0.0
U_13946967,0.0,0.0,100.0,0.0
U_12217818,0.0,33.33333333333333,33.33333333333333,0.0
U_30936924,100.0,0.0,0.0,0.0
U_29351375,0.0,100.0,0.0,0.0
U_19177128,100.0,0.0,0.0,0.0
U_27757301,100.0,0.0,0.0,0.0
U_30927234,100.0,0.0,0.0,0.0
U_30993700,100.0,0.0,0.0,0.0
U_16356739,0.0,0.0,100.0,0.0
U_15154964,0.0,75.0,25.0,0.0
U_16985513,100.0,0.0,0.0,0.0
U_30993821,25.0,0.0,75.0,0.0
U_12313221,0.0,28.57142857142857,50.0,21.428571428571427
U_13162607,100.0,0.0,0.0,0.0
U_30901149,0.0,0.0,100.0,0.0
U_30937788,100.0,0.0,0.0,0.0
U_16101330,100.0,0.0,0.0,0.0
U_30939670,100.0,0.0,0.0,0.0
U_23898813,55.55555555555556,0.0,44.44444444444444,0.0
U_12318771,0.0,0.0,100.0,0.0
U_30914494,62.5,0.0,37.5,0.0
U_30938962,100.0,0.0,0.0,0.0
U_30938161,100.0,0.0,0.0,0.0
U_19182433,33.33333333333333,0.0,66.66666666666666,0.0
U_30993574,0.0,100.0,0.0,0.0
U_30931603,100.0,0.0,0.0,0.0
U_30917052,100.0,0.0,0.0,0.0
U_30494373,80.0,0.0,20.0,0.0
U_15268085,83.33333333333334,0.0,16.666666666666664,0.0
U_14458840,0.0,100.0,0.0,0.0
U_29114837,66.66666666666666,0.0,33.33333333333333,0.0
U_2496529,100.0,0.0,0.0,0.0
U_17133343,33.33333333333333,66.66666666666666,0.0,0.0
U_3699329,100.0,0.0,0.0,0.0
U_3373247,66.66666666666666,33.33333333333333,0.0,0.0
U_29818004,0.0,0.0,83.33333333333334,0.0
U_14638246,0.0,0.0,100.0,0.0
U_30993984,0.0,0.0,100.0,0.0
U_30941002,0.0,0.0,100.0,0.0
U_30939975,0.0,0.0,100.0,0.0
U_30933732,100.0,0.0,0.0,0.0
U_22317123,0.0,0.0,53.84615384615385,46.15384615384615
U_30945893,100.0,0.0,0.0,0.0
U_30941543,0.0,0.0,100.0,0.0
U_30926798,100.0,0.0,0.0,0.0
U_13528354,57.14285714285714,0.0,28.57142857142857,0.0
U_15843932,21.428571428571427,14.285714285714285,42.857142857142854,0.0
U_12988583,0.0,0.0,100.0,0.0
U_30992569,100.0,0.0,0.0,0.0
U_15454481,100.0,0.0,0.0,0.0
U_19857299,100.0,0.0,0.0,0.0
U_30900448,0.0,0.0,77.77777777777779,22.22222222222222
U_30206636,100.0,0.0,0.0,0.0
U_2109392,100.0,0.0,0.0,0.0
U_18540668,0.0,0.0,100.0,0.0
U_28184687,40.0,20.0,36.0,0.0
U_30911748,100.0,0.0,0.0,0.0
U_43529,100.0,0.0,0.0,0.0
U_30908845,0.0,100.0,0.0,0.0
U_1915104,40.0,20.0,20.0,20.0
U_2320980,100.0,0.0,0.0,0.0
U_16209816,100.0,0.0,0.0,0.0
U_30987906,0.0,0.0,100.0,0.0
U_30979471,0.0,0.0,23.076923076923077,76.92307692307693
U_30887839,100.0,0.0,0.0,0.0
U_29511431,100.0,0.0,0.0,0.0
U_30285779,12.5,0.0,50.0,25.0
U_30137710,100.0,0.0,0.0,0.0
U_9048726,85.71428571428571,0.0,14.285714285714285,0.0
U_12947412,100.0,0.0,0.0,0.0
U_8111100,0.0,0.0,100.0,0.0
U_9530948,0.0,0.0,100.0,0.0
U_12021091,100.0,0.0,0.0,0.0
U_30994489,20.0,10.0,60.0,10.0
U_22839141,50.0,25.0,25.0,0.0
U_30659424,0.0,0.0,100.0,0.0
U_15050808,100.0,0.0,0.0,0.0
U_30347806,66.66666666666666,0.0,33.33333333333333,0.0
U_5133424,0.0,0.0,0.0,100.0
U_30991024,100.0,0.0,0.0,0.0
U_13822419,50.0,0.0,50.0,0.0
U_19154293,100.0,0.0,0.0,0.0
U_13553867,87.5,12.5,0.0,0.0
U_13691152,50.0,50.0,0.0,0.0
U_5583982,100.0,0.0,0.0,0.0
U_30993543,100.0,0.0,0.0,0.0
U_30822774,0.0,0.0,100.0,0.0
U_30993237,66.66666666666666,33.33333333333333,0.0,0.0
U_30934730,0.0,0.0,100.0,0.0
U_13159558,100.0,0.0,0.0,0.0
U_28926471,0.0,16.0,76.0,0.0
U_23407947,83.33333333333334,8.333333333333332,0.0,0.0
U_12214327,0.0,0.0,100.0,0.0
U_1035535,5.405405405405405,29.72972972972973,59.45945945945946,0.0
U_9965497,0.0,0.0,33.33333333333333,66.66666666666666
U_30779451,100.0,0.0,0.0,0.0
U_30926249,0.0,0.0,66.66666666666666,33.33333333333333
U_12023526,0.0,0.0,100.0,0.0
U_8663667,0.0,0.0,100.0,0.0
U_30984452,100.0,0.0,0.0,0.0
U_27430346,0.0,0.0,100.0,0.0
U_11092149,0.0,8.333333333333332,33.33333333333333,0.0
U_18437076,38.88888888888889,16.666666666666664,27.77777777777778,0.0
U_30986509,100.0,0.0,0.0,0.0
U_30670453,0.0,18.181818181818183,18.181818181818183,0.0
U_30685299,100.0,0.0,0.0,0.0
U_30995413,0.0,0.0,100.0,0.0
U_11988838,100.0,0.0,0.0,0.0
U_30717161,100.0,0.0,0.0,0.0
U_18392506,0.0,0.0,100.0,0.0
U_30918479,15.909090909090908,0.0,84.0909090909091,0.0
U_15425650,55.00000000000001,0.0,40.0,0.0
U_7813708,0.0,0.0,18.181818181818183,81.81818181818183
U_30995455,11.11111111111111,11.11111111111111,61.111111111111114,5.555555555555555
U_30956143,100.0,0.0,0.0,0.0
U_18290545,40.0,0.0,60.0,0.0
U_15383661,100.0,0.0,0.0,0.0
U_30966088,0.0,0.0,100.0,0.0
U_15101896,38.88888888888889,5.555555555555555,50.0,5.555555555555555
U_11483170,0.0,0.0,100.0,0.0
U_27862605,0.0,0.0,100.0,0.0
U_29621008,0.0,0.0,86.66666666666667,13.333333333333334
U_30940170,100.0,0.0,0.0,0.0
U_30890024,100.0,0.0,0.0,0.0
U_2574367,0.0,0.0,100.0,0.0
U_15499100,81.81818181818183,9.090909090909092,9.090909090909092,0.0
U_2233154,100.0,0.0,0.0,0.0
U_15422990,0.0,0.0,100.0,0.0
U_29785729,10.0,0.0,40.0,50.0
U_6523864,100.0,0.0,0.0,0.0
U_16371191,0.0,0.0,100.0,0.0
U_30995364,87.5,0.0,12.5,0.0
U_30926209,100.0,0.0,0.0,0.0
U_22813684,100.0,0.0,0.0,0.0
U_10385135,100.0,0.0,0.0,0.0
U_14185502,50.0,0.0,0.0,0.0
U_12980326,100.0,0.0,0.0,0.0
U_30932553,21.73913043478261,0.0,47.82608695652174,30.434782608695656
U_1765838,16.666666666666664,50.0,33.33333333333333,0.0
U_30940175,100.0,0.0,0.0,0.0
U_30893227,100.0,0.0,0.0,0.0
U_1833355,40.0,20.0,40.0,0.0
U_30992550,100.0,0.0,0.0,0.0
U_12661453,0.0,0.0,100.0,0.0
U_30984806,0.0,20.0,40.0,40.0
U_16241700,100.0,0.0,0.0,0.0
U_20808215,100.0,0.0,0.0,0.0
U_30995675,0.0,0.0,100.0,0.0
U_7008240,50.0,50.0,0.0,0.0
U_172303,100.0,0.0,0.0,0.0
U_30995863,58.82352941176471,23.52941176470588,17.647058823529413,0.0
U_28159721,0.0,0.0,50.0,0.0
U_15835782,80.0,0.0,20.0,0.0
U_1022584,100.0,0.0,0.0,0.0
U_16188182,66.66666666666666,0.0,0.0,33.33333333333333
U_30612413,100.0,0.0,0.0,0.0
U_30190112,0.0,0.0,100.0,0.0
U_29244164,93.22033898305084,0.0,6.779661016949152,0.0
U_30994740,0.0,11.11111111111111,55.55555555555556,33.33333333333333
U_28412287,0.0,50.0,50.0,0.0
U_30996460,100.0,0.0,0.0,0.0
U_27250778,100.0,0.0,0.0,0.0
U_30940780,100.0,0.0,0.0,0.0
U_16013264,62.5,12.5,25.0,0.0
U_3255455,100.0,0.0,0.0,0.0
U_30699523,100.0,0.0,0.0,0.0
U_30929605,49.01960784313725,39.21568627450981,9.803921568627452,0.0
U_29405554,0.0,75.0,25.0,0.0
U_3491224,0.0,0.0,100.0,0.0
U_30939878,100.0,0.0,0.0,0.0
U_22385031,40.0,0.0,20.0,0.0
U_30276011,100.0,0.0,0.0,0.0
U_31013313,0.0,0.0,66.66666666666666,0.0
U_41217,0.0,0.0,100.0,0.0
U_14042680,100.0,0.0,0.0,0.0
U_30847694,0.0,0.0,100.0,0.0
U_14253618,66.66666666666666,0.0,33.33333333333333,0.0
U_31013659,100.0,0.0,0.0,0.0
U_16936146,75.0,0.0,25.0,0.0
U_29204397,100.0,0.0,0.0,0.0
U_31013732,97.10144927536231,0.0,2.898550724637681,0.0
U_15014909,0.0,0.0,100.0,0.0
U_28894149,66.66666666666666,16.666666666666664,8.333333333333332,0.0
U_30986092,100.0,0.0,0.0,0.0
U_30078010,0.0,0.0,100.0,0.0
U_7115520,55.55555555555556,11.11111111111111,22.22222222222222,11.11111111111111
U_30939823,50.0,0.0,50.0,0.0
U_30494410,50.0,0.0,50.0,0.0
U_14963957,0.0,0.0,100.0,0.0
U_14499721,100.0,0.0,0.0,0.0
U_10537589,0.0,0.0,0.0,100.0
U_19308733,0.0,0.0,100.0,0.0
U_16373464,0.0,0.0,100.0,0.0
U_653141,100.0,0.0,0.0,0.0
U_18498074,50.0,10.0,40.0,0.0
U_30914133,100.0,0.0,0.0,0.0
U_22793275,33.33333333333333,0.0,66.66666666666666,0.0
U_5047127,30.0,50.0,10.0,10.0
U_30647323,100.0,0.0,0.0,0.0
U_11323988,0.0,100.0,0.0,0.0
U_12657215,6.25,25.0,25.0,31.25
U_22753234,33.33333333333333,0.0,66.66666666666666,0.0
U_5231948,100.0,0.0,0.0,0.0
U_4541312,0.0,0.0,75.0,25.0
U_30995299,100.0,0.0,0.0,0.0
U_13106664,36.36363636363637,4.545454545454546,59.09090909090909,0.0
U_20288525,100.0,0.0,0.0,0.0
U_28863222,75.0,25.0,0.0,0.0
U_30996008,100.0,0.0,0.0,0.0
U_30133040,100.0,0.0,0.0,0.0
U_455240,33.33333333333333,33.33333333333333,0.0,0.0
U_15534545,100.0,0.0,0.0,0.0
U_7517481,40.0,10.0,40.0,10.0
U_30201988,83.33333333333334,0.0,16.666666666666664,0.0
U_31014911,0.0,0.0,0.0,50.0
U_3486759,75.0,25.0,0.0,0.0
U_775784,0.0,0.0,100.0,0.0
U_1013654,0.0,0.0,100.0,0.0
U_3606829,0.0,0.0,100.0,0.0
U_26359651,100.0,0.0,0.0,0.0
U_16106900,100.0,0.0,0.0,0.0
U_4342673,100.0,0.0,0.0,0.0
U_31014937,37.5,0.0,62.5,0.0
U_30832046,100.0,0.0,0.0,0.0
U_10069480,0.0,0.0,100.0,0.0
U_5933436,100.0,0.0,0.0,0.0
U_30950307,100.0,0.0,0.0,0.0
U_29393452,17.647058823529413,35.294117647058826,23.52941176470588,0.0
U_30963830,33.33333333333333,50.0,16.666666666666664,0.0
U_15758808,44.44444444444444,22.22222222222222,22.22222222222222,0.0
U_6249965,0.0,0.0,100.0,0.0
U_29802674,50.0,0.0,50.0,0.0
U_12933707,50.0,0.0,0.0,50.0
U_1867550,100.0,0.0,0.0,0.0
U_30937477,0.0,100.0,0.0,0.0
U_31014459,0.0,0.0,50.0,50.0
U_30844272,0.0,0.0,100.0,0.0
U_4923058,0.0,0.0,100.0,0.0
U_13552954,100.0,0.0,0.0,0.0
U_25266536,0.0,100.0,0.0,0.0
U_5761575,37.5,25.0,25.0,12.5
U_15033555,0.0,37.5,62.5,0.0
U_29909703,100.0,0.0,0.0,0.0
U_30940434,100.0,0.0,0.0,0.0
U_30993208,100.0,0.0,0.0,0.0
U_30899187,100.0,0.0,0.0,0.0
U_11439116,0.0,0.0,100.0,0.0
U_29456961,100.0,0.0,0.0,0.0
U_30993459,0.0,33.33333333333333,33.33333333333333,0.0
U_30965424,0.0,0.0,50.0,0.0
U_4138335,0.0,16.666666666666664,16.666666666666664,0.0
U_27580050,50.0,0.0,50.0,0.0
U_14954198,50.0,0.0,33.33333333333333,16.666666666666664
U_30269847,100.0,0.0,0.0,0.0
U_30966950,0.0,0.0,100.0,0.0
U_2649684,33.33333333333333,0.0,66.66666666666666,0.0
U_28574205,22.22222222222222,22.22222222222222,55.55555555555556,0.0
U_14484528,100.0,0.0,0.0,0.0
U_13806872,100.0,0.0,0.0,0.0
U_28525386,100.0,0.0,0.0,0.0
U_28343433,100.0,0.0,0.0,0.0
U_30808431,100.0,0.0,0.0,0.0
U_14191734,0.0,0.0,100.0,0.0
U_22873565,0.0,0.0,100.0,0.0
U_4685015,100.0,0.0,0.0,0.0
U_18086879,57.14285714285714,0.0,42.857142857142854,0.0
U_808710,0.0,0.0,100.0,0.0
U_30974785,25.0,50.0,25.0,0.0
U_344985,66.66666666666666,33.33333333333333,0.0,0.0
U_30196670,66.66666666666666,33.33333333333333,0.0,0.0
U_30990679,33.33333333333333,50.0,16.666666666666664,0.0
U_30277212,50.0,0.0,25.0,25.0
U_27232071,100.0,0.0,0.0,0.0
U_28904987,100.0,0.0,0.0,0.0
U_2128278,100.0,0.0,0.0,0.0
U_30012024,100.0,0.0,0.0,0.0
U_31013947,80.0,20.0,0.0,0.0
U_14829664,60.86956521739131,13.043478260869565,26.08695652173913,0.0
U_31016196,100.0,0.0,0.0,0.0
U_29347838,0.0,0.0,100.0,0.0
U_1324328,0.0,0.0,100.0,0.0
U_30597774,100.0,0.0,0.0,0.0
U_12019873,100.0,0.0,0.0,0.0
U_31014932,50.0,0.0,25.0,25.0
U_12887025,0.0,0.0,100.0,0.0
U_30944826,100.0,0.0,0.0,0.0
U_7764514,100.0,0.0,0.0,0.0
U_8127413,0.0,0.0,100.0,0.0
U_30776829,0.0,0.0,50.0,50.0
U_30893141,33.33333333333333,0.0,66.66666666666666,0.0
U_31016616,100.0,0.0,0.0,0.0
U_14770927,0.0,0.0,100.0,0.0
U_29268557,75.0,0.0,25.0,0.0
U_28410388,100.0,0.0,0.0,0.0
U_99572,100.0,0.0,0.0,0.0
U_12047097,0.0,22.22222222222222,77.77777777777779,0.0
U_1683969,66.66666666666666,0.0,33.33333333333333,0.0
U_31016863,100.0,0.0,0.0,0.0
U_12188999,50.0,0.0,50.0,0.0
U_30388619,0.0,100.0,0.0,0.0
U_30926657,100.0,0.0,0.0,0.0
U_12382355,100.0,0.0,0.0,0.0
U_26651273,42.857142857142854,0.0,57.14285714285714,0.0
U_16115689,0.0,12.5,62.5,25.0
U_30837799,0.0,0.0,100.0,0.0
U_18604598,0.0,0.0,100.0,0.0
U_12731520,0.0,0.0,0.0,100.0
U_13335432,0.0,0.0,50.0,0.0
U_30951053,20.0,40.0,20.0,20.0
U_30984457,100.0,0.0,0.0,0.0
U_27778790,36.36363636363637,18.181818181818183,36.36363636363637,9.090909090909092
U_14092153,0.0,0.0,0.0,100.0
U_12878191,66.66666666666666,0.0,33.33333333333333,0.0
U_15504850,100.0,0.0,0.0,0.0
U_28799143,100.0,0.0,0.0,0.0
U_3097469,0.0,0.0,50.0,50.0
U_4242655,14.285714285714285,64.28571428571429,21.428571428571427,0.0
U_5384770,0.0,0.0,100.0,0.0
U_31017142,0.0,0.0,100.0,0.0
U_18495842,100.0,0.0,0.0,0.0
U_30939273,100.0,0.0,0.0,0.0
U_16193777,100.0,0.0,0.0,0.0
U_14793368,100.0,0.0,0.0,0.0
U_15783434,0.0,0.0,100.0,0.0
U_1655155,0.0,18.181818181818183,81.81818181818183,0.0
U_30983854,0.0,0.0,50.0,50.0
U_2069520,100.0,0.0,0.0,0.0
U_8323291,75.0,25.0,0.0,0.0
U_14767294,22.22222222222222,11.11111111111111,66.66666666666666,0.0
U_30853648,0.0,0.0,0.0,0.0
U_30021938,100.0,0.0,0.0,0.0
U_31017549,100.0,0.0,0.0,0.0
U_812085,37.5,0.0,62.5,0.0
U_31017587,0.0,0.0,100.0,0.0
U_30995869,0.0,14.285714285714285,35.714285714285715,14.285714285714285
U_14792579,0.0,0.0,100.0,0.0
U_30642939,0.0,0.0,100.0,0.0
U_14455591,100.0,0.0,0.0,0.0
U_21142682,100.0,0.0,0.0,0.0
U_16854215,68.75,0.0,31.25,0.0
U_11915451,0.0,0.0,100.0,0.0
U_15870808,100.0,0.0,0.0,0.0
U_30152830,0.0,0.0,100.0,0.0
U_20224466,100.0,0.0,0.0,0.0
U_26987934,0.0,0.0,88.88888888888889,0.0
U_31017893,0.0,0.0,0.0,0.0
U_16103392,90.0,0.0,10.0,0.0
U_20906793,100.0,0.0,0.0,0.0
U_5217245,0.0,0.0,100.0,0.0
U_18177015,42.857142857142854,14.285714285714285,14.285714285714285,28.57142857142857
U_12427121,100.0,0.0,0.0,0.0
U_28053136,100.0,0.0,0.0,0.0
U_11400242,0.0,0.0,100.0,0.0
U_29236546,0.0,0.0,100.0,0.0
U_20328859,50.0,50.0,0.0,0.0
U_14950985,100.0,0.0,0.0,0.0
U_31018111,100.0,0.0,0.0,0.0
U_30245342,100.0,0.0,0.0,0.0
U_29750824,100.0,0.0,0.0,0.0
U_30942027,100.0,0.0,0.0,0.0
U_901556,0.0,33.33333333333333,0.0,66.66666666666666
U_22853599,42.857142857142854,0.0,57.14285714285714,0.0
U_15332416,100.0,0.0,0.0,0.0
U_4208368,75.0,25.0,0.0,0.0
U_15287757,83.33333333333334,16.666666666666664,0.0,0.0
U_30677642,0.0,0.0,100.0,0.0
U_16143168,100.0,0.0,0.0,0.0
U_56069,100.0,0.0,0.0,0.0
U_11480330,100.0,0.0,0.0,0.0
U_30811324,0.0,0.0,100.0,0.0
U_12531848,62.5,0.0,37.5,0.0
U_30885236,0.0,33.33333333333333,33.33333333333333,0.0
U_15149258,0.0,0.0,100.0,0.0
U_15534298,0.0,40.0,60.0,0.0
U_15495321,100.0,0.0,0.0,0.0
U_12408838,0.0,0.0,100.0,0.0
U_30939373,100.0,0.0,0.0,0.0
U_30820016,0.0,0.0,100.0,0.0
U_30890563,100.0,0.0,0.0,0.0
U_23887550,0.0,0.0,100.0,0.0
U_15199350,0.0,0.0,80.0,20.0
U_15313270,0.0,0.0,66.66666666666666,33.33333333333333
U_8348117,100.0,0.0,0.0,0.0
U_31018333,20.0,30.0,20.0,0.0
U_31018766,100.0,0.0,0.0,0.0
U_30096093,100.0,0.0,0.0,0.0
U_29903621,50.0,0.0,50.0,0.0
U_12928580,100.0,0.0,0.0,0.0
U_384977,100.0,0.0,0.0,0.0
U_30930264,100.0,0.0,0.0,0.0
U_11973684,0.0,0.0,0.0,100.0
U_14333706,100.0,0.0,0.0,0.0
U_4857574,14.285714285714285,0.0,85.71428571428571,0.0
U_30362555,66.66666666666666,0.0,33.33333333333333,0.0
U_30972067,0.0,0.0,66.66666666666666,33.33333333333333
U_23987937,0.0,0.0,100.0,0.0
U_8264065,0.0,33.33333333333333,66.66666666666666,0.0
U_31018858,19.230769230769234,26.923076923076923,15.384615384615385,38.46153846153847
U_371932,66.66666666666666,33.33333333333333,0.0,0.0
U_30940964,100.0,0.0,0.0,0.0
U_1712825,16.666666666666664,16.666666666666664,61.111111111111114,5.555555555555555
U_30931178,66.66666666666666,0.0,33.33333333333333,0.0
U_28353275,37.5,0.0,37.5,0.0
U_22871471,75.0,0.0,25.0,0.0
U_8929465,75.0,0.0,25.0,0.0
U_9380877,0.0,0.0,100.0,0.0
U_10931242,0.0,0.0,100.0,0.0
U_30933513,0.0,0.0,100.0,0.0
U_7020485,66.66666666666666,33.33333333333333,0.0,0.0
U_18489027,100.0,0.0,0.0,0.0
U_15495773,100.0,0.0,0.0,0.0
U_13770869,0.0,50.0,50.0,0.0
U_30953913,0.0,0.0,100.0,0.0
U_7051077,0.0,0.0,33.33333333333333,66.66666666666666
U_30095241,100.0,0.0,0.0,0.0
U_30813711,25.0,50.0,25.0,0.0
U_18277759,0.0,0.0,100.0,0.0
U_30920198,50.0,0.0,50.0,0.0
U_19774929,100.0,0.0,0.0,0.0
U_10595370,0.0,0.0,100.0,0.0
U_10405346,0.0,100.0,0.0,0.0
U_14632909,83.33333333333334,16.666666666666664,0.0,0.0
U_30941946,28.57142857142857,0.0,71.42857142857143,0.0
U_12951301,100.0,0.0,0.0,0.0
U_29341484,100.0,0.0,0.0,0.0
U_13617380,0.0,0.0,100.0,0.0
U_30602783,0.0,0.0,100.0,0.0
U_3288116,66.66666666666666,0.0,33.33333333333333,0.0
U_30939952,25.0,0.0,75.0,0.0
U_30926733,100.0,0.0,0.0,0.0
U_18297314,100.0,0.0,0.0,0.0
U_30937333,50.0,0.0,50.0,0.0
U_2878246,0.0,0.0,100.0,0.0
U_30939744,100.0,0.0,0.0,0.0
U_27214093,0.0,0.0,100.0,0.0
U_1533223,100.0,0.0,0.0,0.0
U_19181991,0.0,25.0,66.66666666666666,8.333333333333332
U_30922889,0.0,0.0,100.0,0.0
U_29408627,100.0,0.0,0.0,0.0
U_26103365,0.0,12.5,50.0,25.0
U_30617654,0.0,0.0,50.0,50.0
U_4501874,87.5,0.0,12.5,0.0
U_14140405,100.0,0.0,0.0,0.0
U_30893221,0.0,0.0,100.0,0.0
U_30922671,100.0,0.0,0.0,0.0
U_11480420,25.0,50.0,25.0,0.0
U_18537244,100.0,0.0,0.0,0.0
U_18541126,50.0,0.0,50.0,0.0
U_31020721,0.0,0.0,100.0,0.0
U_15778654,100.0,0.0,0.0,0.0
U_30918578,100.0,0.0,0.0,0.0
U_21099751,12.5,0.0,87.5,0.0
U_30331190,33.33333333333333,33.33333333333333,0.0,33.33333333333333
U_30942470,100.0,0.0,0.0,0.0
U_1819291,100.0,0.0,0.0,0.0
U_30559285,28.57142857142857,0.0,71.42857142857143,0.0
U_17110686,100.0,0.0,0.0,0.0
U_7281777,27.27272727272727,27.27272727272727,45.45454545454545,0.0
U_4561606,100.0,0.0,0.0,0.0
U_4602423,100.0,0.0,0.0,0.0
U_10920272,0.0,0.0,100.0,0.0
U_29426335,100.0,0.0,0.0,0.0
U_20426602,100.0,0.0,0.0,0.0
U_16245106,100.0,0.0,0.0,0.0
U_7413566,100.0,0.0,0.0,0.0
U_31023522,100.0,0.0,0.0,0.0
U_18194928,100.0,0.0,0.0,0.0
U_9066400,33.33333333333333,0.0,66.66666666666666,0.0
U_30911732,0.0,0.0,66.66666666666666,33.33333333333333
U_24642625,100.0,0.0,0.0,0.0
U_30154902,100.0,0.0,0.0,0.0
U_5120219,60.0,20.0,20.0,0.0
U_18093063,100.0,0.0,0.0,0.0
U_27435771,100.0,0.0,0.0,0.0
U_16409771,0.0,100.0,0.0,0.0
U_16364806,100.0,0.0,0.0,0.0
U_31023503,100.0,0.0,0.0,0.0
U_30371488,0.0,0.0,85.71428571428571,14.285714285714285
U_1048072,100.0,0.0,0.0,0.0
U_15401495,0.0,100.0,0.0,0.0
U_19864807,0.0,0.0,100.0,0.0
U_30837932,100.0,0.0,0.0,0.0
U_19156923,100.0,0.0,0.0,0.0
U_30687176,0.0,0.0,100.0,0.0
U_31018341,0.0,0.0,25.0,25.0
U_1052224,0.0,0.0,100.0,0.0
U_30838882,0.0,33.33333333333333,66.66666666666666,0.0
U_12419241,0.0,0.0,100.0,0.0
U_9455098,0.0,0.0,100.0,0.0
U_30577613,0.0,0.0,0.0,100.0
U_30981588,100.0,0.0,0.0,0.0
U_30980567,75.0,0.0,25.0,0.0
U_20573493,100.0,0.0,0.0,0.0
U_11254342,100.0,0.0,0.0,0.0
U_16731646,2.083333333333333,2.083333333333333,25.0,1.0416666666666665
U_30328130,100.0,0.0,0.0,0.0
U_378312,60.0,20.0,0.0,0.0
U_30952908,100.0,0.0,0.0,0.0
U_29071561,85.71428571428571,14.285714285714285,0.0,0.0
U_30898183,0.0,0.0,100.0,0.0
U_12986192,0.0,0.0,100.0,0.0
U_30635852,100.0,0.0,0.0,0.0
U_16052404,100.0,0.0,0.0,0.0
U_30994134,100.0,0.0,0.0,0.0
U_25770606,100.0,0.0,0.0,0.0
U_28505966,0.0,66.66666666666666,33.33333333333333,0.0
U_27218403,85.71428571428571,14.285714285714285,0.0,0.0
U_20266223,75.0,25.0,0.0,0.0
U_12302683,0.0,0.0,100.0,0.0
U_6100000,100.0,0.0,0.0,0.0
U_27410873,0.0,0.0,100.0,0.0
U_28916895,8.333333333333332,8.333333333333332,50.0,33.33333333333333
U_15061032,80.0,20.0,0.0,0.0
U_2050688,0.0,0.0,100.0,0.0
U_11434056,0.0,0.0,42.857142857142854,57.14285714285714
U_30823606,100.0,0.0,0.0,0.0
U_12645928,100.0,0.0,0.0,0.0
U_31024976,100.0,0.0,0.0,0.0
U_28178824,100.0,0.0,0.0,0.0
U_29478466,50.0,0.0,0.0,50.0
U_31025371,100.0,0.0,0.0,0.0
U_15332727,75.0,0.0,25.0,0.0
U_1221175,71.42857142857143,28.57142857142857,0.0,0.0
U_15063409,100.0,0.0,0.0,0.0
U_25280946,0.0,0.0,66.66666666666666,33.33333333333333
U_8198559,0.0,50.0,50.0,0.0
U_20290619,0.0,16.666666666666664,50.0,0.0
U_29930515,0.0,0.0,75.0,25.0
U_30844864,0.0,0.0,75.0,25.0
U_17128744,75.0,25.0,0.0,0.0
U_15149428,100.0,0.0,0.0,0.0
U_30668528,0.0,0.0,100.0,0.0
U_30668009,100.0,0.0,0.0,0.0
U_31024720,0.0,0.0,100.0,0.0
U_30387973,71.42857142857143,28.57142857142857,0.0,0.0
U_30737429,86.66666666666667,13.333333333333334,0.0,0.0
U_28989462,91.35802469135803,0.0,8.641975308641975,0.0
U_13011870,50.0,0.0,50.0,0.0
U_5384536,100.0,0.0,0.0,0.0
U_30995771,0.0,100.0,0.0,0.0
U_14431552,0.0,50.0,37.5,0.0
U_28766175,100.0,0.0,0.0,0.0
U_7349688,97.05882352941177,0.0,2.941176470588235,0.0
U_28781380,0.0,0.0,77.77777777777779,0.0
U_30983450,100.0,0.0,0.0,0.0
U_30043941,0.0,0.0,50.0,50.0
U_7613251,0.0,0.0,100.0,0.0
U_16742701,50.0,0.0,50.0,0.0
U_22259093,0.0,22.22222222222222,66.66666666666666,0.0
U_29192609,80.0,0.0,20.0,0.0
U_14933085,0.0,0.0,30.76923076923077,46.15384615384615
U_13554166,0.0,0.0,100.0,0.0
U_31024523,75.0,25.0,0.0,0.0
U_14949307,33.33333333333333,0.0,66.66666666666666,0.0
U_15133726,0.0,0.0,100.0,0.0
U_30437645,100.0,0.0,0.0,0.0
U_30986020,100.0,0.0,0.0,0.0
U_4411265,0.0,11.11111111111111,38.88888888888889,44.44444444444444
U_25247421,100.0,0.0,0.0,0.0
U_19899591,50.0,0.0,0.0,50.0
U_30714395,0.0,0.0,100.0,0.0
U_30359937,100.0,0.0,0.0,0.0
U_20954199,0.0,0.0,100.0,0.0
U_30932867,100.0,0.0,0.0,0.0
U_4406277,100.0,0.0,0.0,0.0
U_26369015,0.0,0.0,100.0,0.0
U_4540504,0.0,100.0,0.0,0.0
U_15400000,100.0,0.0,0.0,0.0
U_2196826,100.0,0.0,0.0,0.0
U_11020377,0.0,0.0,100.0,0.0
U_15092174,0.0,12.5,87.5,0.0
U_15537617,60.0,20.0,20.0,0.0
U_30265992,0.0,0.0,100.0,0.0
U_29410434,0.0,0.0,0.0,100.0
U_2314141,100.0,0.0,0.0,0.0
U_15500096,100.0,0.0,0.0,0.0
U_28086253,100.0,0.0,0.0,0.0
U_30403242,0.0,0.0,100.0,0.0
U_29134893,50.0,50.0,0.0,0.0
U_30155974,0.0,0.0,100.0,0.0
U_31027193,0.0,0.0,100.0,0.0
U_15311209,0.0,0.0,77.77777777777779,0.0
U_30410036,100.0,0.0,0.0,0.0
U_16304691,0.0,0.0,100.0,0.0
U_822523,0.0,0.0,100.0,0.0
U_14454120,100.0,0.0,0.0,0.0
U_15152212,75.0,0.0,25.0,0.0
U_16562721,72.72727272727273,0.0,18.181818181818183,9.090909090909092
U_30500984,100.0,0.0,0.0,0.0
U_31027400,100.0,0.0,0.0,0.0
U_10695938,100.0,0.0,0.0,0.0
U_7271448,100.0,0.0,0.0,0.0
U_2595499,66.66666666666666,16.666666666666664,16.666666666666664,0.0
U_16837137,80.0,0.0,20.0,0.0
U_6439224,80.0,20.0,0.0,0.0
U_30995638,100.0,0.0,0.0,0.0
U_15370751,0.0,0.0,0.0,100.0
U_29914631,100.0,0.0,0.0,0.0
U_14845912,25.0,25.0,50.0,0.0
U_11477184,0.0,0.0,100.0,0.0
U_10930806,100.0,0.0,0.0,0.0
U_29307217,0.0,0.0,100.0,0.0
U_16300585,100.0,0.0,0.0,0.0
U_31027950,0.0,0.0,100.0,0.0
U_30984518,25.0,50.0,25.0,0.0
U_8176133,71.42857142857143,28.57142857142857,0.0,0.0
U_31028069,100.0,0.0,0.0,0.0
U_12996381,100.0,0.0,0.0,0.0
U_29693421,62.5,37.5,0.0,0.0
U_38414,60.0,0.0,40.0,0.0
U_30351215,0.0,0.0,100.0,0.0
U_14571553,100.0,0.0,0.0,0.0
U_30833782,100.0,0.0,0.0,0.0
U_29704439,100.0,0.0,0.0,0.0
U_12407454,100.0,0.0,0.0,0.0
U_30782813,0.0,0.0,100.0,0.0
U_16001213,100.0,0.0,0.0,0.0
U_18572655,40.0,0.0,60.0,0.0
U_29948186,100.0,0.0,0.0,0.0
U_16003314,100.0,0.0,0.0,0.0
U_29049469,0.0,0.0,100.0,0.0
U_3054313,0.0,100.0,0.0,0.0
U_31029370,44.44444444444444,44.44444444444444,11.11111111111111,0.0
U_30941636,66.66666666666666,0.0,33.33333333333333,0.0
U_31029006,100.0,0.0,0.0,0.0
U_7088480,0.0,0.0,100.0,0.0
U_22241489,66.66666666666666,0.0,33.33333333333333,0.0
U_19794559,100.0,0.0,0.0,0.0
U_11162377,0.0,0.0,0.0,100.0
U_11179462,50.0,0.0,50.0,0.0
U_16379131,0.0,45.0,45.0,10.0
U_30939916,100.0,0.0,0.0,0.0
U_31017444,100.0,0.0,0.0,0.0
U_10877071,0.0,0.0,100.0,0.0
U_12376278,100.0,0.0,0.0,0.0
U_29248062,0.0,100.0,0.0,0.0
U_30325262,100.0,0.0,0.0,0.0
U_31030165,100.0,0.0,0.0,0.0
U_28666565,66.66666666666666,33.33333333333333,0.0,0.0
U_15411392,0.0,100.0,0.0,0.0
U_28342221,0.0,0.0,87.5,12.5
U_12951776,63.1578947368421,21.052631578947366,15.789473684210526,0.0
U_18446713,100.0,0.0,0.0,0.0
U_28519278,100.0,0.0,0.0,0.0
U_29080200,100.0,0.0,0.0,0.0
U_3006643,0.0,0.0,45.83333333333333,50.0
U_30935332,0.0,0.0,0.0,0.0
U_14071577,100.0,0.0,0.0,0.0
U_21209353,42.857142857142854,0.0,0.0,57.14285714285714
U_30853541,0.0,0.0,60.0,0.0
U_6027567,0.0,50.0,0.0,50.0
U_30979231,23.076923076923077,0.0,15.384615384615385,61.53846153846154
U_31030513,40.0,0.0,40.0,20.0
U_22494790,0.0,50.0,50.0,0.0
U_13157445,66.66666666666666,0.0,33.33333333333333,0.0
U_11503375,0.0,0.0,100.0,0.0
U_31030562,100.0,0.0,0.0,0.0
U_15504123,0.0,0.0,100.0,0.0
U_15404793,0.0,0.0,100.0,0.0
U_30940837,2.857142857142857,0.0,97.14285714285714,0.0
U_10150815,100.0,0.0,0.0,0.0
U_28942579,0.0,0.0,35.714285714285715,0.0
U_29620958,91.66666666666666,0.0,0.0,8.333333333333332
U_89458,50.0,0.0,50.0,0.0
U_29772554,100.0,0.0,0.0,0.0
U_31027325,0.0,100.0,0.0,0.0
U_29350985,100.0,0.0,0.0,0.0
U_31024486,66.66666666666666,0.0,33.33333333333333,0.0
U_361217,100.0,0.0,0.0,0.0
U_10323307,46.15384615384615,38.46153846153847,15.384615384615385,0.0
U_5127999,100.0,0.0,0.0,0.0
U_14059972,38.095238095238095,9.523809523809524,52.38095238095239,0.0
U_19644961,100.0,0.0,0.0,0.0
U_28943574,100.0,0.0,0.0,0.0
U_6020837,100.0,0.0,0.0,0.0
U_30677095,0.0,0.0,100.0,0.0
U_28571532,100.0,0.0,0.0,0.0
U_19190598,100.0,0.0,0.0,0.0
U_14698352,33.33333333333333,0.0,66.66666666666666,0.0
U_9752316,100.0,0.0,0.0,0.0
U_3112,0.0,9.090909090909092,31.818181818181817,0.0
U_5308168,0.0,100.0,0.0,0.0
U_31031419,40.0,0.0,0.0,40.0
U_8929487,100.0,0.0,0.0,0.0
U_13064436,50.0,0.0,50.0,0.0
U_30886326,0.0,0.0,100.0,0.0
U_15506547,0.0,0.0,80.0,20.0
U_29185906,100.0,0.0,0.0,0.0
U_16021537,100.0,0.0,0.0,0.0
U_26370602,100.0,0.0,0.0,0.0
U_4934869,0.0,66.66666666666666,33.33333333333333,0.0
U_30955650,100.0,0.0,0.0,0.0
U_30663172,0.0,0.0,75.0,25.0
U_21804902,100.0,0.0,0.0,0.0
U_29775163,100.0,0.0,0.0,0.0
U_12661313,0.0,14.285714285714285,85.71428571428571,0.0
U_29311819,100.0,0.0,0.0,0.0
U_9821431,0.0,100.0,0.0,0.0
U_26665731,40.0,0.0,60.0,0.0
U_15403030,100.0,0.0,0.0,0.0
U_30935810,100.0,0.0,0.0,0.0
U_13557737,0.0,0.0,100.0,0.0
U_30933634,0.0,0.0,71.42857142857143,0.0
U_13328417,0.0,0.0,33.33333333333333,66.66666666666666
U_192172,100.0,0.0,0.0,0.0
U_19178503,100.0,0.0,0.0,0.0
U_14517103,0.0,0.0,62.5,0.0
U_12461282,25.0,37.5,12.5,25.0
U_30925863,100.0,0.0,0.0,0.0
U_14457556,0.0,0.0,100.0,0.0
U_13619152,100.0,0.0,0.0,0.0
U_11486469,66.66666666666666,33.33333333333333,0.0,0.0
U_28080107,100.0,0.0,0.0,0.0
U_30655461,0.0,0.0,100.0,0.0
U_31018607,17.647058823529413,17.647058823529413,52.94117647058824,5.88235294117647
U_10906331,75.0,25.0,0.0,0.0
U_10787094,0.0,100.0,0.0,0.0
U_537380,100.0,0.0,0.0,0.0
U_8511550,0.0,0.0,100.0,0.0
U_30931429,0.0,0.0,0.0,100.0
U_15403020,0.0,0.0,25.0,25.0
U_1075560,100.0,0.0,0.0,0.0
U_30930080,0.0,0.0,100.0,0.0
U_30956694,100.0,0.0,0.0,0.0
U_30842535,66.66666666666666,33.33333333333333,0.0,0.0
U_30551960,100.0,0.0,0.0,0.0
U_16397290,100.0,0.0,0.0,0.0
U_12721453,0.0,0.0,100.0,0.0
U_14422873,0.0,0.0,0.0,100.0
U_31033024,70.0,0.0,20.0,0.0
U_16606100,100.0,0.0,0.0,0.0
U_31024140,4.166666666666666,20.0,40.0,0.8333333333333334
U_12982991,100.0,0.0,0.0,0.0
U_30932058,100.0,0.0,0.0,0.0
U_28675963,66.66666666666666,0.0,33.33333333333333,0.0
U_7856645,100.0,0.0,0.0,0.0
U_31032519,100.0,0.0,0.0,0.0
U_27364299,0.0,0.0,100.0,0.0
U_2055569,50.0,50.0,0.0,0.0
U_23505220,100.0,0.0,0.0,0.0
U_30204628,75.0,0.0,25.0,0.0
U_17166497,0.0,0.0,100.0,0.0
U_8200557,100.0,0.0,0.0,0.0
U_30987981,0.0,100.0,0.0,0.0
U_30954586,100.0,0.0,0.0,0.0
U_2040406,0.0,0.0,100.0,0.0
U_28074356,0.0,0.0,100.0,0.0
U_30737889,100.0,0.0,0.0,0.0
U_14155971,100.0,0.0,0.0,0.0
U_29452704,100.0,0.0,0.0,0.0
U_14483143,100.0,0.0,0.0,0.0
U_3111627,4.477611940298507,1.4925373134328357,25.37313432835821,2.9850746268656714
U_13528045,0.0,0.0,40.0,40.0
U_30909825,0.0,100.0,0.0,0.0
U_30932897,100.0,0.0,0.0,0.0
U_14846569,100.0,0.0,0.0,0.0
U_12930359,0.0,0.0,100.0,0.0
U_31032086,40.0,40.0,20.0,0.0
U_16196166,100.0,0.0,0.0,0.0
U_18183269,0.0,0.0,100.0,0.0
U_16647612,60.0,20.0,20.0,0.0
U_25788961,0.0,0.0,100.0,0.0
U_30832750,100.0,0.0,0.0,0.0
U_30689962,100.0,0.0,0.0,0.0
U_4408631,66.66666666666666,0.0,33.33333333333333,0.0
U_30715897,100.0,0.0,0.0,0.0
U_30685498,0.0,14.285714285714285,14.285714285714285,57.14285714285714
U_28951324,66.66666666666666,0.0,33.33333333333333,0.0
U_4586379,100.0,0.0,0.0,0.0
U_12721596,0.0,0.0,100.0,0.0
U_12765461,80.0,0.0,20.0,0.0
U_31034398,100.0,0.0,0.0,0.0
U_31034377,83.33333333333334,0.0,16.666666666666664,0.0
U_17576629,100.0,0.0,0.0,0.0
U_27199091,100.0,0.0,0.0,0.0
U_11325482,0.0,100.0,0.0,0.0
U_6665738,0.0,0.0,100.0,0.0
U_28182392,100.0,0.0,0.0,0.0
U_5232123,100.0,0.0,0.0,0.0
U_30695094,100.0,0.0,0.0,0.0
U_30424966,100.0,0.0,0.0,0.0
U_30938847,100.0,0.0,0.0,0.0
U_7787790,100.0,0.0,0.0,0.0
U_15579575,0.0,0.0,0.0,100.0
U_13726748,66.66666666666666,33.33333333333333,0.0,0.0
U_318745,100.0,0.0,0.0,0.0
U_5028138,80.0,0.0,20.0,0.0
U_543993,0.0,9.090909090909092,9.090909090909092,81.81818181818183
U_30245399,66.66666666666666,33.33333333333333,0.0,0.0
U_493723,0.0,0.0,100.0,0.0
U_14091445,0.0,0.0,100.0,0.0
U_14530331,100.0,0.0,0.0,0.0
U_4320650,100.0,0.0,0.0,0.0
U_16875233,0.0,0.0,0.0,100.0
U_15399094,50.0,50.0,0.0,0.0
U_31027946,100.0,0.0,0.0,0.0
U_16129623,100.0,0.0,0.0,0.0
U_5028231,100.0,0.0,0.0,0.0
U_31034979,16.666666666666664,33.33333333333333,33.33333333333333,0.0
U_26371371,33.33333333333333,0.0,66.66666666666666,0.0
U_27435604,0.0,0.0,100.0,0.0
U_30941877,0.0,0.0,100.0,0.0
U_11535773,0.0,0.0,0.0,0.0
U_14906297,0.0,0.0,100.0,0.0
U_30382229,0.0,75.0,25.0,0.0
U_20351867,100.0,0.0,0.0,0.0
U_28438706,41.66666666666667,33.33333333333333,8.333333333333332,0.0
U_28325562,50.0,50.0,0.0,0.0
U_30892445,100.0,0.0,0.0,0.0
U_18501990,100.0,0.0,0.0,0.0
U_28791303,0.0,0.0,100.0,0.0
U_27999906,100.0,0.0,0.0,0.0
U_11449588,25.0,75.0,0.0,0.0
U_13804786,100.0,0.0,0.0,0.0
U_16412257,100.0,0.0,0.0,0.0
U_11811933,100.0,0.0,0.0,0.0
U_18621288,66.66666666666666,16.666666666666664,16.666666666666664,0.0
U_24708025,0.0,100.0,0.0,0.0
U_31030678,0.0,0.0,0.0,0.0
U_30995848,100.0,0.0,0.0,0.0
U_28687617,100.0,0.0,0.0,0.0
U_27008918,25.925925925925924,29.629629629629626,33.33333333333333,7.4074074074074066
U_15100560,50.0,0.0,50.0,0.0
U_13935408,0.0,0.0,100.0,0.0
U_15165318,100.0,0.0,0.0,0.0
U_31017924,100.0,0.0,0.0,0.0
U_6488734,100.0,0.0,0.0,0.0
U_27030719,50.0,0.0,50.0,0.0
U_22726682,0.0,0.0,100.0,0.0
U_15514411,25.0,0.0,75.0,0.0
U_30927008,75.0,0.0,25.0,0.0
U_16865694,100.0,0.0,0.0,0.0
U_4619868,100.0,0.0,0.0,0.0
U_30575848,100.0,0.0,0.0,0.0
U_12650362,0.0,0.0,100.0,0.0
U_15269078,100.0,0.0,0.0,0.0
U_12850646,100.0,0.0,0.0,0.0
U_14817280,100.0,0.0,0.0,0.0
U_30850093,100.0,0.0,0.0,0.0
U_30927264,100.0,0.0,0.0,0.0
U_1532302,100.0,0.0,0.0,0.0
U_29419070,50.0,0.0,50.0,0.0
U_11683891,0.0,0.0,66.66666666666666,33.33333333333333
U_31015631,0.0,0.0,100.0,0.0
U_16293902,100.0,0.0,0.0,0.0
U_30994167,0.0,0.0,100.0,0.0
U_14906260,0.0,0.0,100.0,0.0
U_30820792,100.0,0.0,0.0,0.0
U_4697846,75.0,25.0,0.0,0.0
U_14534240,100.0,0.0,0.0,0.0
U_31036910,0.0,0.0,33.33333333333333,66.66666666666666
U_4897780,100.0,0.0,0.0,0.0
U_31035984,100.0,0.0,0.0,0.0
U_30932665,100.0,0.0,0.0,0.0
U_13098543,0.0,0.0,100.0,0.0
U_31037047,100.0,0.0,0.0,0.0
U_16072618,33.33333333333333,33.33333333333333,16.666666666666664,16.666666666666664
U_21043766,0.0,0.0,100.0,0.0
U_28760030,100.0,0.0,0.0,0.0
U_1470528,0.0,0.0,25.0,50.0
U_29579705,50.0,25.0,25.0,0.0
U_13093850,100.0,0.0,0.0,0.0
U_3392445,85.71428571428571,0.0,14.285714285714285,0.0
U_11714330,100.0,0.0,0.0,0.0
U_15322126,100.0,0.0,0.0,0.0
U_2654568,100.0,0.0,0.0,0.0
U_30925632,87.2159090909091,5.5397727272727275,6.107954545454546,0.0
U_30702064,0.0,0.0,60.0,40.0
U_19918743,100.0,0.0,0.0,0.0
U_30890017,90.0,0.0,10.0,0.0
U_1092090,60.0,0.0,40.0,0.0
U_31016464,0.0,0.0,66.66666666666666,33.33333333333333
U_21082779,100.0,0.0,0.0,0.0
U_13834581,0.0,100.0,0.0,0.0
U_14928109,0.0,0.0,100.0,0.0
U_30995310,100.0,0.0,0.0,0.0
U_10514083,23.076923076923077,53.84615384615385,23.076923076923077,0.0
U_252567,0.0,0.0,0.0,100.0
U_30931572,0.0,25.0,75.0,0.0
U_14061009,100.0,0.0,0.0,0.0
U_2845376,0.0,0.0,100.0,0.0
U_14840193,100.0,0.0,0.0,0.0
U_13453929,25.0,0.0,75.0,0.0
U_31036578,100.0,0.0,0.0,0.0
U_30919251,0.0,0.0,50.0,0.0
U_30609243,0.0,0.0,16.666666666666664,83.33333333333334
U_16325408,0.0,25.0,75.0,0.0
U_14906264,0.0,0.0,75.0,25.0
U_30928280,0.0,0.0,100.0,0.0
U_30935408,100.0,0.0,0.0,0.0
U_30950757,87.5,0.0,12.5,0.0
U_10652001,0.0,20.0,80.0,0.0
U_8929534,100.0,0.0,0.0,0.0
U_9113047,0.0,0.0,100.0,0.0
U_30937048,100.0,0.0,0.0,0.0
U_30380312,100.0,0.0,0.0,0.0
U_22765646,0.0,0.0,100.0,0.0
U_30939335,100.0,0.0,0.0,0.0
U_31038999,100.0,0.0,0.0,0.0
U_30279658,100.0,0.0,0.0,0.0
U_19143537,100.0,0.0,0.0,0.0
U_13071730,50.0,0.0,50.0,0.0
U_30944042,100.0,0.0,0.0,0.0
U_6764886,100.0,0.0,0.0,0.0
U_30971710,14.285714285714285,0.0,85.71428571428571,0.0
U_2218036,0.0,100.0,0.0,0.0
U_5631177,66.66666666666666,0.0,0.0,33.33333333333333
U_31039329,100.0,0.0,0.0,0.0
U_12593813,0.0,100.0,0.0,0.0
U_8116080,0.0,0.0,100.0,0.0
U_31023562,12.5,43.75,25.0,18.75
U_14957973,100.0,0.0,0.0,0.0
U_30942054,0.0,100.0,0.0,0.0
U_29844838,7.142857142857142,0.0,7.142857142857142,85.71428571428571
U_31027440,100.0,0.0,0.0,0.0
U_7442583,0.0,0.0,100.0,0.0
U_30963628,45.45454545454545,9.090909090909092,45.45454545454545,0.0
U_14134781,100.0,0.0,0.0,0.0
U_14793969,0.0,0.0,20.0,40.0
U_30682359,100.0,0.0,0.0,0.0
U_30025698,0.0,100.0,0.0,0.0
U_16298867,100.0,0.0,0.0,0.0
U_30782074,50.0,16.666666666666664,33.33333333333333,0.0
U_30951136,100.0,0.0,0.0,0.0
U_24676753,100.0,0.0,0.0,0.0
U_18438771,0.0,0.0,100.0,0.0
U_30969992,100.0,0.0,0.0,0.0
U_31039548,66.66666666666666,0.0,33.33333333333333,0.0
U_3815817,60.0,20.0,20.0,0.0
U_4956244,50.0,0.0,50.0,0.0
U_16135614,0.0,0.0,100.0,0.0
U_30937440,100.0,0.0,0.0,0.0
U_30645465,100.0,0.0,0.0,0.0
U_31027414,100.0,0.0,0.0,0.0
U_1970518,0.0,100.0,0.0,0.0
U_3377907,100.0,0.0,0.0,0.0
U_31040382,66.66666666666666,0.0,16.666666666666664,16.666666666666664
U_29826089,100.0,0.0,0.0,0.0
U_5524057,0.0,0.0,0.0,100.0
U_17449612,100.0,0.0,0.0,0.0
U_16114804,100.0,0.0,0.0,0.0
U_1012727,100.0,0.0,0.0,0.0
U_15504127,87.5,0.0,12.5,0.0
U_30939204,0.0,0.0,100.0,0.0
U_13954888,100.0,0.0,0.0,0.0
U_16102013,100.0,0.0,0.0,0.0
U_375214,100.0,0.0,0.0,0.0
U_31037356,100.0,0.0,0.0,0.0
U_950376,0.0,25.0,50.0,25.0
U_14280523,100.0,0.0,0.0,0.0
U_30164198,100.0,0.0,0.0,0.0
U_30675713,20.0,0.0,80.0,0.0
U_31034276,100.0,0.0,0.0,0.0
U_16296950,60.0,0.0,40.0,0.0
U_27383034,0.0,100.0,0.0,0.0
U_26955432,100.0,0.0,0.0,0.0
U_7903034,0.0,0.0,100.0,0.0
U_10442,100.0,0.0,0.0,0.0
U_3365725,100.0,0.0,0.0,0.0
U_1958633,0.0,0.0,100.0,0.0
U_12573283,100.0,0.0,0.0,0.0
U_29922877,66.66666666666666,11.11111111111111,22.22222222222222,0.0
U_30951622,50.0,0.0,25.0,25.0
U_31041664,0.0,66.66666666666666,33.33333333333333,0.0
U_13552264,100.0,0.0,0.0,0.0
U_18115805,100.0,0.0,0.0,0.0
U_31034993,100.0,0.0,0.0,0.0
U_30916816,100.0,0.0,0.0,0.0
U_16396786,100.0,0.0,0.0,0.0
U_30981516,66.66666666666666,33.33333333333333,0.0,0.0
U_27872073,0.0,50.0,0.0,50.0
U_13505205,0.0,100.0,0.0,0.0
U_30834268,100.0,0.0,0.0,0.0
U_12571060,100.0,0.0,0.0,0.0
U_11806077,100.0,0.0,0.0,0.0
U_31026872,100.0,0.0,0.0,0.0
U_30937242,0.0,0.0,100.0,0.0
U_20600951,53.84615384615385,0.0,46.15384615384615,0.0
U_10514222,100.0,0.0,0.0,0.0
U_15031580,0.0,75.0,25.0,0.0
U_1075682,100.0,0.0,0.0,0.0
U_20293868,100.0,0.0,0.0,0.0
U_1345144,0.0,0.0,50.0,50.0
U_3257075,100.0,0.0,0.0,0.0
U_6471487,100.0,0.0,0.0,0.0
U_30993062,100.0,0.0,0.0,0.0
U_5750377,0.0,100.0,0.0,0.0
U_19286201,0.0,0.0,100.0,0.0
U_30904631,66.66666666666666,0.0,33.33333333333333,0.0
U_30810969,0.0,0.0,100.0,0.0
U_30022746,66.66666666666666,33.33333333333333,0.0,0.0
U_31043031,0.0,15.584415584415584,62.33766233766234,1.2987012987012987
U_29693666,60.0,20.0,0.0,20.0
U_11890549,50.0,0.0,50.0,0.0
U_31044087,0.0,0.0,100.0,0.0
U_16477032,50.0,0.0,50.0,0.0
U_29349761,100.0,0.0,0.0,0.0
U_31044209,0.0,0.0,100.0,0.0
U_31043558,100.0,0.0,0.0,0.0
U_21429456,0.0,0.0,0.0,100.0
U_6354798,0.0,6.0606060606060606,21.21212121212121,72.72727272727273
U_16401621,100.0,0.0,0.0,0.0
U_6447978,100.0,0.0,0.0,0.0
U_13944591,100.0,0.0,0.0,0.0
U_30620072,0.0,9.375,12.5,6.25
U_31044678,0.0,0.0,50.0,0.0
U_9782466,0.0,100.0,0.0,0.0
U_12935797,75.0,25.0,0.0,0.0
U_26366825,100.0,0.0,0.0,0.0
U_11451008,100.0,0.0,0.0,0.0
U_29952238,100.0,0.0,0.0,0.0
U_31027425,0.0,50.0,50.0,0.0
U_30291487,0.0,100.0,0.0,0.0
U_14077738,0.0,50.0,0.0,50.0
U_31039519,50.0,50.0,0.0,0.0
U_8505815,0.0,0.0,100.0,0.0
U_31033485,0.0,0.0,100.0,0.0
U_19135118,0.0,0.0,100.0,0.0
U_1659343,0.0,0.0,100.0,0.0
U_28170919,66.66666666666666,33.33333333333333,0.0,0.0
U_11819502,0.0,0.0,100.0,0.0
U_25930057,0.0,100.0,0.0,0.0
U_27198650,60.0,10.0,0.0,30.0
U_2819020,100.0,0.0,0.0,0.0
U_31037242,100.0,0.0,0.0,0.0
U_6767967,100.0,0.0,0.0,0.0
U_31044051,0.0,100.0,0.0,0.0
U_30351330,75.0,0.0,25.0,0.0
U_31035131,22.22222222222222,36.11111111111111,37.5,0.0
U_28132763,100.0,0.0,0.0,0.0
U_30560297,28.57142857142857,14.285714285714285,57.14285714285714,0.0
U_15205166,62.5,0.0,25.0,12.5
U_31045401,100.0,0.0,0.0,0.0
U_16211090,100.0,0.0,0.0,0.0
U_31043472,100.0,0.0,0.0,0.0
U_15380914,100.0,0.0,0.0,0.0
U_31037710,70.58823529411765,11.76470588235294,5.88235294117647,11.76470588235294
U_31045687,100.0,0.0,0.0,0.0
U_20874185,0.0,0.0,100.0,0.0
U_31045821,100.0,0.0,0.0,0.0
U_29271326,100.0,0.0,0.0,0.0
U_31045957,100.0,0.0,0.0,0.0
U_10676924,0.0,0.0,100.0,0.0
U_30978928,100.0,0.0,0.0,0.0
U_5567058,100.0,0.0,0.0,0.0
U_30677228,100.0,0.0,0.0,0.0
U_3315720,0.0,0.0,100.0,0.0
U_15032326,100.0,0.0,0.0,0.0
U_13706418,0.0,0.0,100.0,0.0
U_31038973,85.71428571428571,14.285714285714285,0.0,0.0
U_11931161,100.0,0.0,0.0,0.0
U_19891492,0.0,0.0,100.0,0.0
U_28494309,100.0,0.0,0.0,0.0
U_13500630,0.0,75.0,0.0,25.0
U_30843463,100.0,0.0,0.0,0.0
U_16057282,50.0,0.0,50.0,0.0
U_30842432,0.0,0.0,100.0,0.0
U_29412829,100.0,0.0,0.0,0.0
U_23539249,100.0,0.0,0.0,0.0
U_30987792,100.0,0.0,0.0,0.0
U_29506595,0.0,0.0,100.0,0.0
U_28346297,100.0,0.0,0.0,0.0
U_12927056,100.0,0.0,0.0,0.0
U_20377463,100.0,0.0,0.0,0.0
U_15488290,80.0,0.0,20.0,0.0
U_1031051,100.0,0.0,0.0,0.0
U_27520151,100.0,0.0,0.0,0.0
U_13322845,40.0,0.0,60.0,0.0
U_29787503,0.0,0.0,0.0,0.0
U_31040034,0.0,0.0,100.0,0.0
U_30944996,100.0,0.0,0.0,0.0
U_30688250,100.0,0.0,0.0,0.0
U_15417789,0.0,50.0,50.0,0.0
U_22887114,100.0,0.0,0.0,0.0
U_29776436,100.0,0.0,0.0,0.0
U_15310730,0.0,100.0,0.0,0.0
U_15254817,50.0,0.0,37.5,12.5
U_27229359,100.0,0.0,0.0,0.0
U_30935218,83.33333333333334,0.0,16.666666666666664,0.0
U_15490033,55.55555555555556,5.555555555555555,5.555555555555555,27.77777777777778
U_26336505,100.0,0.0,0.0,0.0
U_30575212,0.0,0.0,31.818181818181817,63.63636363636363
U_11474801,100.0,0.0,0.0,0.0
U_31047979,0.0,0.0,16.666666666666664,66.66666666666666
U_28873803,100.0,0.0,0.0,0.0
U_24866028,100.0,0.0,0.0,0.0
U_1773771,100.0,0.0,0.0,0.0
U_30938888,100.0,0.0,0.0,0.0
U_167854,0.0,0.0,100.0,0.0
U_30611701,0.0,0.0,100.0,0.0
U_19775242,12.5,25.0,37.5,25.0
U_30586222,100.0,0.0,0.0,0.0
U_16474640,25.0,37.5,25.0,0.0
U_17581460,40.0,0.0,60.0,0.0
U_12722831,0.0,0.0,100.0,0.0
U_16227004,0.0,0.0,100.0,0.0
U_22383439,100.0,0.0,0.0,0.0
U_16735336,100.0,0.0,0.0,0.0
U_6581301,100.0,0.0,0.0,0.0
U_4773909,100.0,0.0,0.0,0.0
U_30887693,75.0,0.0,25.0,0.0
U_30956118,100.0,0.0,0.0,0.0
U_752342,0.0,0.0,100.0,0.0
U_13469191,0.0,0.0,100.0,0.0
U_23172865,0.0,25.0,25.0,25.0
U_15918646,0.0,0.0,100.0,0.0
U_13561104,100.0,0.0,0.0,0.0
U_31048829,100.0,0.0,0.0,0.0
U_15282630,0.0,40.0,60.0,0.0
U_31047194,0.0,0.0,100.0,0.0
U_29234957,0.0,0.0,100.0,0.0
U_26409510,100.0,0.0,0.0,0.0
U_13099696,100.0,0.0,0.0,0.0
U_29488429,96.49122807017544,0.0,3.508771929824561,0.0
U_8117246,100.0,0.0,0.0,0.0
U_30643198,0.0,0.0,0.0,100.0
U_28431827,100.0,0.0,0.0,0.0
U_31050120,1.5151515151515151,0.0,45.45454545454545,18.181818181818183
U_9521472,100.0,0.0,0.0,0.0
U_29568183,100.0,0.0,0.0,0.0
U_11396026,0.0,0.0,100.0,0.0
U_18360396,100.0,0.0,0.0,0.0
U_31031891,0.0,100.0,0.0,0.0
U_31014925,0.0,16.666666666666664,66.66666666666666,16.666666666666664
U_21068222,0.0,80.0,20.0,0.0
U_23380409,0.0,0.0,100.0,0.0
U_29040364,16.666666666666664,0.0,83.33333333333334,0.0
U_30811990,100.0,0.0,0.0,0.0
U_3350505,100.0,0.0,0.0,0.0
U_13456431,40.0,0.0,20.0,40.0
U_16209649,50.0,50.0,0.0,0.0
U_29506868,11.11111111111111,77.77777777777779,11.11111111111111,0.0
U_8960807,50.0,0.0,50.0,0.0
U_31042941,100.0,0.0,0.0,0.0
U_8132948,0.0,50.0,50.0,0.0
U_9220396,100.0,0.0,0.0,0.0
U_27356316,0.0,0.0,100.0,0.0
U_24113127,40.0,20.0,40.0,0.0
U_13685704,100.0,0.0,0.0,0.0
U_31048413,63.63636363636363,27.27272727272727,9.090909090909092,0.0
U_4132333,77.77777777777779,0.0,22.22222222222222,0.0
U_15411489,100.0,0.0,0.0,0.0
U_30927248,0.0,0.0,100.0,0.0
U_29188274,100.0,0.0,0.0,0.0
U_13376670,0.0,0.0,100.0,0.0
U_11974506,57.14285714285714,42.857142857142854,0.0,0.0
U_30814922,50.0,33.33333333333333,16.666666666666664,0.0
U_1658244,100.0,0.0,0.0,0.0
U_30925286,33.33333333333333,0.0,33.33333333333333,33.33333333333333
U_15216123,62.5,0.0,37.5,0.0
U_30921889,100.0,0.0,0.0,0.0
U_31028208,100.0,0.0,0.0,0.0
U_30123344,100.0,0.0,0.0,0.0
U_16383813,0.0,0.0,0.0,0.0
U_18230370,0.0,2.857142857142857,5.714285714285714,2.857142857142857
U_15152575,100.0,0.0,0.0,0.0
U_28975459,85.71428571428571,14.285714285714285,0.0,0.0
U_142458,0.0,0.0,50.0,25.0
U_31045066,0.0,0.0,100.0,0.0
U_29324897,100.0,0.0,0.0,0.0
U_30591675,50.0,0.0,0.0,50.0
U_13049352,100.0,0.0,0.0,0.0
U_62536,100.0,0.0,0.0,0.0
U_390128,100.0,0.0,0.0,0.0
U_28120110,100.0,0.0,0.0,0.0
U_11034362,100.0,0.0,0.0,0.0
U_12687804,66.66666666666666,0.0,33.33333333333333,0.0
U_3036071,100.0,0.0,0.0,0.0
U_30077935,0.0,0.0,100.0,0.0
U_31052468,100.0,0.0,0.0,0.0
U_4926711,100.0,0.0,0.0,0.0
U_18047414,0.0,100.0,0.0,0.0
U_13157732,0.0,50.0,50.0,0.0
U_30280022,0.0,0.0,100.0,0.0
U_30898085,0.0,100.0,0.0,0.0
U_5069471,77.77777777777779,0.0,11.11111111111111,11.11111111111111
U_31052372,60.0,40.0,0.0,0.0
U_30112336,100.0,0.0,0.0,0.0
U_22151109,0.0,0.0,100.0,0.0
U_10610025,100.0,0.0,0.0,0.0
U_11992283,0.0,0.0,50.0,0.0
U_13834133,100.0,0.0,0.0,0.0
U_30002743,0.0,12.5,87.5,0.0
U_30477921,0.0,0.0,100.0,0.0
U_15402731,0.0,0.0,100.0,0.0
U_31052855,100.0,0.0,0.0,0.0
U_30827663,0.0,0.0,100.0,0.0
U_18105347,0.0,0.0,100.0,0.0
U_30745856,0.0,0.0,100.0,0.0
U_12458469,11.11111111111111,33.33333333333333,55.55555555555556,0.0
U_18611291,42.857142857142854,57.14285714285714,0.0,0.0
U_4983246,30.0,0.0,10.0,0.0
U_30940401,100.0,0.0,0.0,0.0
U_30929647,100.0,0.0,0.0,0.0
U_30939132,40.0,0.0,60.0,0.0
U_30490405,0.0,0.0,71.42857142857143,14.285714285714285
U_30933287,100.0,0.0,0.0,0.0
U_31053098,20.0,0.0,30.0,50.0
U_18614537,100.0,0.0,0.0,0.0
U_14752675,0.0,0.0,100.0,0.0
U_15316326,0.0,20.0,20.0,20.0
U_10478336,0.0,50.0,50.0,0.0
U_31053640,100.0,0.0,0.0,0.0
U_7370596,50.0,0.0,50.0,0.0
U_11886335,0.0,0.0,100.0,0.0
U_11543914,0.0,8.0,80.0,4.0
U_15218480,100.0,0.0,0.0,0.0
U_7005578,100.0,0.0,0.0,0.0
U_24171632,100.0,0.0,0.0,0.0
U_22120325,100.0,0.0,0.0,0.0
U_13048672,100.0,0.0,0.0,0.0
U_24847877,0.0,0.0,0.0,66.66666666666666
U_22263585,0.0,0.0,0.0,50.0
U_30929564,0.0,0.0,100.0,0.0
U_2050677,0.0,0.0,100.0,0.0
U_31040392,100.0,0.0,0.0,0.0
U_31054006,100.0,0.0,0.0,0.0
U_13417437,0.0,0.0,0.0,0.0
U_29325766,66.66666666666666,33.33333333333333,0.0,0.0
U_2334759,100.0,0.0,0.0,0.0
U_30649891,100.0,0.0,0.0,0.0
U_3314118,50.0,50.0,0.0,0.0
U_30829249,100.0,0.0,0.0,0.0
U_13637058,100.0,0.0,0.0,0.0
U_31052771,100.0,0.0,0.0,0.0
U_18452308,100.0,0.0,0.0,0.0
U_29943297,100.0,0.0,0.0,0.0
U_31053900,100.0,0.0,0.0,0.0
U_28378135,100.0,0.0,0.0,0.0
U_31045221,0.0,50.0,50.0,0.0
U_31053407,0.0,0.0,0.0,0.0
U_30950488,75.0,25.0,0.0,0.0
U_10428900,0.0,0.0,100.0,0.0
U_4819255,100.0,0.0,0.0,0.0
U_13581057,0.0,0.0,100.0,0.0
U_4249044,0.0,100.0,0.0,0.0
U_31026657,100.0,0.0,0.0,0.0
U_30672426,60.0,0.0,40.0,0.0
U_30881913,100.0,0.0,0.0,0.0
U_30710911,0.0,0.0,100.0,0.0
U_1113608,0.0,0.0,100.0,0.0
U_28384489,0.0,0.0,100.0,0.0
U_18548903,100.0,0.0,0.0,0.0
U_31054863,0.0,0.0,100.0,0.0
U_9775983,100.0,0.0,0.0,0.0
U_25717592,25.0,12.5,62.5,0.0
U_11372553,0.0,0.0,100.0,0.0
U_31053770,11.11111111111111,3.7037037037037033,55.55555555555556,3.7037037037037033
U_5345759,100.0,0.0,0.0,0.0
U_14823909,100.0,0.0,0.0,0.0
U_30967486,100.0,0.0,0.0,0.0
U_31047161,100.0,0.0,0.0,0.0
U_29886316,50.0,0.0,50.0,0.0
U_6025060,44.44444444444444,0.0,33.33333333333333,0.0
U_28474856,69.6969696969697,3.0303030303030303,24.242424242424242,0.0
U_18106263,50.0,25.0,25.0,0.0
U_17897354,100.0,0.0,0.0,0.0
U_31035321,80.0,0.0,20.0,0.0
U_414033,0.0,0.0,100.0,0.0
U_14288599,100.0,0.0,0.0,0.0
U_31054354,100.0,0.0,0.0,0.0
U_17895749,0.0,0.0,100.0,0.0
U_8346362,0.0,0.0,100.0,0.0
U_20856374,0.0,0.0,100.0,0.0
U_27876174,100.0,0.0,0.0,0.0
U_31055651,100.0,0.0,0.0,0.0
U_28442835,26.666666666666668,6.666666666666667,60.0,0.0
U_30918654,87.5,0.0,12.5,0.0
U_27226052,100.0,0.0,0.0,0.0
U_2196332,33.33333333333333,44.44444444444444,16.666666666666664,5.555555555555555
U_7200403,50.0,0.0,50.0,0.0
U_29204315,100.0,0.0,0.0,0.0
U_31056166,100.0,0.0,0.0,0.0
U_31037248,64.70588235294117,29.411764705882355,5.88235294117647,0.0
U_30208477,0.0,0.0,0.0,100.0
U_3995611,100.0,0.0,0.0,0.0
U_30604516,0.0,0.0,100.0,0.0
U_28920347,100.0,0.0,0.0,0.0
U_17113446,69.23076923076923,20.51282051282051,10.256410256410255,0.0
U_27450005,100.0,0.0,0.0,0.0
U_30541781,0.0,8.333333333333332,50.0,0.0
U_30660272,0.0,0.0,100.0,0.0
U_26649847,88.88888888888889,5.555555555555555,5.555555555555555,0.0
U_13543154,0.0,0.0,25.0,75.0
U_31056614,0.0,0.0,0.0,50.0
U_11119853,50.0,50.0,0.0,0.0
U_10452480,100.0,0.0,0.0,0.0
U_30572127,100.0,0.0,0.0,0.0
U_29149313,100.0,0.0,0.0,0.0
U_31032531,38.095238095238095,9.523809523809524,47.61904761904761,4.761904761904762
U_31014054,81.81818181818183,0.0,18.181818181818183,0.0
U_30630143,0.0,0.0,100.0,0.0
U_9863018,100.0,0.0,0.0,0.0
U_31014160,0.0,0.0,100.0,0.0
U_17410491,0.0,0.0,100.0,0.0
U_14909910,66.66666666666666,0.0,33.33333333333333,0.0
U_5995235,100.0,0.0,0.0,0.0
U_14675692,50.0,0.0,50.0,0.0
U_15490584,100.0,0.0,0.0,0.0
U_31057639,0.0,100.0,0.0,0.0
U_31056844,100.0,0.0,0.0,0.0
U_700031,100.0,0.0,0.0,0.0
U_7648098,66.66666666666666,8.333333333333332,25.0,0.0
U_20993766,0.0,0.0,100.0,0.0
U_29377639,58.333333333333336,0.0,33.33333333333333,0.0
U_7642143,25.0,0.0,75.0,0.0
U_31057881,37.5,50.0,12.5,0.0
U_31057602,100.0,0.0,0.0,0.0
U_29067675,83.33333333333334,16.666666666666664,0.0,0.0
U_29458651,0.0,20.0,80.0,0.0
U_2043771,0.0,0.0,50.0,50.0
U_11396880,100.0,0.0,0.0,0.0
U_3294161,100.0,0.0,0.0,0.0
U_16716444,0.0,0.0,100.0,0.0
U_15401454,0.0,0.0,100.0,0.0
U_22839362,100.0,0.0,0.0,0.0
U_31057914,50.0,25.0,25.0,0.0
U_29906543,0.0,100.0,0.0,0.0
U_11369977,75.0,25.0,0.0,0.0
U_15218710,100.0,0.0,0.0,0.0
U_33996,100.0,0.0,0.0,0.0
U_31059185,100.0,0.0,0.0,0.0
U_12924842,0.0,100.0,0.0,0.0
U_30184701,0.0,50.0,0.0,50.0
U_16397348,50.0,0.0,50.0,0.0
U_30657887,50.0,12.5,37.5,0.0
U_11977433,0.0,0.0,100.0,0.0
U_29750797,0.0,0.0,100.0,0.0
U_30892188,0.0,11.11111111111111,33.33333333333333,11.11111111111111
U_15366741,0.0,0.0,100.0,0.0
U_31059361,0.0,0.0,0.0,100.0
U_19180395,100.0,0.0,0.0,0.0
U_30022862,100.0,0.0,0.0,0.0
U_16485157,100.0,0.0,0.0,0.0
U_30269594,0.0,0.0,100.0,0.0
U_31058198,80.0,20.0,0.0,0.0
U_31059650,100.0,0.0,0.0,0.0
U_5104013,0.0,0.0,0.0,100.0
U_6502177,71.42857142857143,14.285714285714285,0.0,0.0
U_31059164,100.0,0.0,0.0,0.0
U_6422472,0.0,100.0,0.0,0.0
U_29180291,100.0,0.0,0.0,0.0
U_496182,100.0,0.0,0.0,0.0
U_27597687,0.0,50.0,50.0,0.0
U_31059898,100.0,0.0,0.0,0.0
U_31052527,100.0,0.0,0.0,0.0
U_31017024,100.0,0.0,0.0,0.0
U_16829195,100.0,0.0,0.0,0.0
U_15159467,87.5,12.5,0.0,0.0
U_163383,0.0,37.5,62.5,0.0
U_30694759,100.0,0.0,0.0,0.0
U_15253600,0.0,0.0,100.0,0.0
U_30939385,100.0,0.0,0.0,0.0
U_12091825,0.0,0.0,100.0,0.0
U_15993908,0.0,0.0,100.0,0.0
U_6396815,100.0,0.0,0.0,0.0
U_7023263,40.0,0.0,60.0,0.0
U_22829723,0.0,3.389830508474576,18.64406779661017,3.389830508474576
U_22292100,87.5,12.5,0.0,0.0
U_30890753,66.66666666666666,0.0,22.22222222222222,0.0
U_15303781,0.0,0.0,50.0,50.0
U_31060696,0.0,0.0,0.0,100.0
U_6246217,75.0,0.0,25.0,0.0
U_17044059,72.72727272727273,22.727272727272727,4.545454545454546,0.0
U_30695193,100.0,0.0,0.0,0.0
U_14598362,100.0,0.0,0.0,0.0
U_31018305,75.0,25.0,0.0,0.0
U_31034239,0.0,0.0,50.0,25.0
U_11694540,100.0,0.0,0.0,0.0
U_31048477,100.0,0.0,0.0,0.0
U_30918950,100.0,0.0,0.0,0.0
U_31060854,0.0,0.0,0.0,100.0
U_2050903,0.0,0.0,100.0,0.0
U_13245474,100.0,0.0,0.0,0.0
U_1772702,100.0,0.0,0.0,0.0
U_30539249,0.0,0.0,0.0,0.0
U_80035,66.66666666666666,0.0,33.33333333333333,0.0
U_1608310,50.0,10.0,10.0,30.0
U_20352290,75.0,25.0,0.0,0.0
U_31060872,0.0,0.0,100.0,0.0
U_4590582,100.0,0.0,0.0,0.0
U_30935479,7.6923076923076925,0.0,30.76923076923077,0.0
U_4990253,90.0,0.0,10.0,0.0
U_12982147,7.142857142857142,42.857142857142854,35.714285714285715,7.142857142857142
U_11121288,100.0,0.0,0.0,0.0
U_12650296,0.0,0.0,100.0,0.0
U_30940205,0.0,0.0,100.0,0.0
U_1811445,100.0,0.0,0.0,0.0
U_27870997,83.33333333333334,16.666666666666664,0.0,0.0
U_30694940,100.0,0.0,0.0,0.0
U_6302993,25.0,0.0,25.0,50.0
U_15489119,100.0,0.0,0.0,0.0
U_16682507,66.66666666666666,0.0,33.33333333333333,0.0
U_16123961,100.0,0.0,0.0,0.0
U_30778112,0.0,0.0,81.66666666666667,5.0
U_12300807,92.10526315789474,7.894736842105263,0.0,0.0
U_15198789,100.0,0.0,0.0,0.0
U_31059834,0.0,0.0,0.0,50.0
U_30640977,0.0,0.0,50.0,50.0
U_30695087,100.0,0.0,0.0,0.0
U_31017706,100.0,0.0,0.0,0.0
U_30658835,0.0,0.0,100.0,0.0
U_8100086,0.0,83.33333333333334,16.666666666666664,0.0
U_1912659,0.0,0.0,100.0,0.0
U_31053470,100.0,0.0,0.0,0.0
U_31057001,80.0,0.0,20.0,0.0
U_31061661,92.85714285714286,0.0,7.142857142857142,0.0
U_17578551,100.0,0.0,0.0,0.0
U_10980741,0.0,100.0,0.0,0.0
U_11945205,50.0,0.0,50.0,0.0
U_13036283,50.0,0.0,50.0,0.0
U_30597310,0.0,0.0,100.0,0.0
U_14149126,100.0,0.0,0.0,0.0
U_31061866,33.33333333333333,33.33333333333333,33.33333333333333,0.0
U_11374839,100.0,0.0,0.0,0.0
U_13902540,0.0,50.0,50.0,0.0
U_30438968,0.0,0.0,100.0,0.0
U_30580542,100.0,0.0,0.0,0.0
U_30853473,100.0,0.0,0.0,0.0
U_14514174,0.0,0.0,100.0,0.0
U_30451803,0.0,0.0,100.0,0.0
U_31062281,100.0,0.0,0.0,0.0
U_11904228,0.0,100.0,0.0,0.0
U_13805193,66.66666666666666,33.33333333333333,0.0,0.0
U_22833403,0.0,0.0,100.0,0.0
U_9390717,100.0,0.0,0.0,0.0
U_5658542,0.0,0.0,66.66666666666666,33.33333333333333
U_31062384,100.0,0.0,0.0,0.0
U_6457401,0.0,16.666666666666664,66.66666666666666,0.0
U_15302966,100.0,0.0,0.0,0.0
U_5376321,100.0,0.0,0.0,0.0
U_1707315,100.0,0.0,0.0,0.0
U_31052255,0.0,0.0,100.0,0.0
U_22127355,0.0,50.0,50.0,0.0
U_14253682,50.0,25.0,25.0,0.0
U_31027001,100.0,0.0,0.0,0.0
U_15291830,0.0,0.0,100.0,0.0
U_31062542,100.0,0.0,0.0,0.0
U_19177274,0.0,0.0,33.33333333333333,33.33333333333333
U_2828061,0.0,0.0,100.0,0.0
U_31057638,0.0,0.0,0.0,100.0
U_5182541,66.66666666666666,0.0,33.33333333333333,0.0
U_11455782,100.0,0.0,0.0,0.0
U_31052839,100.0,0.0,0.0,0.0
U_31030559,0.0,0.0,0.0,100.0
U_30694788,0.0,0.0,0.0,100.0
U_31061062,100.0,0.0,0.0,0.0
U_16699207,90.9090909090909,0.0,9.090909090909092,0.0
U_31059392,70.58823529411765,0.0,23.52941176470588,0.0
U_12077581,100.0,0.0,0.0,0.0
U_16832053,50.0,50.0,0.0,0.0
U_14383296,100.0,0.0,0.0,0.0
U_5852533,100.0,0.0,0.0,0.0
U_5067347,100.0,0.0,0.0,0.0
U_28407799,100.0,0.0,0.0,0.0
U_14841537,100.0,0.0,0.0,0.0
U_31063530,40.0,10.0,30.0,10.0
U_27250884,0.0,100.0,0.0,0.0
U_31063403,100.0,0.0,0.0,0.0
U_30490476,100.0,0.0,0.0,0.0
U_13074270,100.0,0.0,0.0,0.0
U_31062407,33.33333333333333,0.0,11.11111111111111,0.0
U_31063862,100.0,0.0,0.0,0.0
U_12435378,0.0,0.0,0.0,100.0
U_12232805,100.0,0.0,0.0,0.0
U_8340278,83.33333333333334,16.666666666666664,0.0,0.0
U_5029811,100.0,0.0,0.0,0.0
U_29443549,0.0,0.0,100.0,0.0
U_28048914,100.0,0.0,0.0,0.0
U_14643051,100.0,0.0,0.0,0.0
U_30542317,0.0,0.0,100.0,0.0
U_31064140,100.0,0.0,0.0,0.0
U_1787433,100.0,0.0,0.0,0.0
U_12442065,0.0,0.0,0.0,100.0
U_15400597,66.66666666666666,0.0,33.33333333333333,0.0
U_1112708,100.0,0.0,0.0,0.0
U_31064286,100.0,0.0,0.0,0.0
U_22840128,0.0,0.0,100.0,0.0
U_18562753,100.0,0.0,0.0,0.0
U_31064274,83.33333333333334,0.0,16.666666666666664,0.0
U_5658510,0.0,0.0,100.0,0.0
U_30940856,100.0,0.0,0.0,0.0
U_28359155,0.0,0.0,100.0,0.0
U_15762789,100.0,0.0,0.0,0.0
U_12614949,0.0,0.0,33.33333333333333,66.66666666666666
U_16162345,100.0,0.0,0.0,0.0
U_11183361,0.0,0.0,100.0,0.0
U_20222531,0.0,0.0,50.0,50.0
U_30770879,0.0,0.0,71.42857142857143,28.57142857142857
U_31064586,100.0,0.0,0.0,0.0
U_31050757,100.0,0.0,0.0,0.0
U_31064690,100.0,0.0,0.0,0.0
U_28522792,100.0,0.0,0.0,0.0
U_31064658,100.0,0.0,0.0,0.0
U_31064799,68.42105263157895,21.052631578947366,10.526315789473683,0.0
U_11601091,100.0,0.0,0.0,0.0
U_4835879,0.0,0.0,25.0,0.0
U_30694664,100.0,0.0,0.0,0.0
U_31059220,100.0,0.0,0.0,0.0
U_12661407,0.0,0.0,66.66666666666666,33.33333333333333
U_30845167,0.0,0.0,100.0,0.0
U_27204821,100.0,0.0,0.0,0.0
U_11980682,100.0,0.0,0.0,0.0
U_4694606,100.0,0.0,0.0,0.0
U_12661409,0.0,0.0,100.0,0.0
U_4351962,100.0,0.0,0.0,0.0
U_31064321,33.33333333333333,0.0,66.66666666666666,0.0
U_15380009,28.57142857142857,57.14285714285714,14.285714285714285,0.0
U_30608067,80.0,0.0,0.0,20.0
U_31063487,100.0,0.0,0.0,0.0
U_5658460,0.0,0.0,100.0,0.0
U_13417431,0.0,0.0,100.0,0.0
U_31065483,0.0,0.0,50.0,50.0
U_3945594,0.0,0.0,20.0,0.0
U_28583269,0.0,0.0,100.0,0.0
U_31065358,0.0,0.0,0.0,100.0
U_31065512,100.0,0.0,0.0,0.0
U_31065430,100.0,0.0,0.0,0.0
U_29423704,100.0,0.0,0.0,0.0
U_14934879,100.0,0.0,0.0,0.0
U_31065581,50.0,0.0,50.0,0.0
U_16896159,0.0,0.0,100.0,0.0
U_5786828,0.0,0.0,100.0,0.0
U_29660395,66.66666666666666,0.0,33.33333333333333,0.0
U_1142027,100.0,0.0,0.0,0.0
U_8135069,22.22222222222222,0.0,11.11111111111111,0.0
U_17192582,84.21052631578947,0.0,15.789473684210526,0.0
U_31017814,100.0,0.0,0.0,0.0
U_15296402,30.0,40.0,20.0,10.0
U_31064737,100.0,0.0,0.0,0.0
U_4432751,0.0,100.0,0.0,0.0
U_12077695,88.23529411764706,11.76470588235294,0.0,0.0
U_30972680,100.0,0.0,0.0,0.0
U_10872412,0.0,0.0,100.0,0.0
U_12408069,66.66666666666666,33.33333333333333,0.0,0.0
U_31042919,0.0,85.71428571428571,14.285714285714285,0.0
U_24636510,100.0,0.0,0.0,0.0
U_31065773,50.0,25.0,25.0,0.0
U_8796612,0.0,50.0,0.0,0.0
U_8113317,0.0,0.0,100.0,0.0
U_15739238,0.0,0.0,50.0,50.0
U_31060153,0.0,0.0,100.0,0.0
U_8218874,0.0,0.0,100.0,0.0
U_16001324,100.0,0.0,0.0,0.0
U_31064472,90.9090909090909,9.090909090909092,0.0,0.0
U_20323401,0.0,0.0,100.0,0.0
U_27885002,80.0,20.0,0.0,0.0
U_4360988,0.0,0.0,100.0,0.0
U_31065988,33.33333333333333,0.0,0.0,66.66666666666666
U_27258584,0.0,0.0,20.0,80.0
U_29226929,0.0,75.0,25.0,0.0
U_25004969,100.0,0.0,0.0,0.0
U_31066007,75.0,25.0,0.0,0.0
U_31065069,88.88888888888889,11.11111111111111,0.0,0.0
U_1769061,100.0,0.0,0.0,0.0
U_10596596,0.0,100.0,0.0,0.0
U_31055563,100.0,0.0,0.0,0.0
U_30963454,100.0,0.0,0.0,0.0
U_31060282,100.0,0.0,0.0,0.0
U_31066181,66.66666666666666,0.0,33.33333333333333,0.0
U_7415898,100.0,0.0,0.0,0.0
U_7004085,53.84615384615385,23.076923076923077,23.076923076923077,0.0
U_13373326,0.0,100.0,0.0,0.0
U_6270388,100.0,0.0,0.0,0.0
U_30934685,100.0,0.0,0.0,0.0
U_31066471,100.0,0.0,0.0,0.0
U_31059754,0.0,0.0,100.0,0.0
U_31063278,100.0,0.0,0.0,0.0
U_15384965,100.0,0.0,0.0,0.0
U_17635635,100.0,0.0,0.0,0.0
U_9677895,77.77777777777779,0.0,22.22222222222222,0.0
U_31066682,71.42857142857143,0.0,28.57142857142857,0.0
U_10197528,100.0,0.0,0.0,0.0
U_15357463,26.666666666666668,53.333333333333336,20.0,0.0
U_28968874,100.0,0.0,0.0,0.0
U_28120132,0.0,0.0,0.0,100.0
U_31065064,0.0,0.0,100.0,0.0
U_30969453,0.0,0.0,100.0,0.0
U_27791455,0.0,0.0,100.0,0.0
U_31067013,0.0,0.0,100.0,0.0
U_3558829,0.0,0.0,88.88888888888889,11.11111111111111
U_18497983,100.0,0.0,0.0,0.0
U_30563517,0.0,40.0,60.0,0.0
U_31067068,40.0,0.0,40.0,20.0
U_31067073,0.0,5.405405405405405,37.83783783783784,51.35135135135135
U_31067391,85.71428571428571,0.0,14.285714285714285,0.0
U_15314709,100.0,0.0,0.0,0.0
U_30887985,100.0,0.0,0.0,0.0
U_31048846,0.0,0.0,0.0,100.0
U_12308747,83.33333333333334,16.666666666666664,0.0,0.0
U_22145373,0.0,0.0,100.0,0.0
U_31066152,43.47826086956522,47.82608695652174,4.3478260869565215,4.3478260869565215
U_29603281,100.0,0.0,0.0,0.0
U_15216690,18.367346938775512,38.775510204081634,36.734693877551024,4.081632653061225
U_13931745,0.0,0.0,100.0,0.0
U_10366553,55.55555555555556,0.0,44.44444444444444,0.0
U_29177,60.86956521739131,0.0,26.08695652173913,13.043478260869565
U_15156557,100.0,0.0,0.0,0.0
U_10414846,0.0,0.0,100.0,0.0
U_20264199,100.0,0.0,0.0,0.0
U_31067615,66.66666666666666,0.0,33.33333333333333,0.0
U_11151290,100.0,0.0,0.0,0.0
U_31056837,25.0,50.0,0.0,25.0
U_29801588,66.66666666666666,33.33333333333333,0.0,0.0
U_14831542,100.0,0.0,0.0,0.0
U_30151589,0.0,50.0,50.0,0.0
U_12186255,100.0,0.0,0.0,0.0
U_31065915,100.0,0.0,0.0,0.0
U_14034098,0.0,0.0,0.0,100.0
U_30939767,100.0,0.0,0.0,0.0
U_31064516,85.71428571428571,0.0,14.285714285714285,0.0
U_348007,100.0,0.0,0.0,0.0
U_30620978,100.0,0.0,0.0,0.0
U_31068172,13.333333333333334,26.666666666666668,60.0,0.0
U_31065518,33.33333333333333,50.0,16.666666666666664,0.0
U_30993111,0.0,0.0,100.0,0.0
U_30247286,100.0,0.0,0.0,0.0
U_1867559,100.0,0.0,0.0,0.0
U_25429938,100.0,0.0,0.0,0.0
U_6990797,0.0,0.0,89.65517241379311,0.0
U_19982928,100.0,0.0,0.0,0.0
U_31058810,0.0,0.0,0.0,0.0
U_12302717,0.0,0.0,100.0,0.0
U_30949626,100.0,0.0,0.0,0.0
U_12067713,40.0,0.0,60.0,0.0
U_31040060,66.66666666666666,33.33333333333333,0.0,0.0
U_3574451,0.0,0.0,50.0,50.0
U_11097259,33.33333333333333,0.0,66.66666666666666,0.0
U_30984218,0.0,0.0,0.0,100.0
U_29771207,0.0,0.0,66.66666666666666,33.33333333333333
U_30925975,22.22222222222222,11.11111111111111,66.66666666666666,0.0
U_1101719,66.66666666666666,33.33333333333333,0.0,0.0
U_30940689,0.0,0.0,50.0,0.0
U_11353364,100.0,0.0,0.0,0.0
U_30966524,0.0,0.0,0.0,50.0
U_21057282,100.0,0.0,0.0,0.0
U_29967439,100.0,0.0,0.0,0.0
U_30628264,14.285714285714285,85.71428571428571,0.0,0.0
U_13579515,0.0,50.0,50.0,0.0
U_13062075,50.0,0.0,50.0,0.0
U_31070001,0.0,33.33333333333333,66.66666666666666,0.0
U_12051834,100.0,0.0,0.0,0.0
U_31069999,28.57142857142857,14.285714285714285,42.857142857142854,14.285714285714285
U_31070164,80.0,0.0,0.0,20.0
U_2474710,100.0,0.0,0.0,0.0
U_31069738,0.0,25.0,0.0,25.0
U_30913749,100.0,0.0,0.0,0.0
U_9468334,0.0,100.0,0.0,0.0
U_31064339,9.090909090909092,9.090909090909092,72.72727272727273,9.090909090909092
U_31064944,18.181818181818183,4.545454545454546,31.818181818181817,13.636363636363635
U_1226627,88.57142857142857,2.857142857142857,8.571428571428571,0.0
U_31070073,100.0,0.0,0.0,0.0
U_1695055,100.0,0.0,0.0,0.0
U_4501766,100.0,0.0,0.0,0.0
U_30036470,100.0,0.0,0.0,0.0
U_3706283,100.0,0.0,0.0,0.0
U_22289886,0.0,0.0,50.0,0.0
U_19915060,0.0,0.0,60.0,0.0
U_29048218,100.0,0.0,0.0,0.0
U_16598281,89.1891891891892,2.7027027027027026,2.7027027027027026,5.405405405405405
U_20349969,100.0,0.0,0.0,0.0
U_374436,96.15384615384616,0.0,3.8461538461538463,0.0
U_8025344,100.0,0.0,0.0,0.0
U_23981391,0.0,0.0,33.33333333333333,66.66666666666666
U_30966460,0.0,0.0,42.857142857142854,57.14285714285714
U_30972984,100.0,0.0,0.0,0.0
U_12072328,100.0,0.0,0.0,0.0
U_2039240,0.0,0.0,100.0,0.0
U_30625520,75.0,0.0,25.0,0.0
U_29115888,100.0,0.0,0.0,0.0
U_31071549,100.0,0.0,0.0,0.0
U_11515653,100.0,0.0,0.0,0.0
U_64060,0.0,0.0,76.92307692307693,23.076923076923077
U_14836027,0.0,50.0,50.0,0.0
U_8114153,100.0,0.0,0.0,0.0
U_12929096,0.0,0.0,33.33333333333333,66.66666666666666
U_4282701,100.0,0.0,0.0,0.0
U_16698246,90.0,10.0,0.0,0.0
U_31065765,100.0,0.0,0.0,0.0
U_18534028,100.0,0.0,0.0,0.0
U_20469939,20.0,60.0,20.0,0.0
U_29658364,100.0,0.0,0.0,0.0
U_2081492,100.0,0.0,0.0,0.0
U_31054478,14.285714285714285,28.57142857142857,42.857142857142854,0.0
U_30926242,100.0,0.0,0.0,0.0
U_31072392,100.0,0.0,0.0,0.0
U_5218402,100.0,0.0,0.0,0.0
U_26638392,100.0,0.0,0.0,0.0
U_15270068,0.0,0.0,100.0,0.0
U_31041689,100.0,0.0,0.0,0.0
U_31072588,100.0,0.0,0.0,0.0
U_12480095,100.0,0.0,0.0,0.0
U_19862609,100.0,0.0,0.0,0.0
U_29169350,0.0,62.5,25.0,12.5
U_31071037,100.0,0.0,0.0,0.0
U_6422106,100.0,0.0,0.0,0.0
U_10184209,0.0,0.0,50.0,50.0
U_22779222,0.0,0.0,100.0,0.0
U_21429829,0.0,0.0,100.0,0.0
U_27699089,66.66666666666666,0.0,33.33333333333333,0.0
U_17103540,100.0,0.0,0.0,0.0
U_31072873,100.0,0.0,0.0,0.0
U_31071692,100.0,0.0,0.0,0.0
U_30696138,100.0,0.0,0.0,0.0
U_12462692,52.94117647058824,11.76470588235294,35.294117647058826,0.0
U_31073206,50.0,16.666666666666664,33.33333333333333,0.0
U_31073035,0.0,0.0,100.0,0.0
U_29817647,50.0,0.0,50.0,0.0
U_31073284,100.0,0.0,0.0,0.0
U_31073280,96.7032967032967,2.197802197802198,1.098901098901099,0.0
U_20562639,100.0,0.0,0.0,0.0
U_12389166,21.052631578947366,0.0,57.89473684210527,5.263157894736842
U_30659137,63.1578947368421,5.263157894736842,31.57894736842105,0.0
U_31072512,40.0,60.0,0.0,0.0
U_3895892,100.0,0.0,0.0,0.0
U_31073347,100.0,0.0,0.0,0.0
U_31062979,100.0,0.0,0.0,0.0
U_31073130,100.0,0.0,0.0,0.0
U_30935220,100.0,0.0,0.0,0.0
U_15403302,100.0,0.0,0.0,0.0
U_31046773,0.0,80.0,10.0,10.0
U_30501943,100.0,0.0,0.0,0.0
U_31073335,0.0,0.0,0.0,100.0
U_31068188,0.0,0.0,0.0,100.0
U_8931308,0.0,0.0,100.0,0.0
U_31066424,100.0,0.0,0.0,0.0
U_31070775,0.0,0.0,100.0,0.0
U_31061169,0.0,0.0,100.0,0.0
U_31073533,100.0,0.0,0.0,0.0
U_79830,100.0,0.0,0.0,0.0
U_10604092,83.33333333333334,16.666666666666664,0.0,0.0
U_25927786,100.0,0.0,0.0,0.0
U_30678168,0.0,0.0,100.0,0.0
U_31062193,90.9090909090909,9.090909090909092,0.0,0.0
U_31073692,100.0,0.0,0.0,0.0
U_31073948,66.66666666666666,0.0,33.33333333333333,0.0
U_15403321,100.0,0.0,0.0,0.0
U_31045966,50.0,0.0,0.0,0.0
U_16154961,100.0,0.0,0.0,0.0
U_31074119,100.0,0.0,0.0,0.0
U_31073995,100.0,0.0,0.0,0.0
U_31074031,50.0,50.0,0.0,0.0
U_9560124,100.0,0.0,0.0,0.0
U_31069102,50.0,0.0,50.0,0.0
U_19233337,100.0,0.0,0.0,0.0
U_31067669,0.0,0.0,100.0,0.0
U_30641235,0.0,0.0,0.0,100.0
U_30964534,54.54545454545454,27.27272727272727,18.181818181818183,0.0
U_19164724,25.0,25.0,50.0,0.0
U_29178159,100.0,0.0,0.0,0.0
U_2150129,100.0,0.0,0.0,0.0
U_31074089,77.14285714285715,5.714285714285714,17.142857142857142,0.0
U_29154976,80.0,20.0,0.0,0.0
U_15582632,66.66666666666666,33.33333333333333,0.0,0.0
U_13158710,100.0,0.0,0.0,0.0
U_15034850,0.0,0.0,45.0,5.0
U_31071095,0.0,0.0,0.0,100.0
U_31067138,100.0,0.0,0.0,0.0
U_31044829,0.0,0.0,100.0,0.0
U_2147656,100.0,0.0,0.0,0.0
U_30908814,50.0,50.0,0.0,0.0
U_31074353,50.0,0.0,50.0,0.0
U_27522121,100.0,0.0,0.0,0.0
U_30810443,100.0,0.0,0.0,0.0
U_31074374,100.0,0.0,0.0,0.0
U_26368764,100.0,0.0,0.0,0.0
U_9834079,100.0,0.0,0.0,0.0
U_29226352,100.0,0.0,0.0,0.0
U_28001203,100.0,0.0,0.0,0.0
U_30956155,85.71428571428571,14.285714285714285,0.0,0.0
U_18494363,0.0,0.0,50.0,0.0
U_12402879,57.89473684210527,0.0,10.526315789473683,0.0
U_1253070,0.0,0.0,40.0,60.0
U_23171107,100.0,0.0,0.0,0.0
U_27411940,100.0,0.0,0.0,0.0
U_22381188,0.0,0.0,100.0,0.0
U_11833822,0.0,0.0,100.0,0.0
U_31074934,0.0,0.0,100.0,0.0
U_31074993,50.0,0.0,50.0,0.0
U_31075103,66.66666666666666,33.33333333333333,0.0,0.0
U_31074967,100.0,0.0,0.0,0.0
U_30536279,60.0,20.0,20.0,0.0
U_31075179,75.0,25.0,0.0,0.0
U_2199905,25.0,25.0,50.0,0.0
U_30388192,100.0,0.0,0.0,0.0
U_31080827,100.0,0.0,0.0,0.0
U_15498443,0.0,100.0,0.0,0.0
U_31058058,0.0,20.0,20.0,0.0
U_11143441,100.0,0.0,0.0,0.0
U_16740399,100.0,0.0,0.0,0.0
U_11470837,0.0,37.5,12.5,12.5
U_29459854,100.0,0.0,0.0,0.0
U_15394497,0.0,0.0,100.0,0.0
U_30196936,100.0,0.0,0.0,0.0
U_23428030,100.0,0.0,0.0,0.0
U_13893761,9.523809523809524,19.047619047619047,19.047619047619047,4.761904761904762
U_31081069,100.0,0.0,0.0,0.0
U_6878098,100.0,0.0,0.0,0.0
U_31081740,0.0,0.0,50.0,50.0
U_12919586,50.0,0.0,50.0,0.0
U_30258252,100.0,0.0,0.0,0.0
U_31068324,60.0,0.0,40.0,0.0
U_31060713,100.0,0.0,0.0,0.0
U_30422499,100.0,0.0,0.0,0.0
U_11930068,0.0,33.33333333333333,66.66666666666666,0.0
U_14658107,100.0,0.0,0.0,0.0
U_31030187,100.0,0.0,0.0,0.0
U_27876705,100.0,0.0,0.0,0.0
U_20790188,0.0,0.0,100.0,0.0
U_29954146,100.0,0.0,0.0,0.0
U_30936335,0.0,0.0,100.0,0.0
U_5937170,0.0,0.0,100.0,0.0
U_4944506,66.66666666666666,33.33333333333333,0.0,0.0
U_30207454,66.66666666666666,0.0,33.33333333333333,0.0
U_1023751,33.33333333333333,0.0,66.66666666666666,0.0
U_31082489,15.384615384615385,15.384615384615385,53.84615384615385,0.0
U_10979770,100.0,0.0,0.0,0.0
U_31072756,0.0,100.0,0.0,0.0
U_31082621,80.0,0.0,20.0,0.0
U_7780213,0.0,100.0,0.0,0.0
U_31064089,100.0,0.0,0.0,0.0
U_6243986,100.0,0.0,0.0,0.0
U_31019225,100.0,0.0,0.0,0.0
U_371053,100.0,0.0,0.0,0.0
U_30686491,0.0,0.0,66.66666666666666,33.33333333333333
U_12390052,100.0,0.0,0.0,0.0
U_29921050,100.0,0.0,0.0,0.0
U_30938696,85.71428571428571,14.285714285714285,0.0,0.0
U_14776765,0.0,0.0,66.66666666666666,33.33333333333333
U_933051,100.0,0.0,0.0,0.0
U_12885967,100.0,0.0,0.0,0.0
U_30827191,100.0,0.0,0.0,0.0
U_20244082,60.0,20.0,20.0,0.0
U_31083222,100.0,0.0,0.0,0.0
U_29732716,100.0,0.0,0.0,0.0
U_29421561,0.0,25.0,25.0,25.0
U_26208317,0.0,100.0,0.0,0.0
U_31083406,50.0,50.0,0.0,0.0
U_6021963,0.0,0.0,0.0,100.0
U_13503716,100.0,0.0,0.0,0.0
U_4855182,100.0,0.0,0.0,0.0
U_9040733,0.0,0.0,100.0,0.0
U_973392,100.0,0.0,0.0,0.0
U_29232419,0.0,0.0,37.5,62.5
U_31074956,100.0,0.0,0.0,0.0
U_31072752,100.0,0.0,0.0,0.0
U_31083603,100.0,0.0,0.0,0.0
U_30883421,100.0,0.0,0.0,0.0
U_30933480,100.0,0.0,0.0,0.0
U_2107566,0.0,0.0,100.0,0.0
U_31054799,100.0,0.0,0.0,0.0
U_13738535,0.0,0.0,100.0,0.0
U_12980156,88.88888888888889,11.11111111111111,0.0,0.0
U_31070835,100.0,0.0,0.0,0.0
U_31082345,50.0,0.0,50.0,0.0
U_31084138,6.666666666666667,0.0,40.0,0.0
U_31072885,100.0,0.0,0.0,0.0
U_30186319,100.0,0.0,0.0,0.0
U_284675,20.0,60.0,20.0,0.0
U_29061423,50.0,50.0,0.0,0.0
U_31072149,100.0,0.0,0.0,0.0
U_30990739,100.0,0.0,0.0,0.0
U_31047920,0.0,0.0,100.0,0.0
U_31023677,100.0,0.0,0.0,0.0
U_30292695,100.0,0.0,0.0,0.0
U_29710643,100.0,0.0,0.0,0.0
U_31065159,100.0,0.0,0.0,0.0
U_30281906,100.0,0.0,0.0,0.0
U_29027209,50.0,0.0,50.0,0.0
U_31084460,0.0,100.0,0.0,0.0
U_14281312,100.0,0.0,0.0,0.0
U_31082052,100.0,0.0,0.0,0.0
U_15193782,45.45454545454545,36.36363636363637,18.181818181818183,0.0
U_31081870,0.0,0.0,0.0,100.0
U_4660974,0.0,66.66666666666666,33.33333333333333,0.0
U_826494,100.0,0.0,0.0,0.0
U_190100,100.0,0.0,0.0,0.0
U_31083489,0.0,57.14285714285714,14.285714285714285,14.285714285714285
U_15018398,100.0,0.0,0.0,0.0
U_30904523,100.0,0.0,0.0,0.0
U_14444398,100.0,0.0,0.0,0.0
U_31084395,0.0,66.66666666666666,33.33333333333333,0.0
U_13721899,0.0,7.142857142857142,14.285714285714285,78.57142857142857
U_29152894,0.0,0.0,100.0,0.0
U_30828654,40.0,0.0,40.0,20.0
U_13530390,100.0,0.0,0.0,0.0
U_14801652,50.0,25.0,0.0,0.0
U_31084939,100.0,0.0,0.0,0.0
U_13730590,25.0,12.5,62.5,0.0
U_31069959,0.0,0.0,0.0,100.0
U_31085044,33.33333333333333,33.33333333333333,33.33333333333333,0.0
U_12019899,0.0,0.0,100.0,0.0
U_31085163,100.0,0.0,0.0,0.0
U_3277367,66.66666666666666,0.0,0.0,33.33333333333333
U_15815492,100.0,0.0,0.0,0.0
U_12943251,100.0,0.0,0.0,0.0
U_31085416,75.0,0.0,0.0,25.0
U_13561418,75.0,25.0,0.0,0.0
U_28581941,60.0,0.0,20.0,0.0
U_22891992,100.0,0.0,0.0,0.0
U_31033812,100.0,0.0,0.0,0.0
U_31060917,100.0,0.0,0.0,0.0
U_27106513,66.66666666666666,0.0,33.33333333333333,0.0
U_30078399,0.0,0.0,100.0,0.0
U_15122964,100.0,0.0,0.0,0.0
U_15387266,0.0,100.0,0.0,0.0
U_16494881,0.0,0.0,36.36363636363637,0.0
U_30825679,0.0,0.0,0.0,100.0
U_10323303,50.0,0.0,50.0,0.0
U_31065539,100.0,0.0,0.0,0.0
U_8180390,0.0,0.0,100.0,0.0
U_31086089,42.10526315789473,15.789473684210526,36.84210526315789,5.263157894736842
U_15313907,0.0,0.0,50.0,50.0
U_28936868,100.0,0.0,0.0,0.0
U_29150708,66.66666666666666,0.0,0.0,33.33333333333333
U_14213770,100.0,0.0,0.0,0.0
U_30975792,0.0,0.0,100.0,0.0
U_10921126,100.0,0.0,0.0,0.0
U_15069673,37.5,18.75,12.5,31.25
U_31067046,0.0,0.0,50.0,0.0
U_13730656,0.0,0.0,100.0,0.0
U_31084320,100.0,0.0,0.0,0.0
U_27711706,33.33333333333333,33.33333333333333,33.33333333333333,0.0
U_4460478,100.0,0.0,0.0,0.0
U_31087296,100.0,0.0,0.0,0.0
U_10323859,0.0,50.0,0.0,0.0
U_12859435,80.0,0.0,20.0,0.0
U_15491636,25.0,0.0,75.0,0.0
U_31069822,23.076923076923077,0.0,15.384615384615385,0.0
U_10549181,100.0,0.0,0.0,0.0
U_31082718,100.0,0.0,0.0,0.0
U_31087627,66.66666666666666,0.0,33.33333333333333,0.0
U_8307813,0.0,50.0,50.0,0.0
U_5346648,0.0,0.0,14.285714285714285,14.285714285714285
U_14640341,100.0,0.0,0.0,0.0
U_15489287,16.666666666666664,16.666666666666664,66.66666666666666,0.0
U_25685202,0.0,0.0,0.0,100.0
U_30930915,100.0,0.0,0.0,0.0
U_31088091,100.0,0.0,0.0,0.0
U_29210346,0.0,0.0,100.0,0.0
U_9388177,100.0,0.0,0.0,0.0
U_30926142,0.0,0.0,100.0,0.0
U_13503720,100.0,0.0,0.0,0.0
U_21044362,100.0,0.0,0.0,0.0
U_26433428,100.0,0.0,0.0,0.0
U_24135871,0.0,0.0,100.0,0.0
U_31084811,0.0,0.0,100.0,0.0
U_31088274,1.5873015873015872,12.698412698412698,46.03174603174603,6.349206349206349
U_12991583,100.0,0.0,0.0,0.0
U_30349814,100.0,0.0,0.0,0.0
U_31088286,100.0,0.0,0.0,0.0
U_27186534,71.42857142857143,14.285714285714285,14.285714285714285,0.0
U_15157809,100.0,0.0,0.0,0.0
U_19156200,88.88888888888889,11.11111111111111,0.0,0.0
U_25321487,100.0,0.0,0.0,0.0
U_31064361,100.0,0.0,0.0,0.0
U_15025543,66.66666666666666,0.0,33.33333333333333,0.0
U_31074853,100.0,0.0,0.0,0.0
U_25830728,100.0,0.0,0.0,0.0
U_29585506,0.0,0.0,0.0,100.0
U_23532058,0.0,0.0,20.0,0.0
U_31086945,0.0,0.0,100.0,0.0
U_16030983,0.0,0.0,100.0,0.0
U_30939123,100.0,0.0,0.0,0.0
U_30662115,0.0,0.0,100.0,0.0
U_81669,100.0,0.0,0.0,0.0
U_31086846,30.76923076923077,7.6923076923076925,61.53846153846154,0.0
U_30834773,50.0,50.0,0.0,0.0
U_13630835,50.0,0.0,30.0,0.0
U_30973510,100.0,0.0,0.0,0.0
U_5200706,100.0,0.0,0.0,0.0
U_30936875,100.0,0.0,0.0,0.0
U_15316825,85.71428571428571,14.285714285714285,0.0,0.0
U_29242990,75.0,0.0,25.0,0.0
U_19524283,0.0,0.0,100.0,0.0
U_2636790,100.0,0.0,0.0,0.0
U_29705892,66.66666666666666,0.0,33.33333333333333,0.0
U_14775916,14.285714285714285,19.642857142857142,25.0,1.7857142857142856
U_14305173,50.0,0.0,0.0,50.0
U_30940973,100.0,0.0,0.0,0.0
U_3346213,100.0,0.0,0.0,0.0
U_30201650,66.66666666666666,0.0,33.33333333333333,0.0
U_31084729,0.0,0.0,100.0,0.0
U_1248500,0.0,2.857142857142857,25.71428571428571,17.142857142857142
U_31091059,75.0,25.0,0.0,0.0
U_27874527,100.0,0.0,0.0,0.0
U_10209699,100.0,0.0,0.0,0.0
U_12677072,100.0,0.0,0.0,0.0
U_5774677,100.0,0.0,0.0,0.0
U_31068844,100.0,0.0,0.0,0.0
U_15280881,0.0,0.0,62.5,0.0
U_30935485,0.0,0.0,80.0,20.0
U_30384027,100.0,0.0,0.0,0.0
U_3486792,60.0,20.0,0.0,0.0
U_1908290,100.0,0.0,0.0,0.0
U_13846412,25.0,50.0,12.5,0.0
U_31091798,0.0,0.0,100.0,0.0
U_14214781,100.0,0.0,0.0,0.0
U_31091797,0.0,100.0,0.0,0.0
U_10537689,66.66666666666666,0.0,0.0,33.33333333333333
U_31092049,100.0,0.0,0.0,0.0
U_29386579,100.0,0.0,0.0,0.0
U_27556031,45.45454545454545,4.545454545454546,40.909090909090914,9.090909090909092
U_711437,100.0,0.0,0.0,0.0
U_17155990,100.0,0.0,0.0,0.0
U_31092146,100.0,0.0,0.0,0.0
U_12442719,100.0,0.0,0.0,0.0
U_31092558,100.0,0.0,0.0,0.0
U_31082996,100.0,0.0,0.0,0.0
U_20260919,0.0,0.0,100.0,0.0
U_9366503,0.0,0.0,100.0,0.0
U_31092046,0.0,0.0,0.0,100.0
U_31072687,100.0,0.0,0.0,0.0
U_1459986,73.33333333333333,6.666666666666667,20.0,0.0
U_12304518,0.0,100.0,0.0,0.0
U_2459416,0.0,50.0,50.0,0.0
U_19167589,100.0,0.0,0.0,0.0
U_31091946,0.0,0.0,100.0,0.0
U_31091960,0.0,0.0,0.0,100.0
U_31092650,25.53191489361702,48.93617021276596,14.893617021276595,10.638297872340425
U_31092747,100.0,0.0,0.0,0.0
U_31092665,100.0,0.0,0.0,0.0
U_31092702,50.0,0.0,50.0,0.0
U_15037360,38.88888888888889,27.77777777777778,33.33333333333333,0.0
U_1074876,0.0,0.0,100.0,0.0
U_28443472,100.0,0.0,0.0,0.0
U_12444526,0.0,0.0,100.0,0.0
U_4956980,0.0,0.0,23.076923076923077,0.0
U_31091041,100.0,0.0,0.0,0.0
U_28152713,100.0,0.0,0.0,0.0
U_12513642,0.0,0.0,100.0,0.0
U_28433099,100.0,0.0,0.0,0.0
U_159736,100.0,0.0,0.0,0.0
U_22713057,100.0,0.0,0.0,0.0
U_19709776,100.0,0.0,0.0,0.0
U_31093153,100.0,0.0,0.0,0.0
U_29687768,0.0,0.0,0.0,100.0
U_2527647,100.0,0.0,0.0,0.0
U_31093391,87.5,12.5,0.0,0.0
U_14495532,100.0,0.0,0.0,0.0
U_30955157,0.0,0.0,50.0,50.0
U_31013286,10.344827586206897,12.068965517241379,56.896551724137936,0.0
U_31093655,75.0,0.0,0.0,0.0
U_11138772,100.0,0.0,0.0,0.0
U_18486245,100.0,0.0,0.0,0.0
U_9530283,25.0,50.0,25.0,0.0
U_31093448,100.0,0.0,0.0,0.0
U_31093425,100.0,0.0,0.0,0.0
U_31091076,100.0,0.0,0.0,0.0
U_31094031,100.0,0.0,0.0,0.0
U_30926466,0.0,0.0,100.0,0.0
U_1564466,100.0,0.0,0.0,0.0
U_30676534,0.0,0.0,100.0,0.0
U_30927569,100.0,0.0,0.0,0.0
U_16277755,73.94957983193278,20.168067226890756,3.361344537815126,1.680672268907563
U_13230832,82.35294117647058,11.76470588235294,5.88235294117647,0.0
U_31094507,100.0,0.0,0.0,0.0
U_31086596,0.0,100.0,0.0,0.0
U_31068278,0.6700167504187605,3.350083752093802,85.25963149078727,1.8425460636515913
U_30993871,0.0,100.0,0.0,0.0
U_15268711,100.0,0.0,0.0,0.0
U_17473010,50.0,25.0,25.0,0.0
U_7632993,0.0,20.0,80.0,0.0
U_477388,89.1891891891892,0.0,0.0,10.81081081081081
U_30844732,100.0,0.0,0.0,0.0
U_31071075,0.0,0.0,0.0,0.0
U_29494674,0.0,0.0,100.0,0.0
U_31094870,0.0,0.0,100.0,0.0
U_27947356,0.0,28.57142857142857,42.857142857142854,14.285714285714285
U_31090660,100.0,0.0,0.0,0.0
U_31094797,100.0,0.0,0.0,0.0
U_2429576,53.57142857142857,21.428571428571427,21.428571428571427,0.0
U_11544822,0.0,20.0,58.75,1.25
U_31095236,0.0,0.0,75.0,0.0
U_30888514,0.0,50.0,50.0,0.0
U_16037928,75.0,25.0,0.0,0.0
U_30937746,100.0,0.0,0.0,0.0
U_28675869,100.0,0.0,0.0,0.0
U_16661728,100.0,0.0,0.0,0.0
U_22318091,100.0,0.0,0.0,0.0
U_18259624,66.66666666666666,0.0,33.33333333333333,0.0
U_15299603,100.0,0.0,0.0,0.0
U_30973105,100.0,0.0,0.0,0.0
U_31095655,100.0,0.0,0.0,0.0
U_30027568,100.0,0.0,0.0,0.0
U_31092730,95.0,5.0,0.0,0.0
U_28944002,50.0,10.0,20.0,20.0
U_1928817,0.0,0.0,100.0,0.0
U_31087413,100.0,0.0,0.0,0.0
U_31095680,100.0,0.0,0.0,0.0
U_31091880,0.0,50.0,50.0,0.0
U_31096122,40.0,20.0,40.0,0.0
U_31096111,100.0,0.0,0.0,0.0
U_31093854,50.0,0.0,50.0,0.0
U_12607039,100.0,0.0,0.0,0.0
U_12653957,66.66666666666666,0.0,33.33333333333333,0.0
U_29177203,75.0,25.0,0.0,0.0
U_29234978,100.0,0.0,0.0,0.0
U_5415102,100.0,0.0,0.0,0.0
U_17470158,0.0,22.22222222222222,77.77777777777779,0.0
U_31096211,50.0,25.0,25.0,0.0
U_31062825,66.66666666666666,0.0,0.0,33.33333333333333
U_14452194,100.0,0.0,0.0,0.0
U_29257172,100.0,0.0,0.0,0.0
U_16563208,65.45454545454545,23.636363636363637,10.909090909090908,0.0
U_19296088,40.0,20.0,0.0,40.0
U_28718653,100.0,0.0,0.0,0.0
U_31096473,100.0,0.0,0.0,0.0
U_14090269,0.0,0.0,0.0,100.0
U_20218820,100.0,0.0,0.0,0.0
U_23039239,50.0,0.0,0.0,50.0
U_31096584,100.0,0.0,0.0,0.0
U_14828192,92.85714285714286,0.0,7.142857142857142,0.0
U_13910905,0.0,0.0,0.0,100.0
U_27009108,100.0,0.0,0.0,0.0
U_30648523,100.0,0.0,0.0,0.0
U_1912677,0.0,0.0,100.0,0.0
U_31046960,100.0,0.0,0.0,0.0
U_15633098,100.0,0.0,0.0,0.0
U_14854796,0.0,0.0,42.857142857142854,0.0
U_26619738,66.66666666666666,33.33333333333333,0.0,0.0
U_31097181,100.0,0.0,0.0,0.0
U_9277647,100.0,0.0,0.0,0.0
U_29824396,100.0,0.0,0.0,0.0
U_31068764,100.0,0.0,0.0,0.0
U_30399086,100.0,0.0,0.0,0.0
U_31068625,100.0,0.0,0.0,0.0
U_31097708,0.0,0.0,100.0,0.0
U_31083675,88.88888888888889,0.0,11.11111111111111,0.0
U_16015341,100.0,0.0,0.0,0.0
U_23535356,97.14285714285714,2.857142857142857,0.0,0.0
U_15219511,100.0,0.0,0.0,0.0
U_13000883,0.0,100.0,0.0,0.0
U_31090684,25.0,0.0,75.0,0.0
U_30704639,0.0,0.0,100.0,0.0
U_24645936,50.0,50.0,0.0,0.0
U_1632287,0.0,60.0,40.0,0.0
U_4149762,100.0,0.0,0.0,0.0
U_30717008,0.0,0.0,100.0,0.0
U_170052,0.0,66.66666666666666,33.33333333333333,0.0
U_30445055,80.0,20.0,0.0,0.0
U_31096769,0.0,0.0,100.0,0.0
U_361418,0.0,24.0,44.0,8.0
U_16423000,0.0,100.0,0.0,0.0
U_15502459,100.0,0.0,0.0,0.0
U_13761567,20.0,80.0,0.0,0.0
U_31099393,100.0,0.0,0.0,0.0
U_31097659,70.0,0.0,10.0,0.0
U_8207470,0.0,0.0,100.0,0.0
U_31096558,40.0,0.0,40.0,0.0
U_19916969,0.0,0.0,33.33333333333333,66.66666666666666
U_31099697,0.0,100.0,0.0,0.0
U_1042519,83.33333333333334,0.0,16.666666666666664,0.0
U_4361770,100.0,0.0,0.0,0.0
U_29741989,100.0,0.0,0.0,0.0
U_4309036,100.0,0.0,0.0,0.0
U_12431703,0.0,100.0,0.0,0.0
U_14496012,87.5,6.25,6.25,0.0
U_20955673,100.0,0.0,0.0,0.0
U_30168827,0.0,0.0,100.0,0.0
U_11483053,0.0,0.0,100.0,0.0
U_31100105,48.38709677419355,9.67741935483871,38.70967741935484,3.225806451612903
U_11905181,0.0,0.0,100.0,0.0
U_30622402,0.0,0.0,33.33333333333333,33.33333333333333
U_31100230,95.23809523809523,4.761904761904762,0.0,0.0
U_3947661,100.0,0.0,0.0,0.0
U_30821547,100.0,0.0,0.0,0.0
U_29226833,100.0,0.0,0.0,0.0
U_26603057,100.0,0.0,0.0,0.0
U_13368555,90.9090909090909,0.0,0.0,9.090909090909092
U_12439718,0.0,0.0,100.0,0.0
U_30969376,0.0,100.0,0.0,0.0
U_30471548,100.0,0.0,0.0,0.0
U_29423755,0.0,0.0,100.0,0.0
U_31100553,3.6585365853658534,3.6585365853658534,42.68292682926829,45.1219512195122
U_31100412,100.0,0.0,0.0,0.0
U_5875346,87.5,0.0,12.5,0.0
U_31064831,100.0,0.0,0.0,0.0
U_27410626,0.0,0.0,100.0,0.0
U_17161841,100.0,0.0,0.0,0.0
U_12077692,0.0,0.0,100.0,0.0
U_11047605,0.0,0.0,100.0,0.0
U_31100134,100.0,0.0,0.0,0.0
U_31031935,0.0,0.0,100.0,0.0
U_15414207,0.0,0.0,100.0,0.0
U_31101507,100.0,0.0,0.0,0.0
U_17704013,0.0,0.0,100.0,0.0
U_30306537,100.0,0.0,0.0,0.0
U_30850265,0.0,0.0,0.0,100.0
U_31093447,50.0,50.0,0.0,0.0
U_31103559,0.0,0.0,100.0,0.0
U_15422424,66.66666666666666,33.33333333333333,0.0,0.0
U_14598811,40.0,40.0,20.0,0.0
U_31103632,100.0,0.0,0.0,0.0
U_3176934,100.0,0.0,0.0,0.0
U_31095980,100.0,0.0,0.0,0.0
U_31057561,70.58823529411765,11.76470588235294,17.647058823529413,0.0
U_31103567,100.0,0.0,0.0,0.0
U_29131034,90.0,10.0,0.0,0.0
U_15422711,0.0,0.0,33.33333333333333,0.0
U_4289869,50.0,0.0,25.0,25.0
U_15493644,0.0,79.48717948717949,20.51282051282051,0.0
U_30271654,31.57894736842105,0.0,63.1578947368421,0.0
U_29482808,100.0,0.0,0.0,0.0
U_27900860,100.0,0.0,0.0,0.0
U_31103646,0.0,18.75,50.0,6.25
U_13529210,0.0,0.0,0.0,100.0
U_31083021,100.0,0.0,0.0,0.0
U_31085012,66.66666666666666,33.33333333333333,0.0,0.0
U_9260326,100.0,0.0,0.0,0.0
U_28381246,75.0,0.0,25.0,0.0
U_30940033,0.0,0.0,50.0,50.0
U_15270892,0.0,0.0,100.0,0.0
U_26625071,0.0,0.0,33.33333333333333,66.66666666666666
U_18500189,100.0,0.0,0.0,0.0
U_4534326,66.66666666666666,13.333333333333334,20.0,0.0
U_30822372,0.0,21.052631578947366,63.1578947368421,0.0
U_31056102,100.0,0.0,0.0,0.0
U_30933269,0.0,0.0,66.66666666666666,33.33333333333333
U_30949652,0.0,0.0,100.0,0.0
U_12976127,100.0,0.0,0.0,0.0
U_31104066,0.0,0.0,100.0,0.0
U_31100446,100.0,0.0,0.0,0.0
U_30913744,100.0,0.0,0.0,0.0
U_1420022,0.0,0.0,100.0,0.0
U_8134841,100.0,0.0,0.0,0.0
U_10250534,66.66666666666666,0.0,33.33333333333333,0.0
U_31091845,100.0,0.0,0.0,0.0
U_12901154,66.66666666666666,0.0,33.33333333333333,0.0
U_16327881,100.0,0.0,0.0,0.0
U_157833,100.0,0.0,0.0,0.0
U_30019794,0.0,0.0,100.0,0.0
U_21199300,100.0,0.0,0.0,0.0
U_31094099,0.0,0.0,100.0,0.0
U_16433514,0.0,100.0,0.0,0.0
U_28436362,100.0,0.0,0.0,0.0
U_31105415,100.0,0.0,0.0,0.0
U_14275033,0.0,0.0,83.33333333333334,16.666666666666664
U_7780397,0.0,0.0,100.0,0.0
U_9110788,100.0,0.0,0.0,0.0
U_23526381,0.0,0.0,100.0,0.0
U_31070092,100.0,0.0,0.0,0.0
U_30939472,100.0,0.0,0.0,0.0
U_2056184,100.0,0.0,0.0,0.0
U_31037076,100.0,0.0,0.0,0.0
U_31023302,0.0,0.0,100.0,0.0
U_29733573,100.0,0.0,0.0,0.0
U_16016520,100.0,0.0,0.0,0.0
U_1639078,50.0,50.0,0.0,0.0
U_31105677,100.0,0.0,0.0,0.0
U_2208038,0.0,0.0,100.0,0.0
U_30963682,0.0,0.0,33.33333333333333,66.66666666666666
U_30898800,0.0,50.0,50.0,0.0
U_31087592,100.0,0.0,0.0,0.0
U_30607973,100.0,0.0,0.0,0.0
U_11902058,0.0,0.0,100.0,0.0
U_31106018,100.0,0.0,0.0,0.0
U_31106078,50.0,8.333333333333332,33.33333333333333,0.0
U_15423236,0.0,83.33333333333334,16.666666666666664,0.0
U_31043296,100.0,0.0,0.0,0.0
U_31052317,100.0,0.0,0.0,0.0
U_10979761,0.0,0.0,23.076923076923077,0.0
U_11627441,100.0,0.0,0.0,0.0
U_28091215,0.0,0.0,100.0,0.0
U_3006073,100.0,0.0,0.0,0.0
U_31105714,0.0,0.0,100.0,0.0
U_31063601,0.0,100.0,0.0,0.0
U_16139006,57.14285714285714,9.523809523809524,33.33333333333333,0.0
U_12595017,0.0,0.0,100.0,0.0
U_12511849,0.0,28.57142857142857,57.14285714285714,0.0
U_31066338,0.0,100.0,0.0,0.0
U_31096373,60.0,35.0,0.0,5.0
U_15392612,0.0,0.0,100.0,0.0
U_8095502,0.0,0.0,100.0,0.0
U_30033335,0.0,0.0,100.0,0.0
U_6764179,0.0,0.0,100.0,0.0
U_31093155,100.0,0.0,0.0,0.0
U_23530638,100.0,0.0,0.0,0.0
U_23224062,100.0,0.0,0.0,0.0
U_15217440,100.0,0.0,0.0,0.0
U_12419125,100.0,0.0,0.0,0.0
U_31095184,100.0,0.0,0.0,0.0
U_26659043,0.0,0.0,100.0,0.0
U_28470137,71.42857142857143,28.57142857142857,0.0,0.0
U_12620887,0.0,0.0,100.0,0.0
U_31106593,0.0,100.0,0.0,0.0
U_31106630,0.0,0.0,0.0,0.0
U_30928828,0.0,100.0,0.0,0.0
U_31057339,95.0,5.0,0.0,0.0
U_30941511,100.0,0.0,0.0,0.0
U_31088992,100.0,0.0,0.0,0.0
U_7014879,0.0,50.0,50.0,0.0
U_31068488,100.0,0.0,0.0,0.0
U_31100433,50.0,0.0,0.0,50.0
U_17451513,0.0,0.0,100.0,0.0
U_31103745,100.0,0.0,0.0,0.0
U_31105963,85.71428571428571,14.285714285714285,0.0,0.0
U_15339952,0.0,0.0,100.0,0.0
U_28188519,100.0,0.0,0.0,0.0
U_31088909,0.0,0.0,100.0,0.0
U_31099799,12.5,0.0,25.0,0.0
U_10905997,0.0,42.857142857142854,42.857142857142854,14.285714285714285
U_31083659,25.0,0.0,75.0,0.0
U_31107335,0.0,0.0,100.0,0.0
U_12076299,0.0,10.0,60.0,0.0
U_11895433,0.0,0.0,90.0,10.0
U_31088354,60.0,0.0,0.0,40.0
U_30969931,0.0,0.0,42.857142857142854,42.857142857142854
U_49380,0.0,0.0,0.0,100.0
U_31091859,100.0,0.0,0.0,0.0
U_30575042,0.0,0.0,100.0,0.0
U_30912225,100.0,0.0,0.0,0.0
U_11486381,0.0,100.0,0.0,0.0
U_30926968,100.0,0.0,0.0,0.0
U_11392993,0.0,0.0,100.0,0.0
U_4070961,0.0,0.0,100.0,0.0
U_16555181,100.0,0.0,0.0,0.0
U_16755314,0.0,0.0,46.15384615384615,53.84615384615385
U_15393668,100.0,0.0,0.0,0.0
U_28293951,100.0,0.0,0.0,0.0
U_28664461,66.66666666666666,33.33333333333333,0.0,0.0
U_24719632,100.0,0.0,0.0,0.0
U_12434764,0.0,0.0,100.0,0.0
U_18245804,33.33333333333333,33.33333333333333,33.33333333333333,0.0
U_25247966,0.0,0.0,75.0,0.0
U_31109117,100.0,0.0,0.0,0.0
U_10585586,100.0,0.0,0.0,0.0
U_30911404,80.0,0.0,20.0,0.0
U_30912092,0.0,0.0,66.66666666666666,0.0
U_30394835,33.33333333333333,0.0,66.66666666666666,0.0
U_31091823,60.0,0.0,0.0,40.0
U_18192230,0.0,0.0,25.0,75.0
U_9106962,0.0,33.33333333333333,66.66666666666666,0.0
U_31109607,100.0,0.0,0.0,0.0
U_2853394,0.0,0.0,100.0,0.0
U_5866997,100.0,0.0,0.0,0.0
U_28614637,13.636363636363635,9.090909090909092,54.54545454545454,22.727272727272727
U_19899000,0.0,100.0,0.0,0.0
U_5444152,100.0,0.0,0.0,0.0
U_30495700,60.0,0.0,20.0,0.0
U_11256706,0.0,0.0,50.0,50.0
U_29348747,100.0,0.0,0.0,0.0
U_25247116,33.33333333333333,0.0,55.55555555555556,0.0
U_30962804,100.0,0.0,0.0,0.0
U_31018206,0.0,0.0,100.0,0.0
U_1982878,100.0,0.0,0.0,0.0
U_16330527,0.0,0.0,100.0,0.0
U_31088577,75.0,0.0,25.0,0.0
U_31109967,0.0,0.0,50.0,50.0
U_8459739,100.0,0.0,0.0,0.0
U_31110318,0.0,33.33333333333333,66.66666666666666,0.0
U_31110030,100.0,0.0,0.0,0.0
U_1912646,0.0,0.0,100.0,0.0
U_1435536,0.0,100.0,0.0,0.0
U_31066923,0.0,0.0,90.0,10.0
U_31105514,88.88888888888889,5.555555555555555,5.555555555555555,0.0
U_30920615,0.0,0.0,0.0,100.0
U_29779836,100.0,0.0,0.0,0.0
U_9106450,50.0,0.0,50.0,0.0
U_19843872,100.0,0.0,0.0,0.0
U_29498036,100.0,0.0,0.0,0.0
U_13157516,0.0,0.0,100.0,0.0
U_23508739,100.0,0.0,0.0,0.0
U_31110963,0.0,0.0,100.0,0.0
U_31110605,100.0,0.0,0.0,0.0
U_26215536,100.0,0.0,0.0,0.0
U_30971866,100.0,0.0,0.0,0.0
U_16014627,0.0,0.0,100.0,0.0
U_3980672,100.0,0.0,0.0,0.0
U_1701171,100.0,0.0,0.0,0.0
U_2845389,0.0,0.0,100.0,0.0
U_30933340,100.0,0.0,0.0,0.0
U_13577495,80.95238095238095,14.285714285714285,4.761904761904762,0.0
U_3413371,0.0,0.0,100.0,0.0
U_16194077,100.0,0.0,0.0,0.0
U_30496343,0.0,0.0,50.0,0.0
U_14747946,0.0,75.0,25.0,0.0
U_31090019,100.0,0.0,0.0,0.0
U_20247747,85.71428571428571,7.142857142857142,0.0,7.142857142857142
U_20250889,0.0,0.0,100.0,0.0
U_7609964,100.0,0.0,0.0,0.0
U_29179266,0.0,0.0,100.0,0.0
U_29888163,0.0,0.0,17.647058823529413,76.47058823529412
U_30638434,0.0,0.0,50.0,50.0
U_31064905,100.0,0.0,0.0,0.0
U_31111850,50.0,0.0,0.0,50.0
U_371889,100.0,0.0,0.0,0.0
U_31111903,100.0,0.0,0.0,0.0
U_30989040,0.0,0.0,100.0,0.0
U_31073870,100.0,0.0,0.0,0.0
U_15277614,100.0,0.0,0.0,0.0
U_13549498,100.0,0.0,0.0,0.0
U_29012658,0.0,0.0,0.0,100.0
U_31075123,75.0,0.0,25.0,0.0
U_29471212,100.0,0.0,0.0,0.0
U_31093876,100.0,0.0,0.0,0.0
U_13070984,10.0,0.0,30.0,50.0
U_30171775,66.66666666666666,0.0,33.33333333333333,0.0
U_31088686,50.0,0.0,50.0,0.0
U_29497894,100.0,0.0,0.0,0.0
U_31112939,89.47368421052632,10.526315789473683,0.0,0.0
U_26397098,60.0,10.0,20.0,0.0
U_31112958,100.0,0.0,0.0,0.0
U_31112971,86.66666666666667,13.333333333333334,0.0,0.0
U_19804863,0.0,0.0,100.0,0.0
U_30154061,66.66666666666666,0.0,33.33333333333333,0.0
U_3486885,100.0,0.0,0.0,0.0
U_29565329,0.0,0.0,12.5,87.5
U_31031882,100.0,0.0,0.0,0.0
U_497234,100.0,0.0,0.0,0.0
U_31105395,0.0,3.0303030303030303,42.42424242424242,3.0303030303030303
U_7287634,0.0,0.0,100.0,0.0
U_30956678,0.0,0.0,0.0,100.0
U_13730598,0.0,0.0,33.33333333333333,66.66666666666666
U_30898087,0.0,0.0,100.0,0.0
U_3029305,100.0,0.0,0.0,0.0
U_13159950,100.0,0.0,0.0,0.0
U_31113940,0.0,0.0,50.0,50.0
U_16142084,100.0,0.0,0.0,0.0
U_18487368,0.0,8.333333333333332,75.0,0.0
U_31111800,0.0,0.0,100.0,0.0
U_8154909,0.0,0.0,100.0,0.0
U_14443092,0.0,0.0,100.0,0.0
U_31045391,100.0,0.0,0.0,0.0
U_29756631,0.0,100.0,0.0,0.0
U_31104513,100.0,0.0,0.0,0.0
U_30953861,100.0,0.0,0.0,0.0
U_14050711,100.0,0.0,0.0,0.0
U_13070817,100.0,0.0,0.0,0.0
U_28632987,0.0,40.0,60.0,0.0
U_11709177,100.0,0.0,0.0,0.0
U_2911557,100.0,0.0,0.0,0.0
U_24130244,100.0,0.0,0.0,0.0
U_26603474,100.0,0.0,0.0,0.0
U_12201793,0.0,0.0,0.0,0.0
U_30022129,60.0,40.0,0.0,0.0
U_30626210,0.0,26.666666666666668,33.33333333333333,26.666666666666668
U_19217133,75.0,25.0,0.0,0.0
U_12088871,42.857142857142854,14.285714285714285,7.142857142857142,0.0
U_31112336,100.0,0.0,0.0,0.0
U_2231589,0.0,0.0,100.0,0.0
U_30636359,100.0,0.0,0.0,0.0
U_31114955,0.0,100.0,0.0,0.0
U_5640836,50.0,25.0,25.0,0.0
U_27263971,0.0,10.0,20.0,0.0
U_18330574,0.0,0.0,35.294117647058826,52.94117647058824
U_31104305,0.0,20.0,40.0,30.0
U_31115663,66.66666666666666,33.33333333333333,0.0,0.0
U_5845502,87.5,12.5,0.0,0.0
U_31115733,100.0,0.0,0.0,0.0
U_10385090,100.0,0.0,0.0,0.0
U_31106305,100.0,0.0,0.0,0.0
U_31115624,0.0,0.0,100.0,0.0
U_31091494,0.0,0.0,100.0,0.0
U_3495265,100.0,0.0,0.0,0.0
U_15357491,57.14285714285714,0.0,42.857142857142854,0.0
U_27969412,100.0,0.0,0.0,0.0
U_2199253,0.0,0.0,85.71428571428571,14.285714285714285
U_28094776,87.5,0.0,12.5,0.0
U_28920434,71.42857142857143,0.0,28.57142857142857,0.0
U_19661560,0.0,0.0,100.0,0.0
U_15032760,60.0,40.0,0.0,0.0
U_31116267,4.545454545454546,18.181818181818183,9.090909090909092,68.18181818181817
U_31115225,0.0,0.0,50.0,0.0
U_16413353,100.0,0.0,0.0,0.0
U_30893095,0.0,0.0,100.0,0.0
U_13035099,0.0,100.0,0.0,0.0
U_14297683,0.0,28.57142857142857,57.14285714285714,0.0
U_4938696,100.0,0.0,0.0,0.0
U_31116696,40.0,20.0,20.0,0.0
U_29608780,0.0,0.0,100.0,0.0
U_30983835,0.0,0.0,100.0,0.0
U_28999951,100.0,0.0,0.0,0.0
U_948903,100.0,0.0,0.0,0.0
U_16614907,100.0,0.0,0.0,0.0
U_11623403,75.0,25.0,0.0,0.0
U_13344632,100.0,0.0,0.0,0.0
U_14280200,97.05882352941177,2.941176470588235,0.0,0.0
U_14812727,100.0,0.0,0.0,0.0
U_30661879,0.0,0.0,100.0,0.0
U_12019178,0.0,20.0,60.0,20.0
U_31017668,100.0,0.0,0.0,0.0
U_6292451,0.0,0.0,100.0,0.0
U_18737833,25.0,0.0,75.0,0.0
U_31090536,100.0,0.0,0.0,0.0
U_14350502,100.0,0.0,0.0,0.0
U_12661365,0.0,0.0,100.0,0.0
U_13358888,0.0,0.0,75.0,25.0
U_31065976,0.0,0.0,50.0,50.0
U_28921592,100.0,0.0,0.0,0.0
U_16999438,75.0,25.0,0.0,0.0
U_15394244,100.0,0.0,0.0,0.0
U_310231,33.33333333333333,33.33333333333333,33.33333333333333,0.0
U_12617350,44.44444444444444,22.22222222222222,11.11111111111111,22.22222222222222
U_6450727,100.0,0.0,0.0,0.0
U_16016235,66.66666666666666,33.33333333333333,0.0,0.0
U_12659208,100.0,0.0,0.0,0.0
U_30887897,0.0,100.0,0.0,0.0
U_16665216,0.0,0.0,100.0,0.0
U_27244246,50.0,0.0,0.0,0.0
U_15907304,100.0,0.0,0.0,0.0
U_30563194,0.0,0.0,100.0,0.0
U_31082752,100.0,0.0,0.0,0.0
U_6520777,50.0,0.0,50.0,0.0
U_31119847,100.0,0.0,0.0,0.0
U_27860338,100.0,0.0,0.0,0.0
U_29955725,75.0,0.0,0.0,25.0
U_31118471,100.0,0.0,0.0,0.0
U_5066220,0.0,0.0,100.0,0.0
U_31117564,50.0,0.0,0.0,50.0
U_27522777,100.0,0.0,0.0,0.0
U_30685171,100.0,0.0,0.0,0.0
U_30653999,0.0,0.0,100.0,0.0
U_31120036,93.18181818181817,0.0,2.272727272727273,0.0
U_31120331,100.0,0.0,0.0,0.0
U_31105058,80.0,20.0,0.0,0.0
U_4640234,100.0,0.0,0.0,0.0
U_31057746,100.0,0.0,0.0,0.0
U_19793963,63.63636363636363,27.27272727272727,9.090909090909092,0.0
U_30615373,0.0,20.0,40.0,0.0
U_26352128,100.0,0.0,0.0,0.0
U_15839228,100.0,0.0,0.0,0.0
U_30919328,0.0,50.0,50.0,0.0
U_9395972,100.0,0.0,0.0,0.0
U_10930828,75.0,0.0,25.0,0.0
U_24097472,100.0,0.0,0.0,0.0
U_30584010,0.0,0.0,100.0,0.0
U_15173692,100.0,0.0,0.0,0.0
U_26367981,0.0,0.0,100.0,0.0
U_31120812,100.0,0.0,0.0,0.0
U_4404851,25.0,25.0,50.0,0.0
U_31050294,0.0,25.0,75.0,0.0
U_31045274,0.0,100.0,0.0,0.0
U_16736710,100.0,0.0,0.0,0.0
U_15363403,80.0,0.0,20.0,0.0
U_16091041,100.0,0.0,0.0,0.0
U_31026870,0.0,0.0,100.0,0.0
U_14218517,0.0,0.0,66.66666666666666,33.33333333333333
U_30328450,0.0,0.0,50.0,50.0
U_30908774,50.0,0.0,0.0,50.0
U_16645434,100.0,0.0,0.0,0.0
U_14287529,100.0,0.0,0.0,0.0
U_15419465,0.0,0.0,100.0,0.0
U_31121010,92.3076923076923,0.0,0.0,7.6923076923076925
U_31085354,3.3333333333333335,6.666666666666667,20.0,0.0
U_26698771,100.0,0.0,0.0,0.0
U_30103679,0.0,0.0,100.0,0.0
U_30885250,75.0,0.0,25.0,0.0
U_30490564,100.0,0.0,0.0,0.0
U_31118522,90.0,0.0,0.0,10.0
U_31057714,0.0,0.0,80.0,20.0
U_27561356,100.0,0.0,0.0,0.0
U_14645037,55.55555555555556,22.22222222222222,22.22222222222222,0.0
U_31121334,100.0,0.0,0.0,0.0
U_14768574,40.0,40.0,20.0,0.0
U_576418,100.0,0.0,0.0,0.0
U_30358523,0.0,0.0,88.88888888888889,0.0
U_31055381,0.0,0.0,100.0,0.0
U_31121587,0.0,100.0,0.0,0.0
U_31121505,35.294117647058826,5.88235294117647,17.647058823529413,0.0
U_14246600,100.0,0.0,0.0,0.0
U_14853497,0.0,0.0,100.0,0.0
U_31121728,100.0,0.0,0.0,0.0
U_31121721,0.0,50.0,0.0,50.0
U_31049694,0.0,0.0,100.0,0.0
U_14619963,0.0,0.0,100.0,0.0
U_31037245,0.0,100.0,0.0,0.0
U_2727050,100.0,0.0,0.0,0.0
U_31118173,100.0,0.0,0.0,0.0
U_12214319,0.0,0.0,100.0,0.0
U_31099250,60.0,20.0,0.0,20.0
U_16440066,100.0,0.0,0.0,0.0
U_5529317,100.0,0.0,0.0,0.0
U_14255306,25.0,0.0,75.0,0.0
U_13230876,100.0,0.0,0.0,0.0
U_266885,100.0,0.0,0.0,0.0
U_31123085,75.0,25.0,0.0,0.0
U_29905791,100.0,0.0,0.0,0.0
U_30891486,100.0,0.0,0.0,0.0
U_30953407,0.0,0.0,100.0,0.0
U_31070476,100.0,0.0,0.0,0.0
U_15318066,0.0,0.0,100.0,0.0
U_17186980,100.0,0.0,0.0,0.0
U_31072152,100.0,0.0,0.0,0.0
U_30938435,100.0,0.0,0.0,0.0
U_19770447,0.0,0.0,25.0,75.0
U_30944929,0.0,0.0,0.0,50.0
U_30825967,0.0,0.0,100.0,0.0
U_31090703,0.0,0.0,20.0,0.0
U_30438542,30.76923076923077,23.076923076923077,7.6923076923076925,23.076923076923077
U_30706226,0.0,0.0,100.0,0.0
U_31123898,100.0,0.0,0.0,0.0
U_27521360,37.5,0.0,62.5,0.0
U_27344726,50.0,0.0,50.0,0.0
U_11396273,100.0,0.0,0.0,0.0
U_13200695,100.0,0.0,0.0,0.0
U_11454316,62.5,25.0,12.5,0.0
U_13343662,25.0,75.0,0.0,0.0
U_29052700,0.0,0.0,0.0,100.0
U_2313634,100.0,0.0,0.0,0.0
U_2807177,50.0,0.0,50.0,0.0
U_4352072,100.0,0.0,0.0,0.0
U_30099505,63.63636363636363,0.0,27.27272727272727,9.090909090909092
U_13459802,50.0,0.0,50.0,0.0
U_18550444,100.0,0.0,0.0,0.0
U_30938395,100.0,0.0,0.0,0.0
U_31124492,75.0,0.0,25.0,0.0
U_31124135,0.0,0.0,100.0,0.0
U_15372765,100.0,0.0,0.0,0.0
U_31061222,0.0,0.0,100.0,0.0
U_31123482,0.0,0.0,50.0,25.0
U_31125267,0.0,0.0,100.0,0.0
U_4403918,100.0,0.0,0.0,0.0
U_30883417,0.0,100.0,0.0,0.0
U_31094295,0.0,28.57142857142857,71.42857142857143,0.0
U_15114676,100.0,0.0,0.0,0.0
U_1457848,100.0,0.0,0.0,0.0
U_10157891,25.0,0.0,0.0,75.0
U_31081820,100.0,0.0,0.0,0.0
U_28922046,0.0,14.285714285714285,42.857142857142854,0.0
U_31118502,100.0,0.0,0.0,0.0
U_18555888,0.0,0.0,100.0,0.0
U_31126174,0.0,35.0,55.00000000000001,0.0
U_31074499,21.428571428571427,28.57142857142857,14.285714285714285,35.714285714285715
U_31121835,100.0,0.0,0.0,0.0
U_2962402,100.0,0.0,0.0,0.0
U_31120416,37.5,0.0,25.0,12.5
U_30915528,100.0,0.0,0.0,0.0
U_4371835,0.0,0.0,0.0,100.0
U_30932164,0.0,0.0,100.0,0.0
U_13010094,0.0,0.0,100.0,0.0
U_30687588,0.0,0.0,50.0,0.0
U_15511780,0.0,0.0,100.0,0.0
U_31126743,100.0,0.0,0.0,0.0
U_13932067,50.0,50.0,0.0,0.0
U_31126440,0.0,0.0,0.0,100.0
U_849854,100.0,0.0,0.0,0.0
U_31116823,100.0,0.0,0.0,0.0
U_10525364,0.0,100.0,0.0,0.0
U_31127001,0.0,0.0,100.0,0.0
U_30810656,0.0,0.0,100.0,0.0
U_12450457,52.63157894736842,13.157894736842104,13.157894736842104,5.263157894736842
U_1431593,100.0,0.0,0.0,0.0
U_31126494,0.0,0.0,100.0,0.0
U_30938307,100.0,0.0,0.0,0.0
U_29931198,0.0,100.0,0.0,0.0
U_30640377,0.0,0.0,100.0,0.0
U_31125589,0.0,0.0,100.0,0.0
U_15046413,75.0,10.0,15.0,0.0
U_17409395,0.0,33.33333333333333,66.66666666666666,0.0
U_15501094,100.0,0.0,0.0,0.0
U_1308575,0.0,0.0,0.0,100.0
U_30986256,100.0,0.0,0.0,0.0
U_14678259,50.0,0.0,0.0,50.0
U_19203143,100.0,0.0,0.0,0.0
U_24634721,100.0,0.0,0.0,0.0
U_30112317,100.0,0.0,0.0,0.0
U_31121585,0.0,50.0,50.0,0.0
U_12201756,50.0,0.0,0.0,50.0
U_14906195,0.0,0.0,100.0,0.0
U_3767418,0.0,100.0,0.0,0.0
U_18590192,0.0,0.0,100.0,0.0
U_18520855,100.0,0.0,0.0,0.0
U_31130146,50.0,50.0,0.0,0.0
U_31123681,100.0,0.0,0.0,0.0
U_13434886,66.66666666666666,33.33333333333333,0.0,0.0
U_29776684,100.0,0.0,0.0,0.0
U_24647108,100.0,0.0,0.0,0.0
U_15199489,100.0,0.0,0.0,0.0
U_31130407,0.0,0.0,0.0,0.0
U_30944240,0.0,100.0,0.0,0.0
U_30469303,0.0,0.0,75.0,25.0
U_21346854,100.0,0.0,0.0,0.0
U_31044304,100.0,0.0,0.0,0.0
U_13822141,75.0,0.0,25.0,0.0
U_25326925,83.33333333333334,0.0,0.0,16.666666666666664
U_30354106,37.5,25.0,37.5,0.0
U_30819703,83.33333333333334,16.666666666666664,0.0,0.0
U_13381589,0.0,80.0,0.0,0.0
U_6309155,0.0,22.22222222222222,66.66666666666666,11.11111111111111
U_31129356,0.0,0.0,0.0,0.0
U_31115548,50.0,25.0,12.5,12.5
U_30455394,0.0,0.0,100.0,0.0
U_15284076,0.0,0.0,32.35294117647059,2.941176470588235
U_13458310,100.0,0.0,0.0,0.0
U_15319231,27.27272727272727,63.63636363636363,0.0,9.090909090909092
U_8987306,50.0,50.0,0.0,0.0
U_28318498,0.0,0.0,0.0,100.0
U_19919339,0.0,0.0,100.0,0.0
U_15059142,100.0,0.0,0.0,0.0
U_29860621,57.14285714285714,0.0,42.857142857142854,0.0
U_17426786,66.66666666666666,33.33333333333333,0.0,0.0
U_15511127,69.23076923076923,0.0,23.076923076923077,7.6923076923076925
U_31132585,100.0,0.0,0.0,0.0
U_31132239,66.66666666666666,0.0,33.33333333333333,0.0
U_13766317,100.0,0.0,0.0,0.0
U_31104894,100.0,0.0,0.0,0.0
U_31133004,31.818181818181817,0.0,68.18181818181817,0.0
U_16345272,100.0,0.0,0.0,0.0
U_30769981,0.0,0.0,100.0,0.0
U_405613,92.85714285714286,7.142857142857142,0.0,0.0
U_16552418,100.0,0.0,0.0,0.0
U_30741931,0.0,0.0,100.0,0.0
U_30619166,75.0,0.0,25.0,0.0
U_30946635,100.0,0.0,0.0,0.0
U_31133325,0.0,0.0,100.0,0.0
U_19875334,17.391304347826086,0.0,80.43478260869566,2.1739130434782608
U_30991419,100.0,0.0,0.0,0.0
U_28898201,0.0,0.0,100.0,0.0
U_30893265,100.0,0.0,0.0,0.0
U_15764399,100.0,0.0,0.0,0.0
U_31134219,0.0,12.5,75.0,0.0
U_7482154,0.0,100.0,0.0,0.0
U_31074684,100.0,0.0,0.0,0.0
U_15535457,0.0,0.0,100.0,0.0
U_20318483,62.5,12.5,25.0,0.0
U_31134373,0.0,0.0,100.0,0.0
U_31133012,0.0,0.0,100.0,0.0
U_10513992,0.0,37.142857142857146,57.14285714285714,2.857142857142857
U_1226132,100.0,0.0,0.0,0.0
U_22223600,21.875,3.125,12.5,3.125
U_18588441,100.0,0.0,0.0,0.0
U_31134664,100.0,0.0,0.0,0.0
U_17319274,66.66666666666666,0.0,33.33333333333333,0.0
U_31134691,100.0,0.0,0.0,0.0
U_29994133,100.0,0.0,0.0,0.0
U_19135170,0.0,0.0,100.0,0.0
U_15983021,0.0,0.0,0.0,100.0
U_10929901,0.0,100.0,0.0,0.0
U_14025196,100.0,0.0,0.0,0.0
U_31126095,0.0,33.33333333333333,50.0,16.666666666666664
U_6139897,100.0,0.0,0.0,0.0
U_31134488,0.0,50.0,0.0,50.0
U_16200863,100.0,0.0,0.0,0.0
U_30910887,0.0,0.0,100.0,0.0
U_30826182,100.0,0.0,0.0,0.0
U_18255062,100.0,0.0,0.0,0.0
U_14384619,100.0,0.0,0.0,0.0
U_31135166,100.0,0.0,0.0,0.0
U_30974288,0.0,0.0,100.0,0.0
U_9378742,0.0,0.0,100.0,0.0
U_30444030,0.0,0.0,100.0,0.0
U_30940123,100.0,0.0,0.0,0.0
U_15339030,100.0,0.0,0.0,0.0
U_4588711,0.0,0.0,100.0,0.0
U_29467748,100.0,0.0,0.0,0.0
U_6504865,66.66666666666666,33.33333333333333,0.0,0.0
U_31136351,76.59574468085107,14.893617021276595,2.127659574468085,6.382978723404255
U_31090975,71.42857142857143,7.142857142857142,14.285714285714285,0.0
U_14138629,0.0,0.0,0.0,100.0
U_4183915,100.0,0.0,0.0,0.0
U_30890117,33.33333333333333,0.0,66.66666666666666,0.0
U_28409370,100.0,0.0,0.0,0.0
U_3778786,100.0,0.0,0.0,0.0
U_9426740,100.0,0.0,0.0,0.0
U_30930139,100.0,0.0,0.0,0.0
U_30934945,100.0,0.0,0.0,0.0
U_241724,100.0,0.0,0.0,0.0
U_8164913,80.0,20.0,0.0,0.0
U_31092414,0.0,100.0,0.0,0.0
U_30954822,0.0,0.0,100.0,0.0
U_10098469,100.0,0.0,0.0,0.0
U_4407008,50.0,0.0,25.0,0.0
U_30571361,57.14285714285714,14.285714285714285,14.285714285714285,0.0
U_12418485,80.0,10.0,10.0,0.0
U_31135102,100.0,0.0,0.0,0.0
U_31070977,100.0,0.0,0.0,0.0
U_17124459,100.0,0.0,0.0,0.0
U_4991516,100.0,0.0,0.0,0.0
U_14397420,66.66666666666666,33.33333333333333,0.0,0.0
U_11640916,100.0,0.0,0.0,0.0
U_31053316,0.0,0.0,0.0,0.0
U_31070519,100.0,0.0,0.0,0.0
U_30558986,0.0,0.0,0.0,100.0
U_30855098,100.0,0.0,0.0,0.0
U_14440836,0.0,16.666666666666664,83.33333333333334,0.0
U_30839158,100.0,0.0,0.0,0.0
U_28952639,0.0,0.0,0.0,100.0
U_31132046,54.54545454545454,18.181818181818183,18.181818181818183,0.0
U_15902647,100.0,0.0,0.0,0.0
U_29929453,100.0,0.0,0.0,0.0
U_889981,0.0,0.0,100.0,0.0
U_31052114,100.0,0.0,0.0,0.0
U_30953134,0.0,50.0,50.0,0.0
U_28948923,20.833333333333336,37.5,29.166666666666668,8.333333333333332
U_31138423,100.0,0.0,0.0,0.0
U_31134749,0.0,0.0,100.0,0.0
U_19267334,0.0,0.0,100.0,0.0
U_15161144,100.0,0.0,0.0,0.0
U_31117467,0.0,0.0,100.0,0.0
U_16473989,0.0,0.0,60.0,40.0
U_7299107,100.0,0.0,0.0,0.0
U_31140146,66.66666666666666,0.0,33.33333333333333,0.0
U_30845227,66.66666666666666,33.33333333333333,0.0,0.0
U_31141095,0.0,0.0,100.0,0.0
U_31141319,100.0,0.0,0.0,0.0
U_8908370,28.57142857142857,0.0,71.42857142857143,0.0
U_8705953,88.88888888888889,11.11111111111111,0.0,0.0
U_4183662,0.0,0.0,100.0,0.0
U_31134858,66.66666666666666,16.666666666666664,16.666666666666664,0.0
U_31138680,0.0,0.0,87.5,12.5
U_12724871,0.0,100.0,0.0,0.0
U_2929669,16.666666666666664,33.33333333333333,50.0,0.0
U_31141496,0.0,0.0,100.0,0.0
U_31141584,100.0,0.0,0.0,0.0
U_14748686,100.0,0.0,0.0,0.0
U_31141497,33.33333333333333,0.0,6.666666666666667,0.0
U_31126798,0.0,0.0,100.0,0.0
U_15496560,66.66666666666666,0.0,33.33333333333333,0.0
U_4578748,0.0,71.42857142857143,21.428571428571427,7.142857142857142
U_11974563,100.0,0.0,0.0,0.0
U_7780157,0.0,0.0,100.0,0.0
U_31139474,0.0,0.0,100.0,0.0
U_4080581,0.0,0.0,100.0,0.0
U_13408101,100.0,0.0,0.0,0.0
U_18294988,100.0,0.0,0.0,0.0
U_28110440,100.0,0.0,0.0,0.0
U_14034470,100.0,0.0,0.0,0.0
U_14244182,100.0,0.0,0.0,0.0
U_1622366,100.0,0.0,0.0,0.0
U_31141877,0.0,50.0,0.0,50.0
U_31142050,100.0,0.0,0.0,0.0
U_31109900,100.0,0.0,0.0,0.0
U_3191741,0.0,0.0,0.0,0.0
U_27110193,100.0,0.0,0.0,0.0
U_30695346,0.0,0.0,0.0,0.0
U_31124742,100.0,0.0,0.0,0.0
U_31051558,0.0,25.0,75.0,0.0
U_15382643,0.0,0.0,100.0,0.0
U_31074834,0.0,100.0,0.0,0.0
U_30030917,100.0,0.0,0.0,0.0
U_30572992,0.0,0.0,80.0,20.0
U_30595784,50.0,50.0,0.0,0.0
U_29162797,0.0,100.0,0.0,0.0
U_30561093,0.0,0.0,100.0,0.0
U_31120045,100.0,0.0,0.0,0.0
U_224191,14.285714285714285,28.57142857142857,57.14285714285714,0.0
U_436540,0.0,100.0,0.0,0.0
U_2116995,100.0,0.0,0.0,0.0
U_15283754,0.0,0.0,100.0,0.0
U_31063778,40.0,0.0,60.0,0.0
U_4400560,0.0,0.0,0.0,100.0
U_13500629,100.0,0.0,0.0,0.0
U_3872232,100.0,0.0,0.0,0.0
U_10275098,100.0,0.0,0.0,0.0
U_30988297,0.0,0.0,100.0,0.0
U_17697808,100.0,0.0,0.0,0.0
U_31143765,55.55555555555556,0.0,44.44444444444444,0.0
U_30967627,100.0,0.0,0.0,0.0
U_31108967,100.0,0.0,0.0,0.0
U_30601855,0.0,0.0,100.0,0.0
U_30743695,0.0,0.0,50.0,0.0
U_29238452,0.0,100.0,0.0,0.0
U_13920010,100.0,0.0,0.0,0.0
U_5733747,100.0,0.0,0.0,0.0
U_10268343,0.0,100.0,0.0,0.0
U_30682342,0.0,0.0,100.0,0.0
U_16379486,100.0,0.0,0.0,0.0
U_4983230,33.33333333333333,0.0,33.33333333333333,0.0
U_22806594,100.0,0.0,0.0,0.0
U_31137297,100.0,0.0,0.0,0.0
U_17513508,100.0,0.0,0.0,0.0
U_16861570,100.0,0.0,0.0,0.0
U_31059989,33.33333333333333,0.0,66.66666666666666,0.0
U_15092405,12.5,25.0,50.0,0.0
U_31045543,0.0,100.0,0.0,0.0
U_1300609,0.0,40.0,20.0,20.0
U_12396991,25.0,0.0,75.0,0.0
U_25925009,100.0,0.0,0.0,0.0
U_12877474,0.0,50.0,50.0,0.0
U_15269254,100.0,0.0,0.0,0.0
U_31125456,0.0,10.0,80.0,0.0
U_13902495,0.0,0.0,100.0,0.0
U_30823585,0.0,0.0,0.0,100.0
U_30688810,100.0,0.0,0.0,0.0
U_30981502,100.0,0.0,0.0,0.0
U_4362065,0.0,100.0,0.0,0.0
U_31146153,43.75,43.75,12.5,0.0
U_30833960,0.0,0.0,100.0,0.0
U_30813760,0.0,50.0,25.0,25.0
U_29409609,100.0,0.0,0.0,0.0
U_24674345,0.0,0.0,33.33333333333333,66.66666666666666
U_31145803,0.0,0.0,100.0,0.0
U_4698547,100.0,0.0,0.0,0.0
U_31146974,80.0,20.0,0.0,0.0
U_31088265,0.0,0.0,100.0,0.0
U_28925611,100.0,0.0,0.0,0.0
U_16714850,100.0,0.0,0.0,0.0
U_31136592,15.384615384615385,0.0,61.53846153846154,15.384615384615385
U_13343113,100.0,0.0,0.0,0.0
U_15343313,100.0,0.0,0.0,0.0
U_11090,100.0,0.0,0.0,0.0
U_27572373,0.0,0.0,100.0,0.0
U_4115631,100.0,0.0,0.0,0.0
U_7323964,0.0,2.2222222222222223,47.77777777777778,0.0
U_31147640,100.0,0.0,0.0,0.0
U_13457714,0.0,0.0,100.0,0.0
U_30950251,82.90598290598291,5.128205128205128,6.837606837606838,0.0
U_15290340,100.0,0.0,0.0,0.0
U_15377040,100.0,0.0,0.0,0.0
U_31147865,50.0,0.0,50.0,0.0
U_30825989,0.0,0.0,100.0,0.0
U_31147796,33.33333333333333,33.33333333333333,33.33333333333333,0.0
U_30442267,0.0,0.0,100.0,0.0
U_30855393,0.0,0.0,50.0,0.0
U_10986789,88.88888888888889,11.11111111111111,0.0,0.0
U_17836937,44.11764705882353,0.0,23.52941176470588,0.0
U_31116923,0.0,0.0,0.0,100.0
U_12661425,0.0,0.0,100.0,0.0
U_2098167,0.0,0.0,60.0,0.0
U_31149679,0.0,0.0,0.0,0.0
U_30706668,0.0,0.0,75.0,0.0
U_31137332,100.0,0.0,0.0,0.0
U_12952390,100.0,0.0,0.0,0.0
U_31125631,80.95238095238095,0.0,13.095238095238097,5.952380952380952
U_31147321,100.0,0.0,0.0,0.0
U_30942285,100.0,0.0,0.0,0.0
U_31143818,75.0,0.0,25.0,0.0
U_31150223,93.33333333333333,6.666666666666667,0.0,0.0
U_16292185,100.0,0.0,0.0,0.0
U_6764176,4.166666666666666,58.333333333333336,33.33333333333333,0.0
U_1251670,75.0,0.0,0.0,25.0
U_28867331,100.0,0.0,0.0,0.0
U_14835661,100.0,0.0,0.0,0.0
U_31150617,100.0,0.0,0.0,0.0
U_30610071,100.0,0.0,0.0,0.0
U_31144235,80.0,20.0,0.0,0.0
U_25241649,100.0,0.0,0.0,0.0
U_19225684,28.57142857142857,0.0,57.14285714285714,0.0
U_1537810,100.0,0.0,0.0,0.0
U_31151919,0.0,28.57142857142857,57.14285714285714,14.285714285714285
U_29107434,0.0,0.0,100.0,0.0
U_31141931,100.0,0.0,0.0,0.0
U_31150395,0.0,50.0,0.0,50.0
U_14796722,0.0,100.0,0.0,0.0
U_15050071,71.42857142857143,28.57142857142857,0.0,0.0
U_15830378,0.0,40.0,60.0,0.0
U_9425723,0.0,50.0,0.0,0.0
U_16016898,100.0,0.0,0.0,0.0
U_30925974,100.0,0.0,0.0,0.0
U_31136362,0.0,20.0,80.0,0.0
U_26663719,50.0,0.0,50.0,0.0
U_20913946,0.0,0.0,100.0,0.0
U_13044526,38.23529411764706,8.823529411764707,44.11764705882353,0.0
U_30894300,0.0,0.0,71.42857142857143,14.285714285714285
U_15450395,11.11111111111111,33.33333333333333,16.666666666666664,0.0
U_11261819,100.0,0.0,0.0,0.0
U_15156453,50.0,50.0,0.0,0.0
U_15168662,100.0,0.0,0.0,0.0
U_31116094,100.0,0.0,0.0,0.0
U_31014568,0.0,0.0,100.0,0.0
U_31119144,0.0,0.0,33.33333333333333,66.66666666666666
U_31142049,0.0,0.0,100.0,0.0
U_3344954,80.0,0.0,20.0,0.0
U_15545489,0.0,0.0,50.0,0.0
U_31126594,0.0,7.6923076923076925,92.3076923076923,0.0
U_31138778,100.0,0.0,0.0,0.0
U_31135016,100.0,0.0,0.0,0.0
U_30259227,100.0,0.0,0.0,0.0
U_12661231,0.0,0.0,40.0,20.0
U_31104307,42.857142857142854,14.285714285714285,42.857142857142854,0.0
U_30942714,100.0,0.0,0.0,0.0
U_30640856,0.0,0.0,100.0,0.0
U_25237,0.0,100.0,0.0,0.0
U_1912652,0.0,28.57142857142857,71.42857142857143,0.0
U_12979721,100.0,0.0,0.0,0.0
U_31147873,100.0,0.0,0.0,0.0
U_1273253,100.0,0.0,0.0,0.0
U_12725849,100.0,0.0,0.0,0.0
U_31155768,100.0,0.0,0.0,0.0
U_27026640,40.0,60.0,0.0,0.0
U_30489068,100.0,0.0,0.0,0.0
U_31143910,14.285714285714285,28.57142857142857,28.57142857142857,14.285714285714285
U_31139495,100.0,0.0,0.0,0.0
U_4619900,100.0,0.0,0.0,0.0
U_31133261,0.0,100.0,0.0,0.0
U_16293847,100.0,0.0,0.0,0.0
U_4002954,100.0,0.0,0.0,0.0
U_16715626,100.0,0.0,0.0,0.0
U_31145089,0.0,0.0,100.0,0.0
U_31157331,100.0,0.0,0.0,0.0
U_19330338,100.0,0.0,0.0,0.0
U_18141355,100.0,0.0,0.0,0.0
U_11155495,12.903225806451612,29.03225806451613,51.61290322580645,3.225806451612903
U_11479281,66.66666666666666,0.0,33.33333333333333,0.0
U_31158173,0.0,0.0,100.0,0.0
U_31099276,0.0,0.0,14.285714285714285,0.0
U_31057653,0.0,100.0,0.0,0.0
U_18303927,100.0,0.0,0.0,0.0
U_30940686,0.0,0.0,0.0,50.0
U_28928385,0.0,75.0,12.5,12.5
U_30145383,100.0,0.0,0.0,0.0
U_12315498,100.0,0.0,0.0,0.0
U_14216877,100.0,0.0,0.0,0.0
U_14092226,100.0,0.0,0.0,0.0
U_31153680,100.0,0.0,0.0,0.0
U_31158785,50.0,16.666666666666664,33.33333333333333,0.0
U_12408717,0.0,80.0,20.0,0.0
U_4964394,66.66666666666666,0.0,33.33333333333333,0.0
U_15275499,0.0,0.0,0.0,100.0
U_6018811,100.0,0.0,0.0,0.0
U_1765788,0.0,100.0,0.0,0.0
U_498686,33.33333333333333,0.0,33.33333333333333,33.33333333333333
U_31145325,50.0,50.0,0.0,0.0
U_5038839,100.0,0.0,0.0,0.0
U_26369066,100.0,0.0,0.0,0.0
U_27371845,100.0,0.0,0.0,0.0
U_14959444,43.75,0.0,37.5,6.25
U_31158583,50.0,50.0,0.0,0.0
U_11161781,0.0,0.0,100.0,0.0
U_14792825,100.0,0.0,0.0,0.0
U_13124381,50.0,50.0,0.0,0.0
U_30830476,0.0,0.0,0.0,0.0
U_29208897,100.0,0.0,0.0,0.0
U_22763626,100.0,0.0,0.0,0.0
U_31159347,100.0,0.0,0.0,0.0
U_31072521,0.0,33.33333333333333,66.66666666666666,0.0
U_1079545,100.0,0.0,0.0,0.0
U_31104868,76.92307692307693,0.0,7.6923076923076925,0.0
U_31135960,0.0,0.0,100.0,0.0
U_31064778,50.0,50.0,0.0,0.0
U_4259409,0.0,100.0,0.0,0.0
U_31159991,0.0,100.0,0.0,0.0
U_31147893,80.95238095238095,4.761904761904762,9.523809523809524,0.0
U_5564999,87.5,0.0,12.5,0.0
U_30912146,0.0,0.0,100.0,0.0
U_29576911,0.0,0.0,100.0,0.0
U_19194009,100.0,0.0,0.0,0.0
U_30391047,100.0,0.0,0.0,0.0
U_4996580,100.0,0.0,0.0,0.0
U_3700868,0.0,0.0,100.0,0.0
U_31130924,100.0,0.0,0.0,0.0
U_31126779,50.0,0.0,0.0,50.0
U_3931996,100.0,0.0,0.0,0.0
U_31113864,66.66666666666666,0.0,33.33333333333333,0.0
U_12440549,100.0,0.0,0.0,0.0
U_30650159,0.0,0.0,100.0,0.0
U_6318359,0.0,0.0,0.0,100.0
U_14384432,23.076923076923077,53.84615384615385,15.384615384615385,7.6923076923076925
U_30791094,0.0,0.0,100.0,0.0
U_15504338,100.0,0.0,0.0,0.0
U_30193071,100.0,0.0,0.0,0.0
U_30269982,0.0,0.0,100.0,0.0
U_20816586,100.0,0.0,0.0,0.0
U_31159420,0.0,0.0,0.0,0.0
U_31161647,0.0,0.0,46.15384615384615,30.76923076923077
U_12679550,100.0,0.0,0.0,0.0
U_31108238,100.0,0.0,0.0,0.0
U_12986190,100.0,0.0,0.0,0.0
U_16007456,100.0,0.0,0.0,0.0
U_22193668,0.0,0.0,100.0,0.0
U_2096382,0.0,0.0,100.0,0.0
U_31124775,100.0,0.0,0.0,0.0
U_31153825,94.73684210526315,5.263157894736842,0.0,0.0
U_13094095,100.0,0.0,0.0,0.0
U_4661118,0.0,0.0,100.0,0.0
U_31120661,87.5,0.0,12.5,0.0
U_19870435,100.0,0.0,0.0,0.0
U_29647427,100.0,0.0,0.0,0.0
U_30740799,0.0,0.0,100.0,0.0
U_18702530,0.0,100.0,0.0,0.0
U_31121870,100.0,0.0,0.0,0.0
U_11842916,0.0,0.0,100.0,0.0
U_28413855,50.0,50.0,0.0,0.0
U_31162578,100.0,0.0,0.0,0.0
U_15309403,100.0,0.0,0.0,0.0
U_31141943,100.0,0.0,0.0,0.0
U_4448946,90.2439024390244,4.878048780487805,4.878048780487805,0.0
U_30825689,0.0,0.0,0.0,0.0
U_16543926,0.0,0.0,100.0,0.0
U_19220805,50.0,0.0,50.0,0.0
U_29560241,57.14285714285714,42.857142857142854,0.0,0.0
U_30925443,71.42857142857143,0.0,0.0,28.57142857142857
U_31060888,0.0,0.0,100.0,0.0
U_24687241,0.0,0.0,100.0,0.0
U_13571341,100.0,0.0,0.0,0.0
U_30939667,100.0,0.0,0.0,0.0
U_31163119,100.0,0.0,0.0,0.0
U_9442711,83.33333333333334,0.0,16.666666666666664,0.0
U_14224764,0.0,0.0,100.0,0.0
U_15411537,20.0,60.0,20.0,0.0
U_31147881,0.0,0.0,80.0,0.0
U_31163214,0.0,28.57142857142857,42.857142857142854,28.57142857142857
U_30956716,100.0,0.0,0.0,0.0
U_10373741,100.0,0.0,0.0,0.0
U_11508745,75.0,25.0,0.0,0.0
U_16052474,0.0,25.0,25.0,0.0
U_11761940,100.0,0.0,0.0,0.0
U_28679878,100.0,0.0,0.0,0.0
U_2381842,100.0,0.0,0.0,0.0
U_30500297,57.14285714285714,0.0,42.857142857142854,0.0
U_12661377,0.0,0.0,100.0,0.0
U_14672257,100.0,0.0,0.0,0.0
U_2759551,100.0,0.0,0.0,0.0
U_15394036,100.0,0.0,0.0,0.0
U_16639536,100.0,0.0,0.0,0.0
U_14906206,100.0,0.0,0.0,0.0
U_31105933,100.0,0.0,0.0,0.0
U_31162421,11.76470588235294,5.88235294117647,32.35294117647059,50.0
U_31164757,100.0,0.0,0.0,0.0
U_31145464,66.66666666666666,0.0,33.33333333333333,0.0
U_31157006,75.0,0.0,25.0,0.0
U_29564098,100.0,0.0,0.0,0.0
U_30833818,0.0,0.0,100.0,0.0
U_14813936,0.0,0.0,100.0,0.0
U_30888518,0.0,20.0,80.0,0.0
U_31164535,0.0,66.66666666666666,33.33333333333333,0.0
U_16339861,100.0,0.0,0.0,0.0
U_29404031,50.0,50.0,0.0,0.0
U_10956553,0.0,0.0,100.0,0.0
U_11194743,66.66666666666666,0.0,22.22222222222222,11.11111111111111
U_31150090,100.0,0.0,0.0,0.0
U_29193122,100.0,0.0,0.0,0.0
U_13508114,100.0,0.0,0.0,0.0
U_2154673,0.0,100.0,0.0,0.0
U_1938676,0.0,0.0,100.0,0.0
U_25284521,83.33333333333334,8.333333333333332,8.333333333333332,0.0
U_18254954,33.33333333333333,33.33333333333333,0.0,0.0
U_2844367,100.0,0.0,0.0,0.0
U_20678413,100.0,0.0,0.0,0.0
U_31167792,0.0,0.0,100.0,0.0
U_15313954,0.0,0.0,0.0,100.0
U_91023,100.0,0.0,0.0,0.0
U_15064668,100.0,0.0,0.0,0.0
U_11635012,8.333333333333332,50.0,41.66666666666667,0.0
U_2579190,0.0,0.0,100.0,0.0
U_1432245,100.0,0.0,0.0,0.0
U_11091675,50.0,50.0,0.0,0.0
U_14962877,100.0,0.0,0.0,0.0
U_31093047,100.0,0.0,0.0,0.0
U_11173864,0.0,0.0,100.0,0.0
U_13807156,50.0,50.0,0.0,0.0
U_5379261,100.0,0.0,0.0,0.0
U_21436279,0.0,0.0,0.0,100.0
U_13420964,33.33333333333333,66.66666666666666,0.0,0.0
U_4619857,100.0,0.0,0.0,0.0
U_31164595,75.0,0.0,25.0,0.0
U_11682150,0.0,0.0,0.0,100.0
U_31124397,42.857142857142854,0.0,42.857142857142854,0.0
U_30978593,100.0,0.0,0.0,0.0
U_12407043,100.0,0.0,0.0,0.0
U_31169180,100.0,0.0,0.0,0.0
U_8223535,100.0,0.0,0.0,0.0
U_31162822,85.71428571428571,7.142857142857142,7.142857142857142,0.0
U_27398673,0.0,0.0,100.0,0.0
U_15357541,100.0,0.0,0.0,0.0
U_11654044,100.0,0.0,0.0,0.0
U_31111214,33.33333333333333,0.0,33.33333333333333,0.0
U_15147367,100.0,0.0,0.0,0.0
U_25939797,0.0,100.0,0.0,0.0
U_16563204,100.0,0.0,0.0,0.0
U_6134826,100.0,0.0,0.0,0.0
U_1075480,100.0,0.0,0.0,0.0
U_31169513,0.0,0.0,100.0,0.0
U_12567161,0.0,0.0,100.0,0.0
U_15499156,100.0,0.0,0.0,0.0
U_30904615,50.0,0.0,50.0,0.0
U_14453911,100.0,0.0,0.0,0.0
U_13001729,0.0,0.0,100.0,0.0
U_31169832,100.0,0.0,0.0,0.0
U_31110025,0.0,100.0,0.0,0.0
U_12676187,0.0,22.22222222222222,33.33333333333333,0.0
U_12104046,88.0,0.0,12.0,0.0
U_2130924,100.0,0.0,0.0,0.0
U_5054499,100.0,0.0,0.0,0.0
U_14933052,66.66666666666666,33.33333333333333,0.0,0.0
U_21349726,0.0,50.0,50.0,0.0
U_30652754,0.0,0.0,100.0,0.0
U_30809991,100.0,0.0,0.0,0.0
U_19936374,0.0,100.0,0.0,0.0
U_4216431,100.0,0.0,0.0,0.0
U_15293038,100.0,0.0,0.0,0.0
U_28677726,0.0,0.0,0.0,50.0
U_15343589,100.0,0.0,0.0,0.0
U_31171741,100.0,0.0,0.0,0.0
U_30542000,100.0,0.0,0.0,0.0
U_31147702,0.0,0.0,28.57142857142857,71.42857142857143
U_31159024,100.0,0.0,0.0,0.0
U_29792372,85.71428571428571,14.285714285714285,0.0,0.0
U_28386805,100.0,0.0,0.0,0.0
U_26664139,100.0,0.0,0.0,0.0
U_28722530,100.0,0.0,0.0,0.0
U_14444977,100.0,0.0,0.0,0.0
U_21159848,0.0,0.0,33.33333333333333,0.0
U_23477594,50.0,25.0,25.0,0.0
U_31161849,0.0,0.0,0.0,100.0
U_31111128,0.0,0.0,100.0,0.0
U_15268233,0.0,0.0,100.0,0.0
U_31109757,100.0,0.0,0.0,0.0
U_19265740,50.0,0.0,50.0,0.0
U_23874082,0.0,100.0,0.0,0.0
U_13024281,75.0,16.666666666666664,8.333333333333332,0.0
U_31073944,100.0,0.0,0.0,0.0
U_3919786,27.27272727272727,45.45454545454545,9.090909090909092,18.181818181818183
U_5076961,100.0,0.0,0.0,0.0
U_4619872,0.0,66.66666666666666,33.33333333333333,0.0
U_31134143,75.0,12.5,12.5,0.0
U_14810947,0.0,0.0,0.0,100.0
U_17920198,60.0,0.0,40.0,0.0
U_30969102,100.0,0.0,0.0,0.0
U_3883895,66.66666666666666,33.33333333333333,0.0,0.0
U_1912627,0.0,0.0,100.0,0.0
U_16091430,50.0,0.0,50.0,0.0
U_5320700,100.0,0.0,0.0,0.0
U_408399,33.33333333333333,0.0,66.66666666666666,0.0
U_28444779,50.0,0.0,50.0,0.0
U_31160039,100.0,0.0,0.0,0.0
U_23991289,100.0,0.0,0.0,0.0
U_8264789,100.0,0.0,0.0,0.0
U_31173292,100.0,0.0,0.0,0.0
U_15394296,0.0,0.0,25.0,50.0
U_13321799,100.0,0.0,0.0,0.0
U_29738589,0.0,0.0,0.0,0.0
U_2648476,57.14285714285714,28.57142857142857,0.0,14.285714285714285
U_16294334,50.0,0.0,25.0,25.0
U_25737058,100.0,0.0,0.0,0.0
U_16148467,66.66666666666666,0.0,33.33333333333333,0.0
U_16352950,50.0,37.5,12.5,0.0
U_28984212,100.0,0.0,0.0,0.0
U_4913968,0.0,0.0,0.0,100.0
U_7103337,100.0,0.0,0.0,0.0
U_14451385,100.0,0.0,0.0,0.0
U_13955197,12.962962962962962,44.44444444444444,33.33333333333333,1.8518518518518516
U_18562595,0.0,0.0,100.0,0.0
U_30886696,100.0,0.0,0.0,0.0
U_14834352,0.0,0.0,100.0,0.0
U_10791354,100.0,0.0,0.0,0.0
U_31117813,100.0,0.0,0.0,0.0
U_31120772,100.0,0.0,0.0,0.0
U_162527,100.0,0.0,0.0,0.0
U_16740306,100.0,0.0,0.0,0.0
U_14928728,0.0,87.5,12.5,0.0
U_27227060,0.0,0.0,100.0,0.0
U_31167946,100.0,0.0,0.0,0.0
U_16606757,0.0,0.0,100.0,0.0
U_31075115,0.0,0.0,0.0,100.0
U_16131749,100.0,0.0,0.0,0.0
U_13813475,100.0,0.0,0.0,0.0
U_31074830,0.0,0.0,0.0,100.0
U_3944928,0.0,0.0,100.0,0.0
U_17116149,100.0,0.0,0.0,0.0
U_29754376,100.0,0.0,0.0,0.0
U_3123123,100.0,0.0,0.0,0.0
U_15379779,100.0,0.0,0.0,0.0
U_30653519,20.0,40.0,40.0,0.0
U_31153890,75.0,25.0,0.0,0.0
U_31115416,0.0,0.0,100.0,0.0
U_16358208,100.0,0.0,0.0,0.0
U_31108313,100.0,0.0,0.0,0.0
U_31182402,100.0,0.0,0.0,0.0
U_6764882,0.0,0.0,100.0,0.0
U_13156559,0.0,50.0,50.0,0.0
U_12035991,0.0,0.0,100.0,0.0
U_31083338,44.44444444444444,55.55555555555556,0.0,0.0
U_31065270,66.66666666666666,33.33333333333333,0.0,0.0
U_31183843,28.57142857142857,14.285714285714285,42.857142857142854,0.0
U_27896966,100.0,0.0,0.0,0.0
U_30244453,100.0,0.0,0.0,0.0
U_31184408,100.0,0.0,0.0,0.0
U_19312310,100.0,0.0,0.0,0.0
U_19307628,100.0,0.0,0.0,0.0
U_690848,100.0,0.0,0.0,0.0
U_17194973,100.0,0.0,0.0,0.0
U_1148726,100.0,0.0,0.0,0.0
U_15271111,0.0,0.0,100.0,0.0
U_31173768,100.0,0.0,0.0,0.0
U_13336914,100.0,0.0,0.0,0.0
U_10953812,40.0,0.0,60.0,0.0
U_15423691,0.0,0.0,100.0,0.0
U_19805378,100.0,0.0,0.0,0.0
U_31189561,65.0,5.0,15.0,0.0
U_6003949,81.25,6.25,12.5,0.0
U_15373068,100.0,0.0,0.0,0.0
U_13686594,33.33333333333333,66.66666666666666,0.0,0.0
U_9520042,83.33333333333334,0.0,16.666666666666664,0.0
U_12366599,33.33333333333333,0.0,33.33333333333333,33.33333333333333
U_31190684,100.0,0.0,0.0,0.0
U_29584069,0.0,0.0,0.0,100.0
U_31190512,66.66666666666666,33.33333333333333,0.0,0.0
U_28569432,100.0,0.0,0.0,0.0
U_16059630,100.0,0.0,0.0,0.0
U_3507091,0.0,0.0,50.0,50.0
U_31192160,0.0,0.0,66.66666666666666,33.33333333333333
U_31191984,100.0,0.0,0.0,0.0
U_28093973,0.0,0.0,100.0,0.0
U_31085489,80.0,0.0,0.0,20.0
U_10935415,100.0,0.0,0.0,0.0
U_12698838,100.0,0.0,0.0,0.0
U_8261974,100.0,0.0,0.0,0.0
U_800391,14.285714285714285,71.42857142857143,14.285714285714285,0.0
U_26368638,100.0,0.0,0.0,0.0
U_30984562,100.0,0.0,0.0,0.0
U_11424129,100.0,0.0,0.0,0.0
U_31193592,0.0,50.0,50.0,0.0
U_23975820,100.0,0.0,0.0,0.0
U_14442482,100.0,0.0,0.0,0.0
U_31169395,0.0,0.0,0.0,0.0
U_16187043,75.0,0.0,25.0,0.0
U_31092153,0.0,6.25,21.875,0.0
U_21307994,0.0,0.0,0.0,100.0
U_333925,100.0,0.0,0.0,0.0
U_31169800,85.71428571428571,7.142857142857142,7.142857142857142,0.0
U_31169040,33.33333333333333,33.33333333333333,16.666666666666664,16.666666666666664
U_31193002,100.0,0.0,0.0,0.0
U_19220482,100.0,0.0,0.0,0.0
U_30376688,37.5,0.0,37.5,0.0
U_21720622,0.0,0.0,100.0,0.0
U_31194773,100.0,0.0,0.0,0.0
U_12225444,100.0,0.0,0.0,0.0
U_7556758,14.285714285714285,10.714285714285714,71.42857142857143,3.571428571428571
U_31174530,25.0,41.66666666666667,25.0,0.0
U_31194886,100.0,0.0,0.0,0.0
U_15168103,100.0,0.0,0.0,0.0
U_31185622,100.0,0.0,0.0,0.0
U_31194754,52.63157894736842,0.0,5.263157894736842,42.10526315789473
U_13156566,0.0,0.0,75.0,25.0
U_31194915,100.0,0.0,0.0,0.0
U_16506658,100.0,0.0,0.0,0.0
U_31060034,0.0,0.0,100.0,0.0
U_25246831,0.0,0.0,100.0,0.0
U_5365363,0.0,0.0,33.33333333333333,0.0
U_31195717,100.0,0.0,0.0,0.0
U_31100790,100.0,0.0,0.0,0.0
U_29457063,0.0,100.0,0.0,0.0
U_4199978,50.0,0.0,50.0,0.0
U_30642955,0.0,0.0,0.0,100.0
U_16292013,100.0,0.0,0.0,0.0
U_31168269,100.0,0.0,0.0,0.0
U_13933620,27.027027027027028,40.54054054054054,21.62162162162162,8.108108108108109
U_13417461,0.0,0.0,100.0,0.0
U_31189350,100.0,0.0,0.0,0.0
U_31171835,0.0,0.0,100.0,0.0
U_31196458,100.0,0.0,0.0,0.0
U_31054739,100.0,0.0,0.0,0.0
U_31196812,100.0,0.0,0.0,0.0
U_31196768,100.0,0.0,0.0,0.0
U_31194157,0.0,0.0,100.0,0.0
U_15153953,100.0,0.0,0.0,0.0
U_31197270,0.0,0.0,100.0,0.0
U_31197678,63.63636363636363,18.181818181818183,0.0,18.181818181818183
U_6303898,100.0,0.0,0.0,0.0
U_27428063,100.0,0.0,0.0,0.0
U_11460932,50.0,0.0,0.0,0.0
U_31197966,100.0,0.0,0.0,0.0
U_13765987,66.66666666666666,0.0,33.33333333333333,0.0
U_30954168,0.0,10.714285714285714,28.57142857142857,3.571428571428571
U_16380647,100.0,0.0,0.0,0.0
U_13419185,0.0,100.0,0.0,0.0
U_68183,0.0,0.0,100.0,0.0
U_31198575,0.0,0.0,0.0,0.0
U_4896131,100.0,0.0,0.0,0.0
U_11582665,50.0,50.0,0.0,0.0
U_15355052,100.0,0.0,0.0,0.0
U_6103442,0.0,100.0,0.0,0.0
U_23874848,0.0,0.0,50.0,50.0
U_30901231,100.0,0.0,0.0,0.0
U_31199342,50.0,50.0,0.0,0.0
U_15322753,0.0,25.0,75.0,0.0
U_8221385,100.0,0.0,0.0,0.0
U_31199765,60.0,20.0,20.0,0.0
U_26588298,100.0,0.0,0.0,0.0
U_31199900,100.0,0.0,0.0,0.0
U_11353312,18.181818181818183,18.181818181818183,59.09090909090909,4.545454545454546
U_12854204,40.0,0.0,60.0,0.0
U_28637172,71.42857142857143,0.0,28.57142857142857,0.0
U_31200132,100.0,0.0,0.0,0.0
U_14258769,100.0,0.0,0.0,0.0
U_11477191,0.0,0.0,66.66666666666666,33.33333333333333
U_16368190,100.0,0.0,0.0,0.0
U_15255402,100.0,0.0,0.0,0.0
U_22780756,50.0,0.0,50.0,0.0
U_17132527,75.0,25.0,0.0,0.0
U_31201461,100.0,0.0,0.0,0.0
U_9902237,100.0,0.0,0.0,0.0
U_28492042,0.0,0.0,100.0,0.0
U_29701907,0.0,0.0,100.0,0.0
U_17696857,100.0,0.0,0.0,0.0
U_318978,100.0,0.0,0.0,0.0
U_29957463,100.0,0.0,0.0,0.0
U_31201787,50.0,0.0,50.0,0.0
U_27257641,100.0,0.0,0.0,0.0
U_12493979,0.0,100.0,0.0,0.0
U_13476379,0.0,0.0,0.0,100.0
U_31202167,86.66666666666667,13.333333333333334,0.0,0.0
U_31202082,100.0,0.0,0.0,0.0
U_31143873,50.0,50.0,0.0,0.0
U_31120781,66.66666666666666,0.0,33.33333333333333,0.0
U_1125655,100.0,0.0,0.0,0.0
U_31202461,100.0,0.0,0.0,0.0
U_30916821,100.0,0.0,0.0,0.0
U_26613600,100.0,0.0,0.0,0.0
U_30547071,66.66666666666666,33.33333333333333,0.0,0.0
U_30376693,28.57142857142857,0.0,71.42857142857143,0.0
U_13047587,100.0,0.0,0.0,0.0
U_31202778,77.77777777777779,22.22222222222222,0.0,0.0
U_3932872,0.0,100.0,0.0,0.0
U_16632768,0.0,0.0,100.0,0.0
U_13362415,100.0,0.0,0.0,0.0
U_16043333,100.0,0.0,0.0,0.0
U_31203643,85.71428571428571,14.285714285714285,0.0,0.0
U_31203545,100.0,0.0,0.0,0.0
U_8738541,91.30434782608695,8.695652173913043,0.0,0.0
U_16382094,0.0,0.0,100.0,0.0
U_28925213,100.0,0.0,0.0,0.0
U_30133894,0.0,0.0,100.0,0.0
U_31161166,66.66666666666666,33.33333333333333,0.0,0.0
U_31204232,75.0,12.5,12.5,0.0
U_31018792,100.0,0.0,0.0,0.0
U_11492288,62.5,37.5,0.0,0.0
U_10856855,0.0,0.0,100.0,0.0
U_9931178,0.0,0.0,100.0,0.0
U_24676580,0.0,14.814814814814813,22.22222222222222,3.7037037037037033
U_31124206,50.0,50.0,0.0,0.0
U_11047870,100.0,0.0,0.0,0.0
U_31172147,100.0,0.0,0.0,0.0
U_4506379,100.0,0.0,0.0,0.0
U_13739986,0.0,50.0,50.0,0.0
U_29258106,100.0,0.0,0.0,0.0
U_30633399,55.55555555555556,0.0,44.44444444444444,0.0
U_31205751,50.0,50.0,0.0,0.0
U_31205654,0.0,0.0,100.0,0.0
U_30903274,100.0,0.0,0.0,0.0
U_31202963,50.0,0.0,50.0,0.0
U_14481481,100.0,0.0,0.0,0.0
U_11486430,66.66666666666666,0.0,33.33333333333333,0.0
U_31121510,100.0,0.0,0.0,0.0
U_12321774,100.0,0.0,0.0,0.0
U_31209715,66.66666666666666,0.0,33.33333333333333,0.0
U_19826147,0.0,0.0,100.0,0.0
U_17900222,0.0,0.0,100.0,0.0
U_13848746,0.0,100.0,0.0,0.0
U_31210315,100.0,0.0,0.0,0.0
U_23351455,100.0,0.0,0.0,0.0
U_31204029,0.0,0.0,100.0,0.0
U_31161646,60.0,0.0,40.0,0.0
U_6071130,100.0,0.0,0.0,0.0
U_10587542,100.0,0.0,0.0,0.0
U_12108164,83.33333333333334,16.666666666666664,0.0,0.0
U_6752600,50.0,50.0,0.0,0.0
U_3266713,100.0,0.0,0.0,0.0
U_31200172,100.0,0.0,0.0,0.0
U_11818315,54.54545454545454,18.181818181818183,27.27272727272727,0.0
U_29580070,0.0,0.0,0.0,0.0
U_31210796,100.0,0.0,0.0,0.0
U_28290309,100.0,0.0,0.0,0.0
U_11527281,100.0,0.0,0.0,0.0
U_31160136,57.14285714285714,14.285714285714285,0.0,0.0
U_1438900,100.0,0.0,0.0,0.0
U_25366428,0.0,100.0,0.0,0.0
U_29512359,25.0,0.0,25.0,25.0
U_27589842,33.33333333333333,66.66666666666666,0.0,0.0
U_8106556,66.66666666666666,33.33333333333333,0.0,0.0
U_31135334,100.0,0.0,0.0,0.0
U_29702368,0.0,0.0,100.0,0.0
U_13803478,75.0,0.0,25.0,0.0
U_13076250,66.66666666666666,16.666666666666664,16.666666666666664,0.0
U_15362795,100.0,0.0,0.0,0.0
U_17227128,100.0,0.0,0.0,0.0
U_222551,60.0,0.0,0.0,40.0
U_31210726,0.0,60.0,40.0,0.0
U_31201597,100.0,0.0,0.0,0.0
U_4211060,22.22222222222222,55.55555555555556,22.22222222222222,0.0
U_18483161,0.0,0.0,0.0,100.0
U_14252945,100.0,0.0,0.0,0.0
U_29958221,0.0,66.66666666666666,33.33333333333333,0.0
U_31211753,62.5,4.166666666666666,29.166666666666668,4.166666666666666
U_31211882,0.0,54.54545454545454,45.45454545454545,0.0
U_1085607,0.0,0.0,100.0,0.0
U_31210445,7.142857142857142,14.285714285714285,35.714285714285715,3.571428571428571
U_31212086,0.0,100.0,0.0,0.0
U_1121111,100.0,0.0,0.0,0.0
U_31172709,100.0,0.0,0.0,0.0
U_25325014,0.0,0.0,100.0,0.0
U_19258004,100.0,0.0,0.0,0.0
U_29067969,100.0,0.0,0.0,0.0
U_25261375,0.0,0.0,33.33333333333333,0.0
U_15818064,100.0,0.0,0.0,0.0
U_4075241,0.0,0.0,27.27272727272727,72.72727272727273
U_13534814,0.0,15.384615384615385,46.15384615384615,7.6923076923076925
U_31091703,50.0,0.0,50.0,0.0
U_15383216,66.66666666666666,33.33333333333333,0.0,0.0
U_31213338,83.33333333333334,0.0,16.666666666666664,0.0
U_1125586,0.0,0.0,100.0,0.0
U_31195192,0.0,100.0,0.0,0.0
U_31172783,100.0,0.0,0.0,0.0
U_31201544,100.0,0.0,0.0,0.0
U_3487406,63.63636363636363,27.27272727272727,9.090909090909092,0.0
U_31212403,0.0,0.0,100.0,0.0
U_27898471,0.0,0.0,100.0,0.0
U_23575136,50.0,37.5,12.5,0.0
U_13551801,100.0,0.0,0.0,0.0
U_31213986,100.0,0.0,0.0,0.0
U_31213989,2.857142857142857,34.285714285714285,48.57142857142857,0.0
U_13471845,91.30434782608695,0.0,0.0,0.0
U_1132109,0.0,0.0,100.0,0.0
U_12422113,85.71428571428571,14.285714285714285,0.0,0.0
U_15532945,80.0,20.0,0.0,0.0
U_17652968,100.0,0.0,0.0,0.0
U_30810847,100.0,0.0,0.0,0.0
U_25737105,83.33333333333334,0.0,16.666666666666664,0.0
U_5031085,50.0,50.0,0.0,0.0
U_12659672,85.71428571428571,9.523809523809524,4.761904761904762,0.0
U_8901362,100.0,0.0,0.0,0.0
U_30389065,100.0,0.0,0.0,0.0
U_20252973,100.0,0.0,0.0,0.0
U_4463499,0.0,12.5,50.0,12.5
U_31214595,100.0,0.0,0.0,0.0
U_31104520,100.0,0.0,0.0,0.0
U_386460,0.0,0.0,100.0,0.0
U_31216590,42.857142857142854,14.285714285714285,28.57142857142857,0.0
U_7899810,100.0,0.0,0.0,0.0
U_13124961,100.0,0.0,0.0,0.0
U_28059023,100.0,0.0,0.0,0.0
U_11319345,14.285714285714285,14.285714285714285,42.857142857142854,0.0
U_29421788,33.33333333333333,16.666666666666664,41.66666666666667,8.333333333333332
U_17462028,100.0,0.0,0.0,0.0
U_30541379,66.66666666666666,0.0,33.33333333333333,0.0
U_30421843,0.0,0.0,100.0,0.0
U_10601816,100.0,0.0,0.0,0.0
U_31214481,100.0,0.0,0.0,0.0
U_3486504,80.0,20.0,0.0,0.0
U_8910702,100.0,0.0,0.0,0.0
U_31228069,0.0,0.0,0.0,100.0
U_1858257,100.0,0.0,0.0,0.0
U_19083116,33.33333333333333,0.0,66.66666666666666,0.0
U_7000450,0.0,100.0,0.0,0.0
U_31228347,100.0,0.0,0.0,0.0
U_16106236,50.0,0.0,25.0,25.0
U_18077122,100.0,0.0,0.0,0.0
U_30026506,0.0,100.0,0.0,0.0
U_5528702,0.0,0.0,100.0,0.0
U_4408761,100.0,0.0,0.0,0.0
U_31181886,0.0,100.0,0.0,0.0
U_30393092,0.0,25.0,75.0,0.0
U_30839728,100.0,0.0,0.0,0.0
U_31228677,0.0,0.0,100.0,0.0
U_30741557,100.0,0.0,0.0,0.0
U_29715232,100.0,0.0,0.0,0.0
U_31228928,100.0,0.0,0.0,0.0
U_30261348,0.0,10.0,30.0,20.0
U_10607935,100.0,0.0,0.0,0.0
U_12030434,66.66666666666666,0.0,33.33333333333333,0.0
U_29015988,0.0,0.0,100.0,0.0
U_10659090,71.42857142857143,23.809523809523807,4.761904761904762,0.0
U_10073123,100.0,0.0,0.0,0.0
U_31229246,50.0,0.0,50.0,0.0
U_31164329,100.0,0.0,0.0,0.0
U_12210110,0.0,0.0,82.6086956521739,13.043478260869565
U_14439831,41.66666666666667,8.333333333333332,50.0,0.0
U_30079481,80.0,0.0,20.0,0.0
U_31214025,100.0,0.0,0.0,0.0
U_29564277,0.0,0.0,100.0,0.0
U_6176586,100.0,0.0,0.0,0.0
U_30988365,100.0,0.0,0.0,0.0
U_28692082,0.0,0.0,0.0,50.0
U_12721628,0.0,0.0,100.0,0.0
U_31048655,100.0,0.0,0.0,0.0
U_10322209,100.0,0.0,0.0,0.0
U_15154039,100.0,0.0,0.0,0.0
U_5957225,50.0,50.0,0.0,0.0
U_29428527,100.0,0.0,0.0,0.0
U_20991218,0.0,11.11111111111111,33.33333333333333,0.0
U_12990331,0.0,0.0,100.0,0.0
U_31245609,100.0,0.0,0.0,0.0
U_31228501,100.0,0.0,0.0,0.0
U_13731777,100.0,0.0,0.0,0.0
U_28562774,100.0,0.0,0.0,0.0
U_12566262,100.0,0.0,0.0,0.0
U_31245987,100.0,0.0,0.0,0.0
U_30429650,0.0,0.0,100.0,0.0
U_30077878,100.0,0.0,0.0,0.0
U_29217231,100.0,0.0,0.0,0.0
U_15357007,100.0,0.0,0.0,0.0
U_31214913,0.0,0.0,66.66666666666666,33.33333333333333
U_9527689,0.0,9.090909090909092,18.181818181818183,0.0
U_7159129,100.0,0.0,0.0,0.0
U_28495573,0.0,0.0,0.0,100.0
U_30940171,0.0,0.0,100.0,0.0
U_14194004,100.0,0.0,0.0,0.0
U_29938132,100.0,0.0,0.0,0.0
U_12725107,100.0,0.0,0.0,0.0
U_20328063,100.0,0.0,0.0,0.0
U_30116880,50.0,0.0,50.0,0.0
U_28141677,0.0,100.0,0.0,0.0
U_10635255,16.666666666666664,33.33333333333333,33.33333333333333,16.666666666666664
U_31228238,0.0,0.0,100.0,0.0
U_26348597,50.0,50.0,0.0,0.0
U_12102208,0.0,0.0,100.0,0.0
U_31250900,100.0,0.0,0.0,0.0
U_12916068,0.0,0.0,100.0,0.0
U_10584301,100.0,0.0,0.0,0.0
U_31247231,12.5,4.166666666666666,12.5,25.0
U_11181644,0.0,0.0,0.0,100.0
U_14794555,68.18181818181817,31.818181818181817,0.0,0.0
U_27111899,0.0,0.0,100.0,0.0
U_15338198,100.0,0.0,0.0,0.0
U_30744329,0.0,0.0,0.0,100.0
U_15404389,100.0,0.0,0.0,0.0
U_14084354,0.0,0.0,0.0,100.0
U_31251095,100.0,0.0,0.0,0.0
U_13902965,100.0,0.0,0.0,0.0
U_31250113,100.0,0.0,0.0,0.0
U_30995190,30.0,40.0,30.0,0.0
U_11615963,0.0,0.0,100.0,0.0
U_22840503,75.0,0.0,25.0,0.0
U_335519,100.0,0.0,0.0,0.0
U_24859712,100.0,0.0,0.0,0.0
U_17125370,100.0,0.0,0.0,0.0
U_31059951,0.0,100.0,0.0,0.0
U_14836085,100.0,0.0,0.0,0.0
U_10626698,50.0,50.0,0.0,0.0
U_16204521,0.0,0.0,100.0,0.0
U_31173709,50.0,50.0,0.0,0.0
U_1819302,0.0,0.0,20.0,80.0
U_31159678,80.0,20.0,0.0,0.0
U_30938903,85.71428571428571,14.285714285714285,0.0,0.0
U_13934249,100.0,0.0,0.0,0.0
U_1528551,100.0,0.0,0.0,0.0
U_31254648,100.0,0.0,0.0,0.0
U_30943148,50.0,16.666666666666664,33.33333333333333,0.0
U_31209663,50.0,16.666666666666664,33.33333333333333,0.0
U_30819258,100.0,0.0,0.0,0.0
U_25014799,100.0,0.0,0.0,0.0
U_15838112,50.0,0.0,50.0,0.0
U_31250419,100.0,0.0,0.0,0.0
U_15498242,100.0,0.0,0.0,0.0
U_5574098,100.0,0.0,0.0,0.0
U_26467,100.0,0.0,0.0,0.0
U_6883,100.0,0.0,0.0,0.0
U_31256309,100.0,0.0,0.0,0.0
U_31251220,0.0,100.0,0.0,0.0
U_5376862,100.0,0.0,0.0,0.0
U_31164716,100.0,0.0,0.0,0.0
U_31189423,83.33333333333334,0.0,16.666666666666664,0.0
U_31245750,10.526315789473683,0.0,39.473684210526315,5.263157894736842
U_12862153,60.0,40.0,0.0,0.0
U_7598187,100.0,0.0,0.0,0.0
U_31257287,100.0,0.0,0.0,0.0
U_15382289,100.0,0.0,0.0,0.0
U_6382028,100.0,0.0,0.0,0.0
U_14748953,100.0,0.0,0.0,0.0
U_31257525,100.0,0.0,0.0,0.0
U_18072356,100.0,0.0,0.0,0.0
U_31175884,57.14285714285714,0.0,0.0,14.285714285714285
U_30936354,100.0,0.0,0.0,0.0
U_31087506,0.0,0.0,100.0,0.0
U_17453850,0.0,0.0,0.0,7.142857142857142
U_13826249,100.0,0.0,0.0,0.0
U_10236127,0.0,11.76470588235294,5.88235294117647,0.0
U_28022609,66.66666666666666,33.33333333333333,0.0,0.0
U_30003619,0.0,0.0,40.0,0.0
U_3381724,100.0,0.0,0.0,0.0
U_29561107,100.0,0.0,0.0,0.0
U_200682,57.14285714285714,0.0,28.57142857142857,14.285714285714285
U_14175889,100.0,0.0,0.0,0.0
U_29071790,66.66666666666666,0.0,0.0,33.33333333333333
U_20216968,55.55555555555556,0.0,11.11111111111111,33.33333333333333
U_31106419,84.375,6.25,4.6875,4.166666666666666
U_25255845,0.0,0.0,100.0,0.0
U_31258889,75.0,25.0,0.0,0.0
U_31259657,0.0,16.666666666666664,61.111111111111114,0.0
U_31259795,0.0,0.0,100.0,0.0
U_20244436,0.0,0.0,100.0,0.0
U_4385689,100.0,0.0,0.0,0.0
U_9834102,100.0,0.0,0.0,0.0
U_1114422,100.0,0.0,0.0,0.0
U_29418083,28.57142857142857,28.57142857142857,42.857142857142854,0.0
U_29740736,0.0,0.0,0.0,100.0
U_27710607,100.0,0.0,0.0,0.0
U_13893596,89.53488372093024,5.813953488372093,2.3255813953488373,1.1627906976744187
U_31122648,0.0,0.0,100.0,0.0
U_15762390,0.0,33.33333333333333,66.66666666666666,0.0
U_31260878,100.0,0.0,0.0,0.0
U_30377471,100.0,0.0,0.0,0.0
U_15491907,50.0,25.0,25.0,0.0
U_30683439,0.0,0.0,100.0,0.0
U_31233112,100.0,0.0,0.0,0.0
U_31266325,100.0,0.0,0.0,0.0
U_31178268,100.0,0.0,0.0,0.0
U_31260316,0.0,0.0,100.0,0.0
U_1060974,100.0,0.0,0.0,0.0
U_31267402,100.0,0.0,0.0,0.0
U_24178924,0.0,0.0,100.0,0.0
U_31267611,100.0,0.0,0.0,0.0
U_30838225,0.0,0.0,100.0,0.0
U_31250852,0.0,0.0,100.0,0.0
U_11392226,0.0,0.0,100.0,0.0
U_15201120,100.0,0.0,0.0,0.0
U_13391184,100.0,0.0,0.0,0.0
U_1068205,100.0,0.0,0.0,0.0
U_30848273,100.0,0.0,0.0,0.0
U_11809867,100.0,0.0,0.0,0.0
U_15881177,0.0,0.0,20.0,70.0
U_4439400,0.0,57.14285714285714,28.57142857142857,0.0
U_11762004,100.0,0.0,0.0,0.0
U_16074075,100.0,0.0,0.0,0.0
U_31270341,100.0,0.0,0.0,0.0
U_15318204,0.0,0.0,0.0,100.0
U_31202011,75.0,25.0,0.0,0.0
U_31270613,0.0,100.0,0.0,0.0
U_30625940,100.0,0.0,0.0,0.0
U_31069807,0.0,66.66666666666666,33.33333333333333,0.0
U_31192237,50.0,50.0,0.0,0.0
U_1270807,100.0,0.0,0.0,0.0
U_3552186,100.0,0.0,0.0,0.0
U_14802568,100.0,0.0,0.0,0.0
U_31271553,80.0,20.0,0.0,0.0
U_14504800,60.0,40.0,0.0,0.0
U_19041410,85.71428571428571,14.285714285714285,0.0,0.0
U_14632359,100.0,0.0,0.0,0.0
U_23311001,0.0,0.0,100.0,0.0
U_31184329,100.0,0.0,0.0,0.0
U_31271967,100.0,0.0,0.0,0.0
U_12414480,100.0,0.0,0.0,0.0
U_31258274,100.0,0.0,0.0,0.0
U_10956598,100.0,0.0,0.0,0.0
U_1176441,100.0,0.0,0.0,0.0
U_31203626,100.0,0.0,0.0,0.0
U_15861678,0.0,0.0,50.0,0.0
U_15023674,28.57142857142857,0.0,57.14285714285714,0.0
U_789762,100.0,0.0,0.0,0.0
U_31274044,100.0,0.0,0.0,0.0
U_30452112,22.22222222222222,55.55555555555556,22.22222222222222,0.0
U_31274177,100.0,0.0,0.0,0.0
U_4368958,100.0,0.0,0.0,0.0
U_30431101,100.0,0.0,0.0,0.0
U_31216510,100.0,0.0,0.0,0.0
U_31065020,100.0,0.0,0.0,0.0
U_29338652,0.0,100.0,0.0,0.0
U_29573862,16.560509554140125,32.48407643312102,39.490445859872615,1.910828025477707
U_1086155,100.0,0.0,0.0,0.0
U_30019203,100.0,0.0,0.0,0.0
U_9066671,80.0,0.0,20.0,0.0
U_31204763,0.0,0.0,50.0,25.0
U_30993470,0.0,0.0,100.0,0.0
U_8569760,20.0,40.0,40.0,0.0
U_19868228,91.17647058823529,5.88235294117647,2.941176470588235,0.0
U_4625356,100.0,0.0,0.0,0.0
U_12408780,0.0,0.0,100.0,0.0
U_31091432,100.0,0.0,0.0,0.0
U_30319701,0.0,0.0,54.54545454545454,0.0
U_1994463,0.0,75.0,25.0,0.0
U_31273871,0.0,0.0,0.0,16.666666666666664
U_31277035,0.0,0.0,50.0,0.0
U_1280706,25.0,0.0,50.0,0.0
U_24718787,100.0,0.0,0.0,0.0
U_31276519,100.0,0.0,0.0,0.0
U_30095412,99.24812030075188,0.0,0.7518796992481203,0.0
U_22822884,100.0,0.0,0.0,0.0
U_31273831,100.0,0.0,0.0,0.0
U_23221222,100.0,0.0,0.0,0.0
U_31039431,33.33333333333333,33.33333333333333,33.33333333333333,0.0
U_9076923,90.9090909090909,0.0,9.090909090909092,0.0
U_27542524,100.0,0.0,0.0,0.0
U_31210140,100.0,0.0,0.0,0.0
U_30920187,0.0,100.0,0.0,0.0
U_15025753,100.0,0.0,0.0,0.0
U_15832043,0.0,0.0,100.0,0.0
U_17126116,30.0,10.0,50.0,0.0
U_31278293,87.5,12.5,0.0,0.0
U_13377634,80.0,20.0,0.0,0.0
U_11487788,0.0,0.0,85.71428571428571,14.285714285714285
U_31278513,87.5,0.0,12.5,0.0
U_31278208,100.0,0.0,0.0,0.0
U_13232477,28.57142857142857,0.0,42.857142857142854,28.57142857142857
U_13690513,100.0,0.0,0.0,0.0
U_31278632,100.0,0.0,0.0,0.0
U_14429933,100.0,0.0,0.0,0.0
U_14670267,0.0,16.666666666666664,33.33333333333333,33.33333333333333
U_18518375,100.0,0.0,0.0,0.0
U_31278630,50.0,25.0,16.666666666666664,0.0
U_31258508,90.9090909090909,9.090909090909092,0.0,0.0
U_28731848,100.0,0.0,0.0,0.0
U_5773280,85.71428571428571,14.285714285714285,0.0,0.0
U_30840453,100.0,0.0,0.0,0.0
U_31280734,100.0,0.0,0.0,0.0
U_31280906,80.0,10.0,10.0,0.0
U_10906040,0.0,100.0,0.0,0.0
U_16566902,100.0,0.0,0.0,0.0
U_16051879,25.0,0.0,62.5,0.0
U_31062807,100.0,0.0,0.0,0.0
U_31090531,0.0,0.0,100.0,0.0
U_5131165,50.0,50.0,0.0,0.0
U_14168646,100.0,0.0,0.0,0.0
U_30891388,0.0,0.0,0.0,50.0
U_4420677,0.0,37.5,50.0,12.5
U_19139230,60.0,30.0,10.0,0.0
U_31258279,100.0,0.0,0.0,0.0
U_1466642,0.0,0.0,0.0,100.0
U_28302644,66.66666666666666,0.0,33.33333333333333,0.0
U_3486510,100.0,0.0,0.0,0.0
U_6855685,100.0,0.0,0.0,0.0
U_30626982,100.0,0.0,0.0,0.0
U_12577258,100.0,0.0,0.0,0.0
U_786133,28.57142857142857,28.57142857142857,42.857142857142854,0.0
U_14397165,100.0,0.0,0.0,0.0
U_30826587,100.0,0.0,0.0,0.0
U_2510770,100.0,0.0,0.0,0.0
U_7292793,100.0,0.0,0.0,0.0
U_28979237,100.0,0.0,0.0,0.0
U_5199381,60.0,0.0,20.0,0.0
U_26096,66.66666666666666,33.33333333333333,0.0,0.0
U_31290428,75.0,25.0,0.0,0.0
U_31280784,25.0,25.0,50.0,0.0
U_22285541,0.0,0.0,100.0,0.0
U_15101857,100.0,0.0,0.0,0.0
U_31278241,100.0,0.0,0.0,0.0
U_11557854,100.0,0.0,0.0,0.0
U_31395278,45.45454545454545,9.090909090909092,36.36363636363637,9.090909090909092
U_31258250,0.0,0.0,100.0,0.0
U_31172648,100.0,0.0,0.0,0.0
U_31395508,0.0,0.0,100.0,0.0
U_20298065,100.0,0.0,0.0,0.0
U_31395555,50.0,0.0,50.0,0.0
U_28959366,100.0,0.0,0.0,0.0
U_15307544,60.0,20.0,20.0,0.0
U_15887078,0.0,0.0,66.66666666666666,0.0
U_31251909,0.0,66.66666666666666,25.0,8.333333333333332
U_31169562,100.0,0.0,0.0,0.0
U_31111414,90.9090909090909,0.0,9.090909090909092,0.0
U_2014146,66.66666666666666,0.0,33.33333333333333,0.0
U_13439437,0.0,0.0,100.0,0.0
U_16374567,100.0,0.0,0.0,0.0
U_12055938,87.5,0.0,0.0,12.5
U_15139387,0.0,100.0,0.0,0.0
U_31395620,0.0,0.0,100.0,0.0
U_12145566,0.0,0.0,66.66666666666666,0.0
U_28685676,0.0,0.0,100.0,0.0
U_28710903,100.0,0.0,0.0,0.0
U_4395298,100.0,0.0,0.0,0.0
U_22853270,100.0,0.0,0.0,0.0
U_11361556,40.0,60.0,0.0,0.0
U_31209889,0.0,100.0,0.0,0.0
U_31398095,100.0,0.0,0.0,0.0
U_11492558,0.0,0.0,50.0,0.0
U_31397911,33.33333333333333,11.11111111111111,35.55555555555556,4.444444444444445
U_31398295,0.0,0.0,71.42857142857143,0.0
U_17579862,100.0,0.0,0.0,0.0
U_31398362,50.0,0.0,50.0,0.0
U_31398942,100.0,0.0,0.0,0.0
U_31397481,0.0,0.0,25.0,75.0
U_190068,100.0,0.0,0.0,0.0
U_14846428,0.0,0.0,66.66666666666666,0.0
U_19874849,100.0,0.0,0.0,0.0
U_31398196,100.0,0.0,0.0,0.0
U_31108519,100.0,0.0,0.0,0.0
U_31277295,100.0,0.0,0.0,0.0
U_31227048,80.0,20.0,0.0,0.0
U_14098116,100.0,0.0,0.0,0.0
U_31100532,80.0,0.0,20.0,0.0
U_1132675,0.0,75.0,25.0,0.0
U_15506783,100.0,0.0,0.0,0.0
U_31271187,100.0,0.0,0.0,0.0
U_23556629,100.0,0.0,0.0,0.0
U_30152089,100.0,0.0,0.0,0.0
U_29449635,100.0,0.0,0.0,0.0
U_31119196,100.0,0.0,0.0,0.0
U_31399630,100.0,0.0,0.0,0.0
U_21075827,0.0,0.0,100.0,0.0
U_5662287,100.0,0.0,0.0,0.0
U_74524,100.0,0.0,0.0,0.0
U_31400442,100.0,0.0,0.0,0.0
U_31216210,100.0,0.0,0.0,0.0
U_31399754,100.0,0.0,0.0,0.0
U_31395691,0.0,0.0,0.0,100.0
U_22268681,100.0,0.0,0.0,0.0
U_14484639,100.0,0.0,0.0,0.0
U_29106548,100.0,0.0,0.0,0.0
U_12146783,100.0,0.0,0.0,0.0
U_31400951,0.0,33.33333333333333,66.66666666666666,0.0
U_3767784,77.77777777777779,22.22222222222222,0.0,0.0
U_626244,66.66666666666666,33.33333333333333,0.0,0.0
U_20047387,50.0,50.0,0.0,0.0
U_31395061,0.0,0.0,0.0,0.0
U_31400946,100.0,0.0,0.0,0.0
U_16384402,30.0,0.0,30.0,30.0
U_13327733,100.0,0.0,0.0,0.0
U_29651251,100.0,0.0,0.0,0.0
U_15990639,100.0,0.0,0.0,0.0
U_22947872,100.0,0.0,0.0,0.0
U_27269240,0.0,100.0,0.0,0.0
U_31212373,0.0,0.0,66.66666666666666,33.33333333333333
U_6173249,88.88888888888889,0.0,11.11111111111111,0.0
U_1341318,0.0,50.0,16.666666666666664,33.33333333333333
U_16074469,0.0,0.0,100.0,0.0
U_31270600,100.0,0.0,0.0,0.0
U_29290125,100.0,0.0,0.0,0.0
U_9481767,75.0,0.0,25.0,0.0
U_14134426,0.0,75.0,0.0,0.0
U_31404583,100.0,0.0,0.0,0.0
U_31404794,100.0,0.0,0.0,0.0
U_30712235,0.0,0.0,100.0,0.0
U_2765558,3.389830508474576,5.084745762711865,20.33898305084746,0.0
U_29994383,100.0,0.0,0.0,0.0
U_102430,100.0,0.0,0.0,0.0
U_19221966,50.0,0.0,0.0,50.0
U_31405863,0.0,0.0,100.0,0.0
U_31399345,100.0,0.0,0.0,0.0
U_31396469,0.0,0.0,100.0,0.0
U_31404598,100.0,0.0,0.0,0.0
U_31058391,100.0,0.0,0.0,0.0
U_31406687,66.66666666666666,0.0,0.0,33.33333333333333
U_31272027,80.0,0.0,0.0,20.0
U_30562704,0.0,0.0,50.0,50.0
U_19204537,100.0,0.0,0.0,0.0
U_19147249,100.0,0.0,0.0,0.0
U_10785453,100.0,0.0,0.0,0.0
U_31399862,100.0,0.0,0.0,0.0
U_30831683,47.61904761904761,9.523809523809524,38.095238095238095,0.0
U_31407074,100.0,0.0,0.0,0.0
U_5731405,100.0,0.0,0.0,0.0
U_31064999,0.0,0.0,0.0,100.0
U_15906862,100.0,0.0,0.0,0.0
U_15293863,80.0,0.0,0.0,20.0
U_5499517,100.0,0.0,0.0,0.0
U_12619558,100.0,0.0,0.0,0.0
U_6336035,100.0,0.0,0.0,0.0
U_16655891,100.0,0.0,0.0,0.0
U_30603520,100.0,0.0,0.0,0.0
U_6173211,0.0,0.0,100.0,0.0
U_15418070,100.0,0.0,0.0,0.0
U_31158241,100.0,0.0,0.0,0.0
U_27577927,100.0,0.0,0.0,0.0
U_29646954,100.0,0.0,0.0,0.0
U_7486096,100.0,0.0,0.0,0.0
U_31414827,0.0,0.0,0.0,100.0
U_10833882,75.0,25.0,0.0,0.0
U_11044596,0.0,0.0,66.66666666666666,0.0
U_12909021,100.0,0.0,0.0,0.0
U_31413918,66.66666666666666,22.22222222222222,11.11111111111111,0.0
U_11254218,100.0,0.0,0.0,0.0
U_31403793,100.0,0.0,0.0,0.0
U_5365354,0.0,100.0,0.0,0.0
U_31406659,100.0,0.0,0.0,0.0
U_31415278,100.0,0.0,0.0,0.0
U_31408346,100.0,0.0,0.0,0.0
U_4439509,100.0,0.0,0.0,0.0
U_30684548,100.0,0.0,0.0,0.0
U_30085392,50.0,0.0,50.0,0.0
U_26649666,100.0,0.0,0.0,0.0
U_31251842,50.0,50.0,0.0,0.0
U_4095348,85.71428571428571,14.285714285714285,0.0,0.0
U_8820492,100.0,0.0,0.0,0.0
U_13700696,0.0,20.0,0.0,20.0
U_28331905,85.71428571428571,14.285714285714285,0.0,0.0
U_31015483,100.0,0.0,0.0,0.0
U_7397277,100.0,0.0,0.0,0.0
U_3980527,100.0,0.0,0.0,0.0
U_19801392,80.0,0.0,20.0,0.0
U_31432864,100.0,0.0,0.0,0.0
U_31432859,100.0,0.0,0.0,0.0
U_7362764,100.0,0.0,0.0,0.0
U_31252818,50.0,50.0,0.0,0.0
U_31401866,62.5,37.5,0.0,0.0
U_31430856,67.56756756756756,10.81081081081081,13.513513513513514,8.108108108108109
U_28503198,0.0,33.33333333333333,0.0,0.0
U_15498546,100.0,0.0,0.0,0.0
U_7216217,100.0,0.0,0.0,0.0
U_4442834,50.0,0.0,50.0,0.0
U_29959007,30.0,20.0,50.0,0.0
U_31229000,100.0,0.0,0.0,0.0
U_13143586,100.0,0.0,0.0,0.0
U_11849276,0.0,100.0,0.0,0.0
U_31461381,100.0,0.0,0.0,0.0
U_31057723,66.66666666666666,33.33333333333333,0.0,0.0
U_31461745,100.0,0.0,0.0,0.0
U_31230512,75.0,25.0,0.0,0.0
U_6114800,100.0,0.0,0.0,0.0
U_17132497,100.0,0.0,0.0,0.0
U_2809754,0.0,0.0,100.0,0.0
U_15820014,100.0,0.0,0.0,0.0
U_1014202,100.0,0.0,0.0,0.0
U_16090873,100.0,0.0,0.0,0.0
U_31085743,0.0,0.0,100.0,0.0
U_31247500,0.0,0.0,50.0,50.0
U_10393775,0.0,0.0,100.0,0.0
U_31065558,33.33333333333333,66.66666666666666,0.0,0.0
U_31462147,100.0,0.0,0.0,0.0
U_31464915,75.0,0.0,25.0,0.0
U_14806636,66.66666666666666,0.0,11.11111111111111,0.0
U_25271726,100.0,0.0,0.0,0.0
U_30651982,0.0,0.0,100.0,0.0
U_24718423,100.0,0.0,0.0,0.0
U_30909131,100.0,0.0,0.0,0.0
U_6173213,100.0,0.0,0.0,0.0
U_31255884,50.0,25.0,25.0,0.0
U_19835756,100.0,0.0,0.0,0.0
U_19627673,0.0,0.0,50.0,50.0
U_23329666,100.0,0.0,0.0,0.0
U_31462114,100.0,0.0,0.0,0.0
U_22761017,100.0,0.0,0.0,0.0
U_31474225,25.0,25.0,25.0,25.0
U_29016759,0.0,33.33333333333333,66.66666666666666,0.0
U_14884253,100.0,0.0,0.0,0.0
U_6173256,100.0,0.0,0.0,0.0
U_30020006,14.516129032258066,24.193548387096776,46.774193548387096,0.8064516129032258
U_4215727,100.0,0.0,0.0,0.0
U_15335165,0.0,0.0,100.0,0.0
U_4463477,100.0,0.0,0.0,0.0
U_13393656,100.0,0.0,0.0,0.0
U_15273127,71.42857142857143,7.142857142857142,21.428571428571427,0.0
U_31276145,0.0,0.0,0.0,100.0
U_27930546,100.0,0.0,0.0,0.0
U_15808604,100.0,0.0,0.0,0.0
U_13613667,0.0,26.08695652173913,56.52173913043478,0.0
U_31475597,100.0,0.0,0.0,0.0
U_31106850,50.0,0.0,50.0,0.0
U_30288077,71.42857142857143,0.0,28.57142857142857,0.0
U_16078066,100.0,0.0,0.0,0.0
U_21342557,100.0,0.0,0.0,0.0
U_30855361,100.0,0.0,0.0,0.0
U_26701861,0.0,0.0,100.0,0.0
U_30934616,0.0,0.0,66.66666666666666,33.33333333333333
U_26304822,0.0,100.0,0.0,0.0
U_31196452,0.0,0.0,100.0,0.0
U_31478402,28.57142857142857,57.14285714285714,14.285714285714285,0.0
U_4975445,100.0,0.0,0.0,0.0
U_4595421,0.0,0.0,100.0,0.0
U_30893146,100.0,0.0,0.0,0.0
U_31479378,83.33333333333334,0.0,16.666666666666664,0.0
U_4528176,0.0,0.0,100.0,0.0
U_244857,100.0,0.0,0.0,0.0
U_21295039,100.0,0.0,0.0,0.0
U_31083876,52.63157894736842,0.0,31.57894736842105,10.526315789473683
U_30981425,100.0,0.0,0.0,0.0
U_20272740,0.0,0.0,100.0,0.0
U_10979635,0.0,0.0,0.0,100.0
U_13780412,77.77777777777779,0.0,22.22222222222222,0.0
U_23855111,100.0,0.0,0.0,0.0
U_28065156,0.0,100.0,0.0,0.0
U_31481347,100.0,0.0,0.0,0.0
U_15273384,100.0,0.0,0.0,0.0
U_31197136,0.0,0.0,100.0,0.0
U_31481248,100.0,0.0,0.0,0.0
U_21086880,100.0,0.0,0.0,0.0
U_8311798,100.0,0.0,0.0,0.0
U_31121656,0.0,100.0,0.0,0.0
U_14528757,100.0,0.0,0.0,0.0
U_389464,100.0,0.0,0.0,0.0
U_20784739,100.0,0.0,0.0,0.0
U_24690532,100.0,0.0,0.0,0.0
U_30962478,0.0,0.0,100.0,0.0
U_31464956,0.0,0.0,50.0,50.0
U_25939232,100.0,0.0,0.0,0.0
U_4360054,50.0,0.0,50.0,0.0
U_17643972,0.0,100.0,0.0,0.0
U_4463448,100.0,0.0,0.0,0.0
U_31399567,100.0,0.0,0.0,0.0
U_31483645,0.0,0.0,100.0,0.0
U_22771037,100.0,0.0,0.0,0.0
U_31398135,0.0,0.0,100.0,0.0
U_15101685,0.0,0.0,22.22222222222222,66.66666666666666
U_30051701,100.0,0.0,0.0,0.0
U_21052172,100.0,0.0,0.0,0.0
U_31504369,100.0,0.0,0.0,0.0
U_31476217,100.0,0.0,0.0,0.0
U_31505537,0.0,33.33333333333333,66.66666666666666,0.0
U_4463609,100.0,0.0,0.0,0.0
U_31505187,33.33333333333333,33.33333333333333,33.33333333333333,0.0
U_31213802,100.0,0.0,0.0,0.0
U_31506321,100.0,0.0,0.0,0.0
U_13560349,40.0,30.0,20.0,10.0
U_29429336,100.0,0.0,0.0,0.0
U_31161164,50.0,25.0,25.0,0.0
U_27199707,100.0,0.0,0.0,0.0
U_18306236,100.0,0.0,0.0,0.0
U_31125531,100.0,0.0,0.0,0.0
U_13114059,100.0,0.0,0.0,0.0
U_24725763,100.0,0.0,0.0,0.0
U_28781957,100.0,0.0,0.0,0.0
U_1058313,75.0,25.0,0.0,0.0
U_29232317,70.0,10.0,20.0,0.0
U_31413761,0.0,0.0,100.0,0.0
U_31509316,100.0,0.0,0.0,0.0
U_28670922,100.0,0.0,0.0,0.0
U_16087539,0.0,0.0,0.0,100.0
U_31267505,100.0,0.0,0.0,0.0
U_18587799,100.0,0.0,0.0,0.0
U_16596061,100.0,0.0,0.0,0.0
U_12159384,100.0,0.0,0.0,0.0
U_31505147,0.0,66.66666666666666,33.33333333333333,0.0
U_7332107,100.0,0.0,0.0,0.0
U_11894585,100.0,0.0,0.0,0.0
U_13375334,0.0,0.0,25.0,0.0
U_23219765,66.66666666666666,0.0,0.0,0.0
U_9025608,100.0,0.0,0.0,0.0
U_31512411,85.71428571428571,0.0,14.285714285714285,0.0
U_15533375,8.333333333333332,8.333333333333332,58.333333333333336,16.666666666666664
U_31512778,100.0,0.0,0.0,0.0
U_20430565,0.0,0.0,100.0,0.0
U_15084274,100.0,0.0,0.0,0.0
U_27721510,0.0,0.0,75.0,0.0
U_3513395,33.33333333333333,66.66666666666666,0.0,0.0
U_31513288,100.0,0.0,0.0,0.0
U_31433648,100.0,0.0,0.0,0.0
U_31508595,100.0,0.0,0.0,0.0
U_16140187,84.375,12.5,3.125,0.0
U_31083319,0.0,0.0,0.0,100.0
U_30489479,100.0,0.0,0.0,0.0
U_31520396,100.0,0.0,0.0,0.0
U_31401839,100.0,0.0,0.0,0.0
U_31520589,0.0,0.0,100.0,0.0
U_31520932,84.61538461538461,15.384615384615385,0.0,0.0
U_3407799,100.0,0.0,0.0,0.0
U_27266696,100.0,0.0,0.0,0.0
U_15382385,100.0,0.0,0.0,0.0
U_31134468,50.0,50.0,0.0,0.0
U_31505462,100.0,0.0,0.0,0.0
U_31464735,100.0,0.0,0.0,0.0
U_31134588,100.0,0.0,0.0,0.0
U_31457118,0.0,100.0,0.0,0.0
U_31523765,0.0,100.0,0.0,0.0
U_29434346,100.0,0.0,0.0,0.0
U_31523845,100.0,0.0,0.0,0.0
U_31095904,0.0,0.0,100.0,0.0
U_14447853,50.0,50.0,0.0,0.0
U_31253346,12.5,0.0,68.75,6.25
U_31478379,25.0,25.0,25.0,0.0
U_31520163,0.0,0.0,75.0,25.0
U_10895252,0.0,0.0,50.0,50.0
U_15905395,50.0,25.0,25.0,0.0
U_23876462,72.72727272727273,9.090909090909092,18.181818181818183,0.0
U_31153178,25.0,0.0,50.0,25.0
U_15495795,0.0,100.0,0.0,0.0
U_31550122,100.0,0.0,0.0,0.0
U_25868242,0.0,0.0,100.0,0.0
U_15308916,100.0,0.0,0.0,0.0
U_3526326,0.0,0.0,100.0,0.0
U_1456051,100.0,0.0,0.0,0.0
U_31523489,100.0,0.0,0.0,0.0
U_15141414,100.0,0.0,0.0,0.0
U_31404817,100.0,0.0,0.0,0.0
U_24856149,100.0,0.0,0.0,0.0
U_60086,100.0,0.0,0.0,0.0
U_15380547,100.0,0.0,0.0,0.0
U_19163388,100.0,0.0,0.0,0.0
U_199153,100.0,0.0,0.0,0.0
U_2944360,100.0,0.0,0.0,0.0
U_19949117,66.66666666666666,0.0,33.33333333333333,0.0
U_31552935,100.0,0.0,0.0,0.0
U_11346992,100.0,0.0,0.0,0.0
U_31555229,0.0,0.0,100.0,0.0
U_19809424,0.0,0.0,100.0,0.0
U_31574556,100.0,0.0,0.0,0.0
U_31553158,100.0,0.0,0.0,0.0
U_31107854,100.0,0.0,0.0,0.0
U_12394101,92.3076923076923,7.6923076923076925,0.0,0.0
U_31465202,83.33333333333334,16.666666666666664,0.0,0.0
U_22190411,0.0,0.0,0.0,100.0
U_31211462,100.0,0.0,0.0,0.0
U_30981671,33.33333333333333,0.0,50.0,0.0
U_14598021,0.0,100.0,0.0,0.0
U_1441934,0.0,0.0,100.0,0.0
U_4469152,100.0,0.0,0.0,0.0
U_9893791,100.0,0.0,0.0,0.0
U_29738557,100.0,0.0,0.0,0.0
U_29969727,100.0,0.0,0.0,0.0
U_13554695,100.0,0.0,0.0,0.0
U_20324477,100.0,0.0,0.0,0.0
U_31549482,100.0,0.0,0.0,0.0
U_10986387,0.0,100.0,0.0,0.0
U_433744,100.0,0.0,0.0,0.0
U_31635591,40.0,20.0,40.0,0.0
U_14189298,0.0,75.0,25.0,0.0
U_31105171,0.0,0.0,0.0,100.0
U_13965316,75.0,16.666666666666664,8.333333333333332,0.0
U_31639019,0.0,0.0,100.0,0.0
U_15303512,100.0,0.0,0.0,0.0
U_1217860,100.0,0.0,0.0,0.0
U_13220647,100.0,0.0,0.0,0.0
U_7315760,0.0,100.0,0.0,0.0
U_31639613,100.0,0.0,0.0,0.0
U_31639575,100.0,0.0,0.0,0.0
U_31280992,77.77777777777779,0.0,22.22222222222222,0.0
U_29156936,0.0,100.0,0.0,0.0
U_13335372,100.0,0.0,0.0,0.0
U_28117328,100.0,0.0,0.0,0.0
U_30544795,100.0,0.0,0.0,0.0
U_12735033,100.0,0.0,0.0,0.0
U_5376331,50.0,50.0,0.0,0.0
U_13820115,100.0,0.0,0.0,0.0
U_31641932,33.33333333333333,66.66666666666666,0.0,0.0
U_12952312,0.0,0.0,100.0,0.0
U_14268802,0.0,0.0,100.0,0.0
U_12578606,0.0,100.0,0.0,0.0
U_30940635,83.33333333333334,16.666666666666664,0.0,0.0
U_15038099,18.51851851851852,70.37037037037037,11.11111111111111,0.0
U_16179068,80.0,20.0,0.0,0.0
U_2167021,95.0,0.0,5.0,0.0
U_15779973,50.0,0.0,50.0,0.0
U_1670387,60.0,40.0,0.0,0.0
U_14412503,100.0,0.0,0.0,0.0
U_14223865,100.0,0.0,0.0,0.0
U_30914378,100.0,0.0,0.0,0.0
U_13629288,0.0,0.0,100.0,0.0
U_13730842,100.0,0.0,0.0,0.0
U_27409603,100.0,0.0,0.0,0.0
U_23223152,100.0,0.0,0.0,0.0
U_31073307,33.33333333333333,66.66666666666666,0.0,0.0
U_4396333,0.0,100.0,0.0,0.0
U_4184207,0.0,0.0,80.0,0.0
U_31649470,100.0,0.0,0.0,0.0
U_7371264,100.0,0.0,0.0,0.0
U_13350527,36.36363636363637,54.54545454545454,9.090909090909092,0.0
U_3184293,50.0,50.0,0.0,0.0
U_15094169,0.0,100.0,0.0,0.0
U_12188667,100.0,0.0,0.0,0.0
U_31162531,14.285714285714285,42.857142857142854,42.857142857142854,0.0
U_2599186,0.0,100.0,0.0,0.0
U_16556506,75.0,25.0,0.0,0.0
U_15336703,16.875,7.5,38.125,30.0
U_31641247,100.0,0.0,0.0,0.0
U_30653021,83.33333333333334,16.666666666666664,0.0,0.0
U_33610,83.33333333333334,0.0,16.666666666666664,0.0
U_10384974,100.0,0.0,0.0,0.0
U_14865315,50.0,0.0,50.0,0.0
U_14269557,50.0,25.0,25.0,0.0
U_31260776,25.0,50.0,25.0,0.0
U_16072778,100.0,0.0,0.0,0.0
U_31478103,33.33333333333333,0.0,0.0,66.66666666666666
U_31655495,85.71428571428571,0.0,14.285714285714285,0.0
U_18609306,0.0,0.0,100.0,0.0
U_18624788,100.0,0.0,0.0,0.0
U_31159589,0.0,0.0,100.0,0.0
U_31127580,100.0,0.0,0.0,0.0
U_31399642,0.0,0.0,0.0,100.0
U_15390939,100.0,0.0,0.0,0.0
U_31650387,100.0,0.0,0.0,0.0
U_30984938,0.0,0.0,100.0,0.0
U_14812095,0.0,0.0,100.0,0.0
U_31258427,100.0,0.0,0.0,0.0
U_31205352,66.66666666666666,33.33333333333333,0.0,0.0
U_158209,83.9506172839506,12.345679012345679,3.0864197530864197,0.6172839506172839
U_16451833,0.0,100.0,0.0,0.0
U_31212239,87.5,12.5,0.0,0.0
U_1271373,0.0,100.0,0.0,0.0
U_31067467,50.0,50.0,0.0,0.0
U_31169934,100.0,0.0,0.0,0.0
U_31680920,66.66666666666666,0.0,33.33333333333333,0.0
U_31096733,100.0,0.0,0.0,0.0
U_30744919,0.0,100.0,0.0,0.0
U_31641795,40.0,0.0,0.0,60.0
U_31648960,0.0,0.0,80.0,20.0
U_29395558,78.94736842105263,10.526315789473683,0.0,10.526315789473683
U_31686913,0.0,100.0,0.0,0.0
U_13965440,0.0,100.0,0.0,0.0
U_17917288,100.0,0.0,0.0,0.0
U_8019857,100.0,0.0,0.0,0.0
U_880437,0.0,100.0,0.0,0.0
U_31271711,100.0,0.0,0.0,0.0
U_31632860,20.0,10.0,20.0,0.0
U_30830240,83.33333333333334,16.666666666666664,0.0,0.0
U_16077343,100.0,0.0,0.0,0.0
U_31691722,66.66666666666666,0.0,33.33333333333333,0.0
U_29103779,100.0,0.0,0.0,0.0
U_14822526,75.0,25.0,0.0,0.0
U_31691639,100.0,0.0,0.0,0.0
U_31203417,100.0,0.0,0.0,0.0
U_16660539,100.0,0.0,0.0,0.0
U_13691691,80.0,20.0,0.0,0.0
U_31696263,0.0,100.0,0.0,0.0
U_31680302,0.0,0.0,100.0,0.0
U_31699866,0.0,60.0,40.0,0.0
U_30836699,0.0,100.0,0.0,0.0
U_31508521,100.0,0.0,0.0,0.0
U_31271844,80.0,20.0,0.0,0.0
U_31654183,100.0,0.0,0.0,0.0
U_14046178,33.33333333333333,33.33333333333333,33.33333333333333,0.0
U_31457218,100.0,0.0,0.0,0.0
U_11370523,100.0,0.0,0.0,0.0
U_4991053,0.0,0.0,100.0,0.0
U_28758272,100.0,0.0,0.0,0.0
U_14498971,80.0,0.0,20.0,0.0
U_31477753,100.0,0.0,0.0,0.0
U_31158567,72.72727272727273,13.636363636363635,12.727272727272727,0.9090909090909091
U_31740255,0.0,0.0,100.0,0.0
U_29998462,75.0,25.0,0.0,0.0
U_16191238,50.0,0.0,33.33333333333333,0.0
U_19318757,80.0,20.0,0.0,0.0
U_31506788,100.0,0.0,0.0,0.0
U_31693045,100.0,0.0,0.0,0.0
U_31741440,0.0,0.0,0.0,80.0
U_28368189,0.0,25.0,50.0,8.333333333333332
U_31693247,100.0,0.0,0.0,0.0
U_10386146,0.0,50.0,0.0,50.0
U_15339042,100.0,0.0,0.0,0.0
U_31742270,0.0,50.0,50.0,0.0
U_31643557,100.0,0.0,0.0,0.0
U_31742779,91.66666666666666,8.333333333333332,0.0,0.0
U_16291083,100.0,0.0,0.0,0.0
U_31742508,100.0,0.0,0.0,0.0
U_841868,40.0,20.0,40.0,0.0
U_596672,100.0,0.0,0.0,0.0
U_31692729,100.0,0.0,0.0,0.0
U_2157021,100.0,0.0,0.0,0.0
U_28053939,52.888888888888886,14.666666666666666,13.111111111111112,1.1111111111111112
U_31401979,50.0,16.666666666666664,16.666666666666664,0.0
U_12976899,0.0,0.0,33.33333333333333,66.66666666666666
U_29695724,100.0,0.0,0.0,0.0
U_22827489,0.0,0.0,100.0,0.0
U_31227369,0.0,0.0,0.0,100.0
U_31133587,100.0,0.0,0.0,0.0
U_29594331,100.0,0.0,0.0,0.0
U_31646212,0.0,0.0,100.0,0.0
U_17838585,0.0,66.66666666666666,33.33333333333333,0.0
U_20244404,100.0,0.0,0.0,0.0
U_31752863,0.0,0.0,100.0,0.0
U_31524941,81.81818181818183,0.0,18.181818181818183,0.0
U_31754809,58.333333333333336,41.66666666666667,0.0,0.0
U_8234218,75.0,0.0,25.0,0.0
U_4991497,100.0,0.0,0.0,0.0
U_31744655,100.0,0.0,0.0,0.0
U_3945754,100.0,0.0,0.0,0.0
U_23994188,0.0,0.0,100.0,0.0
U_30779378,60.0,0.0,40.0,0.0
U_13156075,100.0,0.0,0.0,0.0
U_31141184,0.0,0.0,100.0,0.0
U_29157409,71.42857142857143,0.0,28.57142857142857,0.0
U_3635160,100.0,0.0,0.0,0.0
U_31690042,66.66666666666666,33.33333333333333,0.0,0.0
U_31680867,100.0,0.0,0.0,0.0
U_30808715,100.0,0.0,0.0,0.0
U_13159280,100.0,0.0,0.0,0.0
U_31227286,40.0,0.0,60.0,0.0
U_8413205,100.0,0.0,0.0,0.0
U_28478742,100.0,0.0,0.0,0.0
U_6692124,0.0,0.0,0.0,100.0
U_31742367,0.0,0.0,20.0,0.0
U_22115012,0.0,0.0,80.0,20.0
U_11161797,37.5,0.0,50.0,12.5
U_15453989,100.0,0.0,0.0,0.0
U_31512285,100.0,0.0,0.0,0.0
U_31461235,100.0,0.0,0.0,0.0
U_30325014,100.0,0.0,0.0,0.0
U_31048420,100.0,0.0,0.0,0.0
U_16594893,100.0,0.0,0.0,0.0
U_11555020,0.0,0.0,0.0,100.0
U_31399385,100.0,0.0,0.0,0.0
U_31404283,0.0,0.0,100.0,0.0
U_8183284,66.66666666666666,0.0,33.33333333333333,0.0
U_31396072,100.0,0.0,0.0,0.0
U_30492551,41.66666666666667,41.66666666666667,8.333333333333332,8.333333333333332
U_31071729,0.0,0.0,80.0,20.0
U_1398314,0.0,0.0,85.71428571428571,14.285714285714285
U_13395713,95.65217391304348,0.0,4.3478260869565215,0.0
U_27281038,60.0,40.0,0.0,0.0
U_11527979,0.0,0.0,0.0,0.0
U_30377374,0.0,100.0,0.0,0.0
U_31202944,100.0,0.0,0.0,0.0
U_31767932,85.71428571428571,14.285714285714285,0.0,0.0
U_31168878,50.0,0.0,50.0,0.0
U_31184333,100.0,0.0,0.0,0.0
U_31769894,25.0,25.0,50.0,0.0
U_2865041,100.0,0.0,0.0,0.0
U_29085341,0.0,0.0,0.0,100.0
U_31742873,100.0,0.0,0.0,0.0
U_7651741,0.0,0.0,100.0,0.0
U_31739258,50.0,0.0,50.0,0.0
U_30392637,0.0,100.0,0.0,0.0
U_31214636,100.0,0.0,0.0,0.0
U_31552971,16.666666666666664,8.333333333333332,16.666666666666664,58.333333333333336
U_15838356,0.0,0.0,11.11111111111111,88.88888888888889
U_31741819,0.0,0.0,0.0,100.0
U_31117796,50.0,0.0,50.0,0.0
U_29780335,50.0,0.0,50.0,0.0
U_31193027,100.0,0.0,0.0,0.0
U_15268600,20.0,80.0,0.0,0.0
U_14450938,100.0,0.0,0.0,0.0
U_31251271,0.0,100.0,0.0,0.0
U_5150162,75.0,12.5,12.5,0.0
U_31772073,0.0,0.0,0.0,0.0
U_31650066,100.0,0.0,0.0,0.0
U_29695266,100.0,0.0,0.0,0.0
U_31772257,100.0,0.0,0.0,0.0
U_4448951,33.33333333333333,66.66666666666666,0.0,0.0
U_12653017,100.0,0.0,0.0,0.0
U_6131841,100.0,0.0,0.0,0.0
U_10626494,42.857142857142854,21.428571428571427,28.57142857142857,7.142857142857142
U_1819,100.0,0.0,0.0,0.0
U_13996140,100.0,0.0,0.0,0.0
U_3460101,80.0,20.0,0.0,0.0
U_31503872,100.0,0.0,0.0,0.0
U_13848006,0.0,0.0,50.0,50.0
U_16343675,100.0,0.0,0.0,0.0
U_31738963,0.0,100.0,0.0,0.0
U_13228493,100.0,0.0,0.0,0.0
U_16237157,100.0,0.0,0.0,0.0
U_106693,0.0,0.0,100.0,0.0
U_29164976,61.53846153846154,7.6923076923076925,7.6923076923076925,0.0
U_31778086,36.36363636363637,9.090909090909092,54.54545454545454,0.0
U_31752226,0.0,0.0,100.0,0.0
U_8076065,50.0,25.0,25.0,0.0
U_15003986,0.0,0.0,0.0,100.0
U_28537546,100.0,0.0,0.0,0.0
U_6745643,0.0,100.0,0.0,0.0
U_16077420,0.0,100.0,0.0,0.0
U_31771715,0.0,100.0,0.0,0.0
U_31690399,100.0,0.0,0.0,0.0
U_2391390,100.0,0.0,0.0,0.0
U_31758831,0.0,0.0,100.0,0.0
U_20216250,100.0,0.0,0.0,0.0
U_27912910,0.0,24.444444444444443,57.77777777777777,11.11111111111111
U_16208692,100.0,0.0,0.0,0.0
U_11111031,0.0,100.0,0.0,0.0
U_12973501,0.0,0.0,100.0,0.0
U_31767102,0.0,100.0,0.0,0.0
U_31778450,25.0,25.0,50.0,0.0
U_2256503,100.0,0.0,0.0,0.0
U_30584557,0.0,0.0,100.0,0.0
U_14686771,100.0,0.0,0.0,0.0
U_13636884,0.0,0.0,100.0,0.0
U_31783874,100.0,0.0,0.0,0.0
U_31790798,100.0,0.0,0.0,0.0
U_31172524,60.0,0.0,0.0,20.0
U_31771034,100.0,0.0,0.0,0.0
U_14835056,0.0,0.0,0.0,100.0
U_4872086,50.0,0.0,50.0,0.0
U_10653396,50.0,0.0,50.0,0.0
U_2843004,0.0,100.0,0.0,0.0
U_31817558,85.71428571428571,14.285714285714285,0.0,0.0
U_31817553,0.0,0.0,0.0,100.0
U_3897880,0.0,100.0,0.0,0.0
U_15961621,100.0,0.0,0.0,0.0
U_15284624,40.0,0.0,60.0,0.0
U_31791889,50.0,33.33333333333333,16.666666666666664,0.0
U_12315815,100.0,0.0,0.0,0.0
U_31195553,100.0,0.0,0.0,0.0
U_30904780,100.0,0.0,0.0,0.0
U_31815718,50.0,33.33333333333333,16.666666666666664,0.0
U_31640496,0.0,0.0,50.0,50.0
U_31820295,0.0,0.0,100.0,0.0
U_31820309,20.0,0.0,80.0,0.0
U_5464232,100.0,0.0,0.0,0.0
U_13331676,100.0,0.0,0.0,0.0
U_17580367,87.5,12.5,0.0,0.0
U_31179925,66.66666666666666,0.0,33.33333333333333,0.0
U_15813615,80.0,0.0,20.0,0.0
U_31824164,100.0,0.0,0.0,0.0
U_31764876,100.0,0.0,0.0,0.0
U_1153741,100.0,0.0,0.0,0.0
U_31694303,100.0,0.0,0.0,0.0
U_16271027,71.42857142857143,0.0,28.57142857142857,0.0
U_14334230,0.0,0.0,27.27272727272727,0.0
U_31740576,0.0,0.0,100.0,0.0
U_16607002,100.0,0.0,0.0,0.0
U_31848972,1.7241379310344827,55.172413793103445,32.758620689655174,6.896551724137931
U_11477286,50.0,50.0,0.0,0.0
U_31169277,0.0,20.0,40.0,40.0
U_15417781,100.0,0.0,0.0,0.0
U_3056798,75.0,25.0,0.0,0.0
U_19282303,0.0,0.0,100.0,0.0
U_30657499,0.0,0.0,50.0,0.0
U_31823831,77.77777777777779,0.0,22.22222222222222,0.0
U_1305154,0.0,100.0,0.0,0.0
U_4486509,100.0,0.0,0.0,0.0
U_31850263,0.0,100.0,0.0,0.0
U_1100727,0.0,100.0,0.0,0.0
U_31772446,100.0,0.0,0.0,0.0
U_31117095,0.0,0.0,100.0,0.0
U_29035147,100.0,0.0,0.0,0.0
U_31850372,100.0,0.0,0.0,0.0
U_30681860,83.33333333333334,16.666666666666664,0.0,0.0
U_2466981,0.0,0.0,0.0,100.0
U_31862206,0.0,0.0,0.0,100.0
U_11711971,0.0,0.0,100.0,0.0
U_12933519,0.0,0.0,100.0,0.0
U_31634305,0.0,0.0,50.0,50.0
U_31687589,0.0,0.0,57.14285714285714,14.285714285714285
U_30892889,75.0,0.0,0.0,0.0
U_104510,0.0,0.0,100.0,0.0
U_31862618,100.0,0.0,0.0,0.0
U_3295371,83.33333333333334,16.666666666666664,0.0,0.0
U_31869408,100.0,0.0,0.0,0.0
U_22298915,100.0,0.0,0.0,0.0
U_17035398,100.0,0.0,0.0,0.0
U_7896984,66.66666666666666,33.33333333333333,0.0,0.0
U_31633826,95.45454545454545,0.0,4.545454545454546,0.0
U_31483053,100.0,0.0,0.0,0.0
U_15840393,0.0,0.0,0.0,100.0
U_31691825,3.0303030303030303,9.090909090909092,21.21212121212121,15.151515151515152
U_31870700,100.0,0.0,0.0,0.0
U_12572192,100.0,0.0,0.0,0.0
U_31395614,50.0,50.0,0.0,0.0
U_27702633,71.42857142857143,28.57142857142857,0.0,0.0
U_31793230,0.0,0.0,100.0,0.0
U_104184,0.0,0.0,66.66666666666666,0.0
U_22743926,100.0,0.0,0.0,0.0
U_7672087,100.0,0.0,0.0,0.0
U_31205519,58.06451612903226,22.58064516129032,16.129032258064516,3.225806451612903
U_31851085,0.0,0.0,100.0,0.0
U_31031934,50.0,0.0,50.0,0.0
U_31120788,0.0,25.0,75.0,0.0
U_30098249,0.0,66.66666666666666,33.33333333333333,0.0
U_10171949,100.0,0.0,0.0,0.0
U_31145020,0.0,0.0,100.0,0.0
U_31755810,23.58490566037736,72.64150943396226,0.0,1.8867924528301887
U_6760214,100.0,0.0,0.0,0.0
U_13542301,100.0,0.0,0.0,0.0
U_31877143,0.0,0.0,66.66666666666666,33.33333333333333
U_11969088,0.0,0.0,100.0,0.0
U_31462325,0.0,100.0,0.0,0.0
U_15858331,100.0,0.0,0.0,0.0
U_31513762,0.0,0.0,0.0,100.0
U_15285076,0.0,50.0,50.0,0.0
U_11898310,100.0,0.0,0.0,0.0
U_24724801,62.5,37.5,0.0,0.0
U_31873402,100.0,0.0,0.0,0.0
U_31867584,33.33333333333333,0.0,66.66666666666666,0.0
U_23894369,66.66666666666666,33.33333333333333,0.0,0.0
U_31869454,0.0,100.0,0.0,0.0
U_30993974,0.0,0.0,0.0,100.0
U_11977463,100.0,0.0,0.0,0.0
U_31772737,100.0,0.0,0.0,0.0
U_31871158,0.0,100.0,0.0,0.0
U_4966170,100.0,0.0,0.0,0.0
U_28353258,63.63636363636363,18.181818181818183,18.181818181818183,0.0
U_6213414,100.0,0.0,0.0,0.0
U_31632587,94.28571428571428,5.714285714285714,0.0,0.0
U_12091794,100.0,0.0,0.0,0.0
U_31849836,85.71428571428571,0.0,14.285714285714285,0.0
U_31868535,100.0,0.0,0.0,0.0
U_11810580,50.0,50.0,0.0,0.0
U_22763695,0.0,0.0,100.0,0.0
U_12626756,100.0,0.0,0.0,0.0
U_12482789,0.0,0.0,100.0,0.0
U_31877301,0.0,0.0,100.0,0.0
U_14229979,100.0,0.0,0.0,0.0
U_31740180,100.0,0.0,0.0,0.0
U_31175244,100.0,0.0,0.0,0.0
U_31147308,80.0,0.0,20.0,0.0
U_8411206,100.0,0.0,0.0,0.0
U_12982630,100.0,0.0,0.0,0.0
U_16220526,62.5,12.5,25.0,0.0
U_4392401,86.66666666666667,13.333333333333334,0.0,0.0
U_31123502,50.0,0.0,50.0,0.0
U_29420614,100.0,0.0,0.0,0.0
U_31771556,100.0,0.0,0.0,0.0
U_31123746,100.0,0.0,0.0,0.0
U_31112464,100.0,0.0,0.0,0.0
U_31933069,100.0,0.0,0.0,0.0
U_31642625,0.0,0.0,100.0,0.0
U_31933840,100.0,0.0,0.0,0.0
U_1221272,100.0,0.0,0.0,0.0
U_24590981,0.0,0.0,16.666666666666664,50.0
U_16991677,100.0,0.0,0.0,0.0
U_15948133,100.0,0.0,0.0,0.0
U_31870539,50.0,0.0,50.0,0.0
U_31940717,100.0,0.0,0.0,0.0
U_13162020,0.0,100.0,0.0,0.0
U_15046561,33.33333333333333,0.0,66.66666666666666,0.0
U_28638424,100.0,0.0,0.0,0.0
U_19777609,100.0,0.0,0.0,0.0
U_31506859,100.0,0.0,0.0,0.0
U_31482193,0.0,0.0,100.0,0.0
U_31642066,75.0,0.0,25.0,0.0
U_31869790,33.33333333333333,0.0,0.0,66.66666666666666
U_822731,100.0,0.0,0.0,0.0
U_31256764,100.0,0.0,0.0,0.0
U_13814847,0.0,100.0,0.0,0.0
U_31277049,100.0,0.0,0.0,0.0
U_31119130,12.903225806451612,11.827956989247312,67.74193548387096,4.301075268817205
U_31143435,100.0,0.0,0.0,0.0
U_31743402,0.0,0.0,100.0,0.0
U_31870889,66.66666666666666,33.33333333333333,0.0,0.0
U_28613642,0.0,50.0,50.0,0.0
U_7323528,71.42857142857143,28.57142857142857,0.0,0.0
U_18375457,16.666666666666664,83.33333333333334,0.0,0.0
U_31946565,0.0,100.0,0.0,0.0
U_31085636,0.0,0.0,100.0,0.0
U_29982530,0.0,0.0,100.0,0.0
U_13099466,100.0,0.0,0.0,0.0
U_31651241,100.0,0.0,0.0,0.0
U_31933522,75.0,0.0,25.0,0.0
U_4710063,0.0,0.0,50.0,0.0
U_14675508,66.66666666666666,0.0,33.33333333333333,0.0
U_11429778,100.0,0.0,0.0,0.0
U_20889551,100.0,0.0,0.0,0.0
U_15421284,33.33333333333333,66.66666666666666,0.0,0.0
U_12061077,100.0,0.0,0.0,0.0
U_13127623,100.0,0.0,0.0,0.0
U_12061650,0.0,0.0,100.0,0.0
U_6484828,100.0,0.0,0.0,0.0
U_31997569,0.0,0.0,0.0,100.0
U_30614389,75.0,25.0,0.0,0.0
U_31766938,100.0,0.0,0.0,0.0
U_31879346,0.0,0.0,0.0,0.0
U_28971063,76.92307692307693,0.0,23.076923076923077,0.0
U_16364701,100.0,0.0,0.0,0.0
U_31120275,100.0,0.0,0.0,0.0
U_31993303,100.0,0.0,0.0,0.0
U_14764119,0.0,0.0,0.0,0.0
U_11616089,66.66666666666666,33.33333333333333,0.0,0.0
U_1627492,0.0,33.33333333333333,33.33333333333333,0.0
U_31823794,60.0,0.0,40.0,0.0
U_32016646,0.0,0.0,100.0,0.0
U_12427234,100.0,0.0,0.0,0.0
U_3755231,0.0,0.0,0.0,0.0
U_32022402,80.0,0.0,20.0,0.0
U_31930452,50.0,0.0,50.0,0.0
U_1150260,78.94736842105263,5.263157894736842,15.789473684210526,0.0
U_29650675,100.0,0.0,0.0,0.0
U_16105142,100.0,0.0,0.0,0.0
U_31124589,0.0,0.0,57.14285714285714,0.0
U_31772159,0.0,0.0,50.0,0.0
U_16391958,100.0,0.0,0.0,0.0
U_13036437,100.0,0.0,0.0,0.0
U_8021504,100.0,0.0,0.0,0.0
U_31771750,66.66666666666666,0.0,33.33333333333333,0.0
U_31823607,100.0,0.0,0.0,0.0
U_31771395,100.0,0.0,0.0,0.0
U_32028367,100.0,0.0,0.0,0.0
U_8787200,100.0,0.0,0.0,0.0
U_32028689,83.33333333333334,0.0,16.666666666666664,0.0
U_31483535,0.0,0.0,100.0,0.0
U_32028946,100.0,0.0,0.0,0.0
U_14184454,0.0,0.0,25.0,0.0
U_32047678,53.333333333333336,20.0,26.666666666666668,0.0
U_31083605,100.0,0.0,0.0,0.0
U_14382921,50.0,0.0,0.0,0.0
U_31153112,0.0,100.0,0.0,0.0
U_32048953,100.0,0.0,0.0,0.0
U_31750856,33.33333333333333,0.0,33.33333333333333,33.33333333333333
U_30886070,0.0,60.0,40.0,0.0
U_8261302,50.0,50.0,0.0,0.0
U_4258094,11.428571428571429,34.285714285714285,51.42857142857142,0.0
U_32049683,10.0,90.0,0.0,0.0
U_14766127,0.0,0.0,100.0,0.0
U_14383676,0.0,0.0,33.33333333333333,33.33333333333333
U_13390534,78.94736842105263,0.0,15.789473684210526,5.263157894736842
U_31473030,0.0,0.0,100.0,0.0
U_32028049,100.0,0.0,0.0,0.0
U_27985033,0.0,0.0,100.0,0.0
U_12250170,100.0,0.0,0.0,0.0
U_31933393,100.0,0.0,0.0,0.0
U_13965934,33.33333333333333,66.66666666666666,0.0,0.0
U_27424180,40.0,60.0,0.0,0.0
U_32049786,100.0,0.0,0.0,0.0
U_32049793,100.0,0.0,0.0,0.0
U_14207470,100.0,0.0,0.0,0.0
U_30342061,100.0,0.0,0.0,0.0
U_31769538,100.0,0.0,0.0,0.0
U_9189384,100.0,0.0,0.0,0.0
U_31997629,100.0,0.0,0.0,0.0
U_32052306,0.0,100.0,0.0,0.0
U_27965527,100.0,0.0,0.0,0.0
U_31522219,66.66666666666666,0.0,33.33333333333333,0.0
U_32053682,50.0,0.0,50.0,0.0
U_32053846,50.0,37.5,0.0,12.5
U_31153753,66.66666666666666,0.0,33.33333333333333,0.0
U_28784306,70.0,30.0,0.0,0.0
U_32028446,0.0,0.0,83.33333333333334,0.0
U_13118628,7.142857142857142,0.0,92.85714285714286,0.0
U_32054733,80.0,0.0,20.0,0.0
U_32053476,0.0,0.0,33.33333333333333,0.0
U_14672976,66.66666666666666,0.0,33.33333333333333,0.0
U_30286685,100.0,0.0,0.0,0.0
U_32049154,0.0,0.0,100.0,0.0
U_32054868,0.0,100.0,0.0,0.0
U_32054125,100.0,0.0,0.0,0.0
U_23143848,0.0,50.0,50.0,0.0
U_26945030,0.0,0.0,0.0,100.0
U_32056363,100.0,0.0,0.0,0.0
U_4045719,75.0,25.0,0.0,0.0
U_31772102,33.33333333333333,33.33333333333333,33.33333333333333,0.0
U_31227986,100.0,0.0,0.0,0.0
U_32056268,100.0,0.0,0.0,0.0
U_31737826,0.0,0.0,75.0,0.0
U_32052604,100.0,0.0,0.0,0.0
U_16579805,100.0,0.0,0.0,0.0
U_32049535,100.0,0.0,0.0,0.0
U_15145471,0.0,0.0,0.0,100.0
U_32057321,100.0,0.0,0.0,0.0
U_13373101,71.42857142857143,14.285714285714285,14.285714285714285,0.0
U_15015664,46.666666666666664,33.33333333333333,20.0,0.0
U_16094283,100.0,0.0,0.0,0.0
U_3114979,38.46153846153847,38.46153846153847,23.076923076923077,0.0
U_25243847,100.0,0.0,0.0,0.0
U_30111480,0.0,50.0,0.0,50.0
U_29953462,100.0,0.0,0.0,0.0
U_16190192,8.88888888888889,40.0,33.33333333333333,4.444444444444445
U_32057190,0.0,25.0,75.0,0.0
U_32025726,100.0,0.0,0.0,0.0
U_32057961,100.0,0.0,0.0,0.0
U_12537187,100.0,0.0,0.0,0.0
U_31741347,100.0,0.0,0.0,0.0
U_31681650,100.0,0.0,0.0,0.0
U_16622101,83.33333333333334,16.666666666666664,0.0,0.0
U_31014303,100.0,0.0,0.0,0.0
U_31245816,0.0,100.0,0.0,0.0
U_32059218,100.0,0.0,0.0,0.0
U_117296,100.0,0.0,0.0,0.0
U_32057754,0.0,100.0,0.0,0.0
U_1702381,100.0,0.0,0.0,0.0
U_32059228,100.0,0.0,0.0,0.0
U_7472030,100.0,0.0,0.0,0.0
U_13649302,0.0,0.0,25.0,0.0
U_13816782,100.0,0.0,0.0,0.0
U_29661,0.0,0.0,60.0,0.0
U_15807987,0.0,20.0,60.0,20.0
U_27027372,88.88888888888889,11.11111111111111,0.0,0.0
U_32056959,100.0,0.0,0.0,0.0
U_32060197,100.0,0.0,0.0,0.0
U_16277040,0.0,0.0,100.0,0.0
U_13636846,0.0,0.0,100.0,0.0
U_32057781,100.0,0.0,0.0,0.0
U_32061713,100.0,0.0,0.0,0.0
U_32062722,100.0,0.0,0.0,0.0
U_32062777,100.0,0.0,0.0,0.0
U_32062728,0.0,100.0,0.0,0.0
U_3101349,0.0,48.66666666666667,44.666666666666664,3.3333333333333335
U_6002310,0.0,0.0,50.0,50.0
U_14666760,100.0,0.0,0.0,0.0
U_8725599,0.0,0.0,100.0,0.0
U_31574882,75.0,0.0,25.0,0.0
U_30946227,100.0,0.0,0.0,0.0
U_32063348,100.0,0.0,0.0,0.0
U_11543267,0.0,0.0,100.0,0.0
U_31771091,0.0,0.0,100.0,0.0
U_32057175,100.0,0.0,0.0,0.0
U_32064596,100.0,0.0,0.0,0.0
U_32064498,0.0,40.0,60.0,0.0
U_32064786,100.0,0.0,0.0,0.0
U_27168036,66.66666666666666,0.0,33.33333333333333,0.0
U_32065293,100.0,0.0,0.0,0.0
U_32065381,83.33333333333334,0.0,16.666666666666664,0.0
U_5665255,33.33333333333333,33.33333333333333,33.33333333333333,0.0
U_32053398,100.0,0.0,0.0,0.0
U_15876364,50.0,0.0,0.0,0.0
U_32065633,76.92307692307693,0.0,15.384615384615385,7.6923076923076925
U_30993896,27.27272727272727,27.27272727272727,27.27272727272727,9.090909090909092
U_32065059,40.0,20.0,40.0,0.0
U_31520773,100.0,0.0,0.0,0.0
U_32066305,100.0,0.0,0.0,0.0
U_32066445,75.0,12.5,12.5,0.0
U_19138367,91.66666666666666,4.166666666666666,4.166666666666666,0.0
U_32066499,0.0,0.0,0.0,100.0
U_773955,66.66666666666666,0.0,33.33333333333333,0.0
U_17508800,66.66666666666666,22.22222222222222,11.11111111111111,0.0
U_1085376,0.0,7.6923076923076925,76.92307692307693,15.384615384615385
U_32066816,0.0,50.0,50.0,0.0
U_4501861,0.0,100.0,0.0,0.0
U_29322475,75.0,0.0,0.0,25.0
U_6586842,100.0,0.0,0.0,0.0
U_32065613,100.0,0.0,0.0,0.0
U_20289179,100.0,0.0,0.0,0.0
U_32067629,100.0,0.0,0.0,0.0
U_18262287,0.0,0.0,25.0,0.0
U_14462227,0.0,78.26086956521739,21.73913043478261,0.0
U_32067869,100.0,0.0,0.0,0.0
U_5309233,50.0,50.0,0.0,0.0
U_30980457,100.0,0.0,0.0,0.0
U_7680284,50.0,50.0,0.0,0.0
U_31871317,0.0,0.0,0.0,100.0
U_22733879,66.66666666666666,0.0,33.33333333333333,0.0
U_32068068,0.0,0.0,66.66666666666666,33.33333333333333
U_15967318,100.0,0.0,0.0,0.0
U_32068201,100.0,0.0,0.0,0.0
U_32052659,100.0,0.0,0.0,0.0
U_32068455,100.0,0.0,0.0,0.0
U_32066276,100.0,0.0,0.0,0.0
U_32060192,100.0,0.0,0.0,0.0
U_31201935,75.0,0.0,25.0,0.0
U_31030534,100.0,0.0,0.0,0.0
U_31088245,33.33333333333333,0.0,66.66666666666666,0.0
U_32076078,100.0,0.0,0.0,0.0
U_32076101,100.0,0.0,0.0,0.0
U_32057790,47.61904761904761,42.857142857142854,9.523809523809524,0.0
U_32069276,0.0,0.0,50.0,50.0
U_16313535,66.66666666666666,33.33333333333333,0.0,0.0
U_32076293,0.0,100.0,0.0,0.0
U_32076273,100.0,0.0,0.0,0.0
U_31719864,50.0,0.0,50.0,0.0
U_4595694,100.0,0.0,0.0,0.0
U_8922849,100.0,0.0,0.0,0.0
U_31395321,100.0,0.0,0.0,0.0
U_32053105,0.0,0.0,100.0,0.0
U_31138717,100.0,0.0,0.0,0.0
U_32077132,0.0,50.0,50.0,0.0
U_3365205,100.0,0.0,0.0,0.0
U_15503805,71.42857142857143,14.285714285714285,0.0,14.285714285714285
U_32076401,100.0,0.0,0.0,0.0
U_14664310,100.0,0.0,0.0,0.0
U_30735614,100.0,0.0,0.0,0.0
U_16383295,0.0,100.0,0.0,0.0
U_30949671,100.0,0.0,0.0,0.0
U_31720006,100.0,0.0,0.0,0.0
U_10323281,100.0,0.0,0.0,0.0
U_13487567,50.0,0.0,0.0,50.0
U_32059921,0.0,100.0,0.0,0.0
U_32077467,66.66666666666666,0.0,33.33333333333333,0.0
U_32077161,100.0,0.0,0.0,0.0
U_4610942,100.0,0.0,0.0,0.0
U_32079205,100.0,0.0,0.0,0.0
U_31770955,0.0,0.0,0.0,100.0
U_32061819,89.47368421052632,10.526315789473683,0.0,0.0
U_31742735,0.0,50.0,25.0,25.0
U_15117688,0.0,0.0,100.0,0.0
U_32080281,100.0,0.0,0.0,0.0
U_32080033,0.0,0.0,0.0,100.0
U_32079798,100.0,0.0,0.0,0.0
U_32080162,0.0,100.0,0.0,0.0
U_6284396,90.0,0.0,10.0,0.0
U_32080306,100.0,0.0,0.0,0.0
U_32080597,93.33333333333333,6.666666666666667,0.0,0.0
U_15141218,100.0,0.0,0.0,0.0
U_17170454,0.0,0.0,50.0,50.0
U_8321756,100.0,0.0,0.0,0.0
U_32027093,78.57142857142857,7.142857142857142,0.0,14.285714285714285
U_17586292,30.0,20.0,20.0,30.0
U_20788340,100.0,0.0,0.0,0.0
U_32056355,0.0,100.0,0.0,0.0
U_31461638,0.0,0.0,71.42857142857143,28.57142857142857
U_32052897,0.0,100.0,0.0,0.0
U_31091836,100.0,0.0,0.0,0.0
U_31258307,100.0,0.0,0.0,0.0
U_32066319,100.0,0.0,0.0,0.0
U_7151100,0.0,100.0,0.0,0.0
U_32084790,66.66666666666666,0.0,33.33333333333333,0.0
U_32084384,0.0,0.0,100.0,0.0
U_15317849,16.666666666666664,16.666666666666664,33.33333333333333,0.0
U_32086974,0.0,0.0,60.0,40.0
U_13461628,100.0,0.0,0.0,0.0
U_31772677,100.0,0.0,0.0,0.0
U_4538367,0.0,100.0,0.0,0.0
U_13050335,0.0,0.0,100.0,0.0
U_32085069,100.0,0.0,0.0,0.0
U_20234799,50.0,0.0,50.0,0.0
U_32068657,100.0,0.0,0.0,0.0
U_32106523,10.0,0.0,70.0,0.0
U_29230379,0.0,0.0,40.0,60.0
U_31945309,100.0,0.0,0.0,0.0
U_14793946,80.0,0.0,20.0,0.0
U_16002385,83.33333333333334,0.0,16.666666666666664,0.0
U_32107744,80.0,20.0,0.0,0.0
U_31276925,100.0,0.0,0.0,0.0
U_31175914,100.0,0.0,0.0,0.0
U_32109325,100.0,0.0,0.0,0.0
U_32109498,11.11111111111111,0.0,77.77777777777779,0.0
U_32110368,100.0,0.0,0.0,0.0
U_23839271,100.0,0.0,0.0,0.0
U_16363167,100.0,0.0,0.0,0.0
U_12402118,100.0,0.0,0.0,0.0
U_22250438,100.0,0.0,0.0,0.0
U_32110851,0.0,100.0,0.0,0.0
U_2865600,100.0,0.0,0.0,0.0
U_12553025,92.85714285714286,0.0,7.142857142857142,0.0
U_30974541,60.0,0.0,20.0,20.0
U_32080395,0.0,16.666666666666664,83.33333333333334,0.0
U_32112064,50.0,0.0,50.0,0.0
U_32114720,50.0,0.0,50.0,0.0
U_31869292,0.0,100.0,0.0,0.0
U_3899552,100.0,0.0,0.0,0.0
U_32116195,100.0,0.0,0.0,0.0
U_32107930,100.0,0.0,0.0,0.0
U_13320978,0.0,100.0,0.0,0.0
U_31142074,100.0,0.0,0.0,0.0
U_6022784,100.0,0.0,0.0,0.0
U_32067810,100.0,0.0,0.0,0.0
U_11043501,100.0,0.0,0.0,0.0
U_32109124,50.0,0.0,0.0,50.0
U_32118684,100.0,0.0,0.0,0.0
U_6103504,75.0,25.0,0.0,0.0
U_32111605,85.71428571428571,0.0,0.0,0.0
U_9355752,0.0,0.0,100.0,0.0
U_32119887,0.0,0.0,100.0,0.0
U_31506466,100.0,0.0,0.0,0.0
U_5438310,100.0,0.0,0.0,0.0
U_15560746,100.0,0.0,0.0,0.0
U_32113185,100.0,0.0,0.0,0.0
U_12661437,100.0,0.0,0.0,0.0
U_32125878,100.0,0.0,0.0,0.0
U_32126069,100.0,0.0,0.0,0.0
U_6175663,0.0,0.0,0.0,100.0
U_32098733,0.0,100.0,0.0,0.0
U_29462833,100.0,0.0,0.0,0.0
U_31106676,100.0,0.0,0.0,0.0
U_31942600,100.0,0.0,0.0,0.0
U_32129898,36.36363636363637,21.21212121212121,36.36363636363637,6.0606060606060606
U_29976222,100.0,0.0,0.0,0.0
U_32130875,100.0,0.0,0.0,0.0
U_28571010,16.666666666666664,50.0,0.0,33.33333333333333
U_32077258,100.0,0.0,0.0,0.0
U_32131020,0.0,40.0,60.0,0.0
U_14532895,0.0,0.0,75.0,25.0
U_31756639,33.33333333333333,0.0,50.0,0.0
U_28170600,88.88888888888889,11.11111111111111,0.0,0.0
U_781665,0.0,100.0,0.0,0.0
U_32132181,100.0,0.0,0.0,0.0
U_30137298,100.0,0.0,0.0,0.0
U_32132931,100.0,0.0,0.0,0.0
U_29982297,100.0,0.0,0.0,0.0
U_30493672,100.0,0.0,0.0,0.0
U_32125615,66.66666666666666,33.33333333333333,0.0,0.0
U_13331410,87.5,6.25,6.25,0.0
U_1057108,66.66666666666666,33.33333333333333,0.0,0.0
U_11555010,0.0,0.0,100.0,0.0
U_29999534,100.0,0.0,0.0,0.0
U_16186903,100.0,0.0,0.0,0.0
U_32110325,0.0,75.0,0.0,25.0
U_32135369,94.44444444444444,0.0,5.555555555555555,0.0
U_31094473,75.0,25.0,0.0,0.0
U_32135642,100.0,0.0,0.0,0.0
U_31125320,100.0,0.0,0.0,0.0
U_31120387,100.0,0.0,0.0,0.0
U_14257909,20.0,80.0,0.0,0.0
U_32135670,66.66666666666666,33.33333333333333,0.0,0.0
U_10607912,97.77777777777777,2.2222222222222223,0.0,0.0
U_32135063,100.0,0.0,0.0,0.0
U_32136393,11.11111111111111,0.0,66.66666666666666,22.22222222222222
U_11053353,25.0,25.0,50.0,0.0
U_32135968,100.0,0.0,0.0,0.0
U_32097595,85.71428571428571,14.285714285714285,0.0,0.0
U_10101134,0.0,0.0,100.0,0.0
U_32134216,100.0,0.0,0.0,0.0
U_32136452,0.0,50.0,50.0,0.0
U_32136014,75.0,0.0,25.0,0.0
U_12540519,83.33333333333334,0.0,16.666666666666664,0.0
U_31153537,100.0,0.0,0.0,0.0
U_32137143,66.66666666666666,0.0,0.0,0.0
U_32137055,100.0,0.0,0.0,0.0
U_11053426,85.71428571428571,0.0,0.0,14.285714285714285
U_12734478,0.0,20.0,80.0,0.0
U_32137225,0.0,100.0,0.0,0.0
U_32137410,0.0,0.0,100.0,0.0
U_32063727,0.0,100.0,0.0,0.0
U_32137647,50.0,50.0,0.0,0.0
U_32135960,100.0,0.0,0.0,0.0
U_12152,87.5,12.5,0.0,0.0
U_32137309,100.0,0.0,0.0,0.0
U_31878335,100.0,0.0,0.0,0.0
U_31037127,0.0,100.0,0.0,0.0
U_32109879,66.66666666666666,0.0,33.33333333333333,0.0
U_32060589,100.0,0.0,0.0,0.0
U_3268610,80.0,0.0,20.0,0.0
U_27218486,100.0,0.0,0.0,0.0
U_13244077,100.0,0.0,0.0,0.0
U_31743505,100.0,0.0,0.0,0.0
U_4407227,100.0,0.0,0.0,0.0
U_32124886,100.0,0.0,0.0,0.0
U_32098087,0.0,0.0,100.0,0.0
U_32150570,0.0,100.0,0.0,0.0
U_32156640,100.0,0.0,0.0,0.0
U_32096290,0.0,0.0,0.0,100.0
U_6361904,93.33333333333333,6.666666666666667,0.0,0.0
U_10943506,100.0,0.0,0.0,0.0
U_32095663,0.0,0.0,80.0,20.0
U_30607824,83.33333333333334,0.0,16.666666666666664,0.0
U_31695371,100.0,0.0,0.0,0.0
U_32114569,0.0,0.0,100.0,0.0
U_22788040,100.0,0.0,0.0,0.0
U_17207430,0.0,0.0,100.0,0.0
U_32160661,100.0,0.0,0.0,0.0
U_32128268,66.66666666666666,16.666666666666664,0.0,16.666666666666664
U_267865,0.0,50.0,0.0,50.0
U_9939039,100.0,0.0,0.0,0.0
U_31772831,100.0,0.0,0.0,0.0
U_16359663,0.0,50.0,50.0,0.0
U_32168299,100.0,0.0,0.0,0.0
U_26879248,100.0,0.0,0.0,0.0
U_32168856,0.0,0.0,22.22222222222222,0.0
U_32064613,100.0,0.0,0.0,0.0
U_13613348,100.0,0.0,0.0,0.0
U_15363684,100.0,0.0,0.0,0.0
U_27092993,100.0,0.0,0.0,0.0
U_32159886,100.0,0.0,0.0,0.0
U_31469770,100.0,0.0,0.0,0.0
U_32175753,100.0,0.0,0.0,0.0
U_19203097,100.0,0.0,0.0,0.0
U_32202741,100.0,0.0,0.0,0.0
U_32202799,100.0,0.0,0.0,0.0
U_32174887,40.0,0.0,60.0,0.0
U_31121001,0.0,100.0,0.0,0.0
U_32064441,0.0,25.0,50.0,0.0
U_32205615,50.0,50.0,0.0,0.0
U_32206535,100.0,0.0,0.0,0.0
U_15776756,100.0,0.0,0.0,0.0
U_6646104,100.0,0.0,0.0,0.0
U_10518200,100.0,0.0,0.0,0.0
U_31274534,0.0,14.285714285714285,85.71428571428571,0.0
U_15297932,18.181818181818183,18.181818181818183,59.09090909090909,4.545454545454546
U_32136704,100.0,0.0,0.0,0.0
U_31513251,0.0,0.0,100.0,0.0
U_28756447,0.0,50.0,10.0,20.0
U_1245480,40.0,40.0,20.0,0.0
U_15307347,0.0,100.0,0.0,0.0
U_13806499,0.0,16.666666666666664,50.0,33.33333333333333
U_14080122,100.0,0.0,0.0,0.0
U_8908062,0.0,0.0,100.0,0.0
U_32219882,100.0,0.0,0.0,0.0
U_32175745,100.0,0.0,0.0,0.0
U_14209255,100.0,0.0,0.0,0.0
U_32225718,100.0,0.0,0.0,0.0
U_32225823,50.0,0.0,50.0,0.0
U_31191613,50.0,0.0,50.0,0.0
U_32226545,100.0,0.0,0.0,0.0
U_20294918,0.0,50.0,50.0,0.0
U_32134428,80.0,20.0,0.0,0.0
U_32225676,11.11111111111111,11.11111111111111,66.66666666666666,11.11111111111111
U_32226703,100.0,0.0,0.0,0.0
U_32226996,100.0,0.0,0.0,0.0
U_17208286,100.0,0.0,0.0,0.0
U_12424599,100.0,0.0,0.0,0.0
U_32226175,40.0,60.0,0.0,0.0
U_32085830,0.0,100.0,0.0,0.0
U_31771380,0.0,33.33333333333333,66.66666666666666,0.0
U_32233950,100.0,0.0,0.0,0.0
U_10943548,100.0,0.0,0.0,0.0
U_5027162,55.55555555555556,11.11111111111111,22.22222222222222,11.11111111111111
U_23443752,100.0,0.0,0.0,0.0
U_32105877,40.0,60.0,0.0,0.0
U_12434504,100.0,0.0,0.0,0.0
U_30058388,0.0,0.0,100.0,0.0
U_32230087,100.0,0.0,0.0,0.0
U_11129503,45.45454545454545,0.0,36.36363636363637,9.090909090909092
U_32124806,0.0,0.0,100.0,0.0
U_32237628,0.0,50.0,50.0,0.0
U_31228380,0.0,0.0,100.0,0.0
U_32237815,100.0,0.0,0.0,0.0
U_32079833,100.0,0.0,0.0,0.0
U_31203142,60.0,0.0,40.0,0.0
U_32236901,100.0,0.0,0.0,0.0
U_32234396,25.0,50.0,25.0,0.0
U_16196543,80.0,20.0,0.0,0.0
U_32238831,100.0,0.0,0.0,0.0
U_32064079,0.0,1.9230769230769231,3.8461538461538463,0.0
U_32238703,50.0,50.0,0.0,0.0
U_32079106,100.0,0.0,0.0,0.0
U_16654909,0.0,0.0,100.0,0.0
U_32139506,0.0,54.54545454545454,27.27272727272727,9.090909090909092
U_4518950,0.0,100.0,0.0,0.0
U_32060304,100.0,0.0,0.0,0.0
U_12992116,0.0,0.0,27.27272727272727,0.0
U_2417238,87.5,12.5,0.0,0.0
U_32239414,66.66666666666666,33.33333333333333,0.0,0.0
U_31742814,100.0,0.0,0.0,0.0
U_12949730,100.0,0.0,0.0,0.0
U_32066150,0.0,0.0,100.0,0.0
U_32241136,100.0,0.0,0.0,0.0
U_32134945,0.0,0.0,100.0,0.0
U_12877260,100.0,0.0,0.0,0.0
U_31173752,0.0,37.5,62.5,0.0
U_31772587,100.0,0.0,0.0,0.0
U_11006822,10.0,20.0,20.0,10.0
U_31775995,100.0,0.0,0.0,0.0
U_1802301,0.0,0.0,100.0,0.0
U_13889161,100.0,0.0,0.0,0.0
U_32241743,100.0,0.0,0.0,0.0
U_16027258,83.33333333333334,16.666666666666664,0.0,0.0
U_31141938,100.0,0.0,0.0,0.0
U_32242003,100.0,0.0,0.0,0.0
U_32242137,66.66666666666666,0.0,33.33333333333333,0.0
U_14092805,66.66666666666666,0.0,0.0,33.33333333333333
U_358103,100.0,0.0,0.0,0.0
U_32242225,0.0,0.0,100.0,0.0
U_32242345,100.0,0.0,0.0,0.0
U_32203338,100.0,0.0,0.0,0.0
U_12395840,50.0,0.0,50.0,0.0
U_19270071,100.0,0.0,0.0,0.0
U_32244245,100.0,0.0,0.0,0.0
U_28947430,66.66666666666666,0.0,0.0,33.33333333333333
U_31869061,100.0,0.0,0.0,0.0
U_32226426,80.0,20.0,0.0,0.0
U_32252025,100.0,0.0,0.0,0.0
U_16297490,0.0,50.0,50.0,0.0
U_31780169,0.0,0.0,100.0,0.0
U_15761616,50.0,0.0,50.0,0.0
U_9677467,100.0,0.0,0.0,0.0
U_32109692,0.0,0.0,100.0,0.0
U_14485318,0.0,0.0,0.0,100.0
U_31765541,0.0,100.0,0.0,0.0
U_10906000,33.33333333333333,66.66666666666666,0.0,0.0
U_32259253,100.0,0.0,0.0,0.0
U_14835161,0.0,0.0,11.11111111111111,88.88888888888889
U_32257043,100.0,0.0,0.0,0.0
U_32050057,0.0,100.0,0.0,0.0
U_32069271,10.0,10.0,60.0,20.0
U_32105185,66.66666666666666,33.33333333333333,0.0,0.0
U_32249203,16.666666666666664,16.666666666666664,0.0,50.0
U_31052664,100.0,0.0,0.0,0.0
U_32260070,66.66666666666666,0.0,33.33333333333333,0.0
U_31746719,100.0,0.0,0.0,0.0
U_32153801,72.72727272727273,0.0,27.27272727272727,0.0
U_8532872,0.0,33.33333333333333,66.66666666666666,0.0
U_32263127,100.0,0.0,0.0,0.0
U_3383462,100.0,0.0,0.0,0.0
U_10270060,100.0,0.0,0.0,0.0
U_16604615,100.0,0.0,0.0,0.0
U_32263616,0.0,0.0,0.0,100.0
U_32167621,100.0,0.0,0.0,0.0
U_32260233,14.285714285714285,42.857142857142854,14.285714285714285,28.57142857142857
U_1218223,80.0,0.0,0.0,20.0
U_32263672,100.0,0.0,0.0,0.0
U_32175169,0.0,20.0,40.0,0.0
U_32287646,100.0,0.0,0.0,0.0
U_7425488,66.66666666666666,33.33333333333333,0.0,0.0
U_32209554,100.0,0.0,0.0,0.0
U_25271367,80.0,20.0,0.0,0.0
U_30270532,0.0,0.0,0.0,100.0
U_14599460,100.0,0.0,0.0,0.0
U_32161319,50.0,50.0,0.0,0.0
U_13381318,40.0,0.0,60.0,0.0
U_32203839,0.0,69.23076923076923,7.6923076923076925,23.076923076923077
U_12998585,75.0,0.0,25.0,0.0
U_16536943,100.0,0.0,0.0,0.0
U_32297421,50.0,0.0,50.0,0.0
U_15390864,100.0,0.0,0.0,0.0
U_12725416,100.0,0.0,0.0,0.0
U_7024662,60.0,40.0,0.0,0.0
U_32298345,50.0,0.0,50.0,0.0
U_32242134,100.0,0.0,0.0,0.0
U_17635969,0.0,0.0,0.0,100.0
U_31827862,0.0,0.0,0.0,100.0
U_9818788,0.0,50.0,50.0,0.0
U_28875653,100.0,0.0,0.0,0.0
U_31168089,100.0,0.0,0.0,0.0
U_14111088,100.0,0.0,0.0,0.0
U_32225559,0.0,25.925925925925924,55.55555555555556,0.0
U_32307833,100.0,0.0,0.0,0.0
U_30205250,100.0,0.0,0.0,0.0
U_32298379,85.71428571428571,0.0,0.0,14.285714285714285
U_203899,50.0,0.0,50.0,0.0
U_32309293,50.0,50.0,0.0,0.0
U_15775022,100.0,0.0,0.0,0.0
U_32309521,100.0,0.0,0.0,0.0
U_32309277,75.0,25.0,0.0,0.0
U_32309535,0.0,0.0,100.0,0.0
U_32241992,100.0,0.0,0.0,0.0
U_4871222,0.0,0.0,100.0,0.0
U_32311029,100.0,0.0,0.0,0.0
U_15282882,100.0,0.0,0.0,0.0
U_13036355,66.66666666666666,33.33333333333333,0.0,0.0
U_12028087,100.0,0.0,0.0,0.0
U_2162576,0.0,44.44444444444444,44.44444444444444,0.0
U_12004652,0.0,100.0,0.0,0.0
U_31945631,0.0,0.0,66.66666666666666,0.0
U_28523620,0.0,0.0,33.33333333333333,66.66666666666666
U_27525657,0.0,33.33333333333333,66.66666666666666,0.0
U_32251359,100.0,0.0,0.0,0.0
U_11219631,100.0,0.0,0.0,0.0
U_32206145,50.0,0.0,50.0,0.0
U_557881,100.0,0.0,0.0,0.0
U_28097569,100.0,0.0,0.0,0.0
U_32298890,100.0,0.0,0.0,0.0
U_31204570,0.0,100.0,0.0,0.0
U_32312978,0.0,0.0,100.0,0.0
U_32312282,100.0,0.0,0.0,0.0
U_32238288,0.0,100.0,0.0,0.0
U_32305951,100.0,0.0,0.0,0.0
U_11648066,100.0,0.0,0.0,0.0
U_32242266,0.0,0.0,100.0,0.0
U_32239690,100.0,0.0,0.0,0.0
U_23454270,100.0,0.0,0.0,0.0
U_32313295,0.0,0.0,100.0,0.0
U_32313815,0.0,0.0,100.0,0.0
U_13763722,60.0,0.0,0.0,40.0
U_31782928,100.0,0.0,0.0,0.0
U_12566249,100.0,0.0,0.0,0.0
U_4722437,100.0,0.0,0.0,0.0
U_32315205,85.71428571428571,0.0,14.285714285714285,0.0
U_13788930,100.0,0.0,0.0,0.0
U_31211672,100.0,0.0,0.0,0.0
U_32315631,0.0,0.0,100.0,0.0
U_15276447,21.428571428571427,57.14285714285714,7.142857142857142,0.0
U_28886654,100.0,0.0,0.0,0.0
U_32244244,0.0,100.0,0.0,0.0
U_32315737,0.0,0.0,100.0,0.0
U_32296443,0.0,0.0,100.0,0.0
U_32317272,0.0,100.0,0.0,0.0
U_32317279,100.0,0.0,0.0,0.0
U_32315668,75.0,25.0,0.0,0.0
U_57329,100.0,0.0,0.0,0.0
U_32325250,100.0,0.0,0.0,0.0
U_29923508,100.0,0.0,0.0,0.0
U_20200219,11.11111111111111,5.555555555555555,16.666666666666664,0.0
U_32137000,50.0,0.0,50.0,0.0
U_373148,100.0,0.0,0.0,0.0
U_32328987,100.0,0.0,0.0,0.0
U_32067175,0.0,0.0,100.0,0.0
U_32097427,0.0,0.0,23.52941176470588,0.0
U_12654173,100.0,0.0,0.0,0.0
U_832832,100.0,0.0,0.0,0.0
U_15831504,0.0,0.0,100.0,0.0
U_31783892,0.0,0.0,71.42857142857143,0.0
U_29233421,0.0,0.0,75.0,0.0
U_16482468,100.0,0.0,0.0,0.0
U_32212502,100.0,0.0,0.0,0.0
U_13749166,62.5,12.5,25.0,0.0
U_28561562,75.0,25.0,0.0,0.0
U_7003757,0.0,0.0,100.0,0.0
U_32336266,100.0,0.0,0.0,0.0
U_31632097,100.0,0.0,0.0,0.0
U_32135686,0.0,33.33333333333333,66.66666666666666,0.0
U_31253131,100.0,0.0,0.0,0.0
U_32337041,50.0,0.0,12.5,0.0
U_16055900,0.0,0.0,50.0,50.0
U_31512617,100.0,0.0,0.0,0.0
U_31737991,100.0,0.0,0.0,0.0
U_32313810,100.0,0.0,0.0,0.0
U_11319378,100.0,0.0,0.0,0.0
U_788541,100.0,0.0,0.0,0.0
U_27198827,85.0,5.0,10.0,0.0
U_32250889,0.0,30.0,50.0,10.0
U_32085310,100.0,0.0,0.0,0.0
U_32345500,66.66666666666666,0.0,33.33333333333333,0.0
U_11916063,0.0,66.66666666666666,0.0,0.0
U_32350564,100.0,0.0,0.0,0.0
U_15280653,0.0,0.0,83.33333333333334,16.666666666666664
U_15511295,100.0,0.0,0.0,0.0
U_32345801,100.0,0.0,0.0,0.0
U_32052556,0.0,0.0,33.33333333333333,66.66666666666666
U_32351189,100.0,0.0,0.0,0.0
U_32129965,0.0,50.0,33.33333333333333,16.666666666666664
U_32310025,0.0,0.0,100.0,0.0
U_32153587,100.0,0.0,0.0,0.0
U_32346199,100.0,0.0,0.0,0.0
U_31023116,0.0,0.0,0.0,100.0
U_1469465,100.0,0.0,0.0,0.0
U_12460778,100.0,0.0,0.0,0.0
U_7068395,100.0,0.0,0.0,0.0
U_11543254,0.0,0.0,100.0,0.0
U_32352476,100.0,0.0,0.0,0.0
U_32315494,0.0,0.0,100.0,0.0
U_13542987,100.0,0.0,0.0,0.0
U_1361537,100.0,0.0,0.0,0.0
U_32353253,100.0,0.0,0.0,0.0
U_32353475,85.71428571428571,4.761904761904762,4.761904761904762,0.0
U_31757912,0.0,0.0,50.0,0.0
U_32341544,100.0,0.0,0.0,0.0
U_32382088,100.0,0.0,0.0,0.0
U_13840335,100.0,0.0,0.0,0.0
U_31694528,0.0,0.0,100.0,0.0
U_12421508,14.285714285714285,0.0,71.42857142857143,14.285714285714285
U_7419164,100.0,0.0,0.0,0.0
U_32335337,0.0,0.0,50.0,0.0
U_28159585,0.0,0.0,0.0,100.0
U_3899743,100.0,0.0,0.0,0.0
U_10681428,0.0,100.0,0.0,0.0
U_31418401,0.0,0.0,100.0,0.0
U_7152357,50.0,33.33333333333333,16.666666666666664,0.0
U_10917926,76.81159420289855,7.246376811594203,13.043478260869565,0.0
U_32139594,76.92307692307693,15.384615384615385,7.6923076923076925,0.0
U_32382941,100.0,0.0,0.0,0.0
U_14079219,100.0,0.0,0.0,0.0
U_32383240,50.0,0.0,0.0,0.0
U_32386477,50.0,0.0,0.0,50.0
U_31888177,100.0,0.0,0.0,0.0
U_6359050,0.0,100.0,0.0,0.0
U_14523570,0.0,72.22222222222221,22.22222222222222,0.0
U_13908497,100.0,0.0,0.0,0.0
U_32386702,100.0,0.0,0.0,0.0
U_25729195,0.0,100.0,0.0,0.0
U_32386040,20.0,80.0,0.0,0.0
U_31642955,100.0,0.0,0.0,0.0
U_32174958,100.0,0.0,0.0,0.0
U_32296402,0.0,20.0,60.0,20.0
U_32136624,0.0,20.0,80.0,0.0
U_4958158,0.0,14.285714285714285,57.14285714285714,14.285714285714285
U_11503921,0.0,0.0,100.0,0.0
U_22838001,50.0,0.0,50.0,0.0
U_1401690,100.0,0.0,0.0,0.0
U_32383293,100.0,0.0,0.0,0.0
U_15103292,100.0,0.0,0.0,0.0
U_15318029,100.0,0.0,0.0,0.0
U_11412272,0.0,0.0,0.0,0.0
U_5567857,0.0,0.0,100.0,0.0
U_32212446,100.0,0.0,0.0,0.0
U_15850409,81.25,12.5,6.25,0.0
U_32387470,50.0,0.0,50.0,0.0
U_32410461,100.0,0.0,0.0,0.0
U_14085077,100.0,0.0,0.0,0.0
U_32416174,100.0,0.0,0.0,0.0
U_2009927,100.0,0.0,0.0,0.0
U_25558278,90.32258064516128,6.451612903225806,3.225806451612903,0.0
U_29646916,0.0,66.66666666666666,33.33333333333333,0.0
U_12428163,100.0,0.0,0.0,0.0
U_5543548,66.66666666666666,0.0,0.0,0.0
U_9462074,58.82352941176471,0.0,17.647058823529413,23.52941176470588
U_2035508,0.0,0.0,100.0,0.0
U_31863313,100.0,0.0,0.0,0.0
U_11377015,0.0,0.0,100.0,0.0
U_32416296,0.0,0.0,100.0,0.0
U_22277358,0.0,0.0,80.0,20.0
U_31461212,100.0,0.0,0.0,0.0
U_32314932,100.0,0.0,0.0,0.0
U_32422091,100.0,0.0,0.0,0.0
U_4004806,83.33333333333334,16.666666666666664,0.0,0.0
U_15880097,100.0,0.0,0.0,0.0
U_32422773,50.0,0.0,50.0,0.0
U_12449939,50.0,0.0,50.0,0.0
U_11702553,100.0,0.0,0.0,0.0
U_32423180,0.0,0.0,0.0,0.0
U_32066753,100.0,0.0,0.0,0.0
U_22792606,100.0,0.0,0.0,0.0
U_32424018,100.0,0.0,0.0,0.0
U_32423834,0.0,100.0,0.0,0.0
U_7082649,50.0,0.0,0.0,50.0
U_13520051,50.0,0.0,50.0,0.0
U_32425601,0.0,100.0,0.0,0.0
U_29685909,50.0,50.0,0.0,0.0
U_32204376,100.0,0.0,0.0,0.0
U_11397726,0.0,0.0,100.0,0.0
U_32219728,42.857142857142854,0.0,57.14285714285714,0.0
U_28895791,0.0,0.0,50.0,33.33333333333333
U_32426616,0.0,100.0,0.0,0.0
U_32119252,100.0,0.0,0.0,0.0
U_32382954,100.0,0.0,0.0,0.0
U_32428600,100.0,0.0,0.0,0.0
U_30916167,0.0,50.0,50.0,0.0
U_29018888,0.0,100.0,0.0,0.0
U_15033019,0.0,36.36363636363637,54.54545454545454,0.0
U_32313703,100.0,0.0,0.0,0.0
U_11138814,33.33333333333333,66.66666666666666,0.0,0.0
U_32430155,100.0,0.0,0.0,0.0
U_32122986,50.0,0.0,50.0,0.0
U_32430051,67.5,10.0,15.0,0.0
U_6657310,0.0,0.0,50.0,50.0
U_32317227,0.0,0.0,100.0,0.0
U_32416807,47.05882352941176,11.76470588235294,20.588235294117645,11.76470588235294
U_30935450,75.0,25.0,0.0,0.0
U_31482574,100.0,0.0,0.0,0.0
U_30996164,100.0,0.0,0.0,0.0
U_32314173,0.0,100.0,0.0,0.0
U_7975215,100.0,0.0,0.0,0.0
U_32439236,50.0,25.0,25.0,0.0
U_32310497,0.0,0.0,100.0,0.0
U_32421064,100.0,0.0,0.0,0.0
U_11696520,0.0,0.0,50.0,50.0
U_32387498,0.0,0.0,100.0,0.0
U_29603603,100.0,0.0,0.0,0.0
U_11492443,0.0,50.0,50.0,0.0
U_13081129,100.0,0.0,0.0,0.0
U_15364192,50.0,0.0,50.0,0.0
U_32438968,0.0,25.0,25.0,0.0
U_32416798,0.0,100.0,0.0,0.0
U_28391656,100.0,0.0,0.0,0.0
U_11553049,0.0,0.0,100.0,0.0
U_22244613,81.81818181818183,9.090909090909092,9.090909090909092,0.0
U_32386457,41.37931034482759,0.0,24.137931034482758,0.0
U_32136812,100.0,0.0,0.0,0.0
U_165744,0.0,0.0,50.0,50.0
U_32064087,100.0,0.0,0.0,0.0
U_32439040,0.0,100.0,0.0,0.0
U_31692268,100.0,0.0,0.0,0.0
U_12672361,100.0,0.0,0.0,0.0
U_16009819,60.0,0.0,40.0,0.0
U_12721041,50.0,0.0,50.0,0.0
U_32238835,100.0,0.0,0.0,0.0
U_32125671,50.0,25.0,0.0,0.0
U_32239327,100.0,0.0,0.0,0.0
U_32263387,0.0,100.0,0.0,0.0
U_31125137,0.0,20.0,80.0,0.0
U_31172179,100.0,0.0,0.0,0.0
U_32471472,12.0,12.0,8.0,0.0
U_32442783,100.0,0.0,0.0,0.0
U_383304,100.0,0.0,0.0,0.0
U_31060249,75.0,25.0,0.0,0.0
U_31034555,100.0,0.0,0.0,0.0
U_30769883,100.0,0.0,0.0,0.0
U_32472116,66.66666666666666,33.33333333333333,0.0,0.0
U_32472221,100.0,0.0,0.0,0.0
U_32471656,100.0,0.0,0.0,0.0
U_24677850,0.0,50.0,50.0,0.0
U_32472398,83.33333333333334,0.0,16.666666666666664,0.0
U_8517261,0.0,0.0,100.0,0.0
U_32335827,100.0,0.0,0.0,0.0
U_16001541,100.0,0.0,0.0,0.0
U_32440512,100.0,0.0,0.0,0.0
U_25080399,100.0,0.0,0.0,0.0
U_32060499,100.0,0.0,0.0,0.0
U_32388564,100.0,0.0,0.0,0.0
U_30908761,100.0,0.0,0.0,0.0
U_11847775,100.0,0.0,0.0,0.0
U_30315090,100.0,0.0,0.0,0.0
U_15881684,100.0,0.0,0.0,0.0
U_16065444,66.66666666666666,33.33333333333333,0.0,0.0
U_32058697,30.434782608695656,21.73913043478261,30.434782608695656,0.0
U_32484499,100.0,0.0,0.0,0.0
U_30507795,100.0,0.0,0.0,0.0
U_32495151,100.0,0.0,0.0,0.0
U_16050290,100.0,0.0,0.0,0.0
U_32333321,0.0,0.0,100.0,0.0
U_32497694,100.0,0.0,0.0,0.0
U_32327786,100.0,0.0,0.0,0.0
U_32064410,100.0,0.0,0.0,0.0
U_30942915,100.0,0.0,0.0,0.0
U_29119416,40.0,40.0,0.0,20.0
U_32498074,100.0,0.0,0.0,0.0
U_11492541,0.0,0.0,100.0,0.0
U_32352970,100.0,0.0,0.0,0.0
U_11324797,0.0,100.0,0.0,0.0
U_14335495,71.42857142857143,28.57142857142857,0.0,0.0
U_29434798,0.0,0.0,100.0,0.0
U_384391,100.0,0.0,0.0,0.0
U_31933386,0.0,20.0,60.0,20.0
U_32497520,100.0,0.0,0.0,0.0
U_10060652,18.51851851851852,3.7037037037037033,77.77777777777779,0.0
U_32499585,100.0,0.0,0.0,0.0
U_31271986,100.0,0.0,0.0,0.0
U_32429680,100.0,0.0,0.0,0.0
U_32336054,100.0,0.0,0.0,0.0
U_483402,100.0,0.0,0.0,0.0
U_31886821,100.0,0.0,0.0,0.0
U_32519984,0.0,0.0,25.0,75.0
U_32385038,100.0,0.0,0.0,0.0
U_11545198,0.0,0.0,50.0,0.0
U_12987301,100.0,0.0,0.0,0.0
U_12197337,0.0,0.0,83.33333333333334,16.666666666666664
U_32471759,0.0,0.0,100.0,0.0
U_1079538,0.0,100.0,0.0,0.0
U_32157564,100.0,0.0,0.0,0.0
U_797291,100.0,0.0,0.0,0.0
U_18512469,66.66666666666666,0.0,33.33333333333333,0.0
U_26335047,100.0,0.0,0.0,0.0
U_28634986,100.0,0.0,0.0,0.0
U_32520579,100.0,0.0,0.0,0.0
U_20305980,75.0,0.0,25.0,0.0
U_32123246,60.0,0.0,40.0,0.0
U_14391648,100.0,0.0,0.0,0.0
U_28186272,0.0,0.0,100.0,0.0
U_32422818,0.0,0.0,66.66666666666666,33.33333333333333
U_32132411,100.0,0.0,0.0,0.0
U_30667538,50.0,50.0,0.0,0.0
U_31933049,0.0,0.0,100.0,0.0
U_25691141,100.0,0.0,0.0,0.0
U_32249510,80.0,0.0,20.0,0.0
U_30159191,91.66666666666666,8.333333333333332,0.0,0.0
U_31112002,66.66666666666666,33.33333333333333,0.0,0.0
U_12418424,0.0,0.0,100.0,0.0
U_31045873,0.0,100.0,0.0,0.0
U_30978396,100.0,0.0,0.0,0.0
U_8019420,100.0,0.0,0.0,0.0
U_32521939,100.0,0.0,0.0,0.0
U_14388593,100.0,0.0,0.0,0.0
U_32499250,85.71428571428571,14.285714285714285,0.0,0.0
U_32522521,0.0,0.0,0.0,100.0
U_26340655,0.0,33.33333333333333,66.66666666666666,0.0
U_31120455,0.0,0.0,50.0,0.0
U_32080693,0.0,0.0,100.0,0.0
U_32522235,27.77777777777778,33.33333333333333,27.77777777777778,11.11111111111111
U_32522681,50.0,0.0,50.0,0.0
U_4538736,100.0,0.0,0.0,0.0
U_11635125,0.0,0.0,100.0,0.0
U_28935074,88.23529411764706,0.0,11.76470588235294,0.0
U_32523482,100.0,0.0,0.0,0.0
U_29123613,100.0,0.0,0.0,0.0
U_32523381,50.0,0.0,50.0,0.0
U_23902304,100.0,0.0,0.0,0.0
U_28678363,50.0,0.0,0.0,50.0
U_16479481,33.33333333333333,33.33333333333333,33.33333333333333,0.0
U_32523468,0.0,0.0,87.5,12.5
U_8891189,80.0,0.0,20.0,0.0
U_32067590,0.0,0.0,100.0,0.0
U_32484523,100.0,0.0,0.0,0.0
U_32523893,60.0,13.333333333333334,26.666666666666668,0.0
U_31850716,100.0,0.0,0.0,0.0
U_31116781,100.0,0.0,0.0,0.0
U_4596094,100.0,0.0,0.0,0.0
U_8822408,71.42857142857143,14.285714285714285,14.285714285714285,0.0
U_31850110,100.0,0.0,0.0,0.0
U_30181014,83.33333333333334,16.666666666666664,0.0,0.0
U_32242000,69.23076923076923,23.076923076923077,7.6923076923076925,0.0
U_32327151,100.0,0.0,0.0,0.0
U_10323367,100.0,0.0,0.0,0.0
U_32087182,0.0,100.0,0.0,0.0
U_32533617,0.0,0.0,85.71428571428571,14.285714285714285
U_3667183,50.0,50.0,0.0,0.0
U_10384971,0.0,0.0,100.0,0.0
U_32521862,61.111111111111114,16.666666666666664,22.22222222222222,0.0
U_15495515,100.0,0.0,0.0,0.0
U_32497061,100.0,0.0,0.0,0.0
U_29975839,100.0,0.0,0.0,0.0
U_30966955,0.0,28.57142857142857,71.42857142857143,0.0
U_30180400,100.0,0.0,0.0,0.0
U_10384968,19.047619047619047,28.57142857142857,42.857142857142854,4.761904761904762
U_31737797,0.0,0.0,100.0,0.0
U_18773719,33.33333333333333,0.0,0.0,66.66666666666666
U_26368456,20.0,0.0,60.0,0.0
U_22351548,100.0,0.0,0.0,0.0
U_32110219,100.0,0.0,0.0,0.0
U_32497620,78.125,0.0,21.875,0.0
U_32313027,100.0,0.0,0.0,0.0
U_31068248,0.0,100.0,0.0,0.0
U_10917938,100.0,0.0,0.0,0.0
U_22270678,100.0,0.0,0.0,0.0
U_32237887,0.0,0.0,100.0,0.0
U_32077202,100.0,0.0,0.0,0.0
U_12986706,100.0,0.0,0.0,0.0
U_27573017,100.0,0.0,0.0,0.0
U_32524248,100.0,0.0,0.0,0.0
U_32524032,0.0,0.0,100.0,0.0
U_32262964,100.0,0.0,0.0,0.0
U_28953615,0.0,100.0,0.0,0.0
U_31475449,100.0,0.0,0.0,0.0
U_32501124,100.0,0.0,0.0,0.0
U_13561207,100.0,0.0,0.0,0.0
U_11178874,100.0,0.0,0.0,0.0
U_32536183,0.0,0.0,100.0,0.0
U_24860018,0.0,3.0303030303030303,6.0606060606060606,6.0606060606060606
U_32413545,0.0,16.666666666666664,66.66666666666666,0.0
U_18079723,94.73684210526315,0.0,5.263157894736842,0.0
U_32538902,100.0,0.0,0.0,0.0
U_31177405,0.0,0.0,66.66666666666666,33.33333333333333
U_25698194,100.0,0.0,0.0,0.0
U_14258549,100.0,0.0,0.0,0.0
U_32539356,80.0,20.0,0.0,0.0
U_16301484,100.0,0.0,0.0,0.0
U_20327497,0.0,100.0,0.0,0.0
U_4736761,100.0,0.0,0.0,0.0
U_31120966,90.0,0.0,10.0,0.0
U_32539858,0.0,0.0,100.0,0.0
U_28171077,41.66666666666667,50.0,0.0,8.333333333333332
U_12434661,0.0,50.0,50.0,0.0
U_1847769,22.22222222222222,0.0,66.66666666666666,0.0
U_11886321,0.0,100.0,0.0,0.0
U_29243239,0.0,66.66666666666666,33.33333333333333,0.0
U_11348137,91.8918918918919,1.3513513513513513,6.756756756756757,0.0
U_31147287,100.0,0.0,0.0,0.0
U_32333485,100.0,0.0,0.0,0.0
U_10385158,0.0,0.0,100.0,0.0
U_9727045,100.0,0.0,0.0,0.0
U_32537708,100.0,0.0,0.0,0.0
U_29207134,0.0,0.0,100.0,0.0
U_32413611,0.0,0.0,100.0,0.0
U_32413579,0.0,0.0,100.0,0.0
U_32531025,100.0,0.0,0.0,0.0
U_29470889,100.0,0.0,0.0,0.0
U_32548446,100.0,0.0,0.0,0.0
U_25450028,100.0,0.0,0.0,0.0
U_22846612,0.0,0.0,100.0,0.0
U_11504002,0.0,0.0,100.0,0.0
U_28900813,100.0,0.0,0.0,0.0
U_13044544,100.0,0.0,0.0,0.0
U_32549249,100.0,0.0,0.0,0.0
U_5288120,100.0,0.0,0.0,0.0
U_32548305,100.0,0.0,0.0,0.0
U_32484493,100.0,0.0,0.0,0.0
U_28415220,100.0,0.0,0.0,0.0
U_12089002,100.0,0.0,0.0,0.0
U_30337165,90.0,10.0,0.0,0.0
U_32314948,0.0,100.0,0.0,0.0
U_31849035,0.0,33.33333333333333,0.0,0.0
U_32169333,0.0,50.0,50.0,0.0
U_35096,40.0,40.0,20.0,0.0
U_32550606,50.0,0.0,50.0,0.0
U_22815844,0.0,100.0,0.0,0.0
U_32535756,60.0,20.0,20.0,0.0
U_23247474,100.0,0.0,0.0,0.0
U_32533043,50.0,0.0,33.33333333333333,16.666666666666664
U_32530509,0.0,0.0,50.0,50.0
U_32315530,80.0,20.0,0.0,0.0
U_32244164,0.0,0.0,100.0,0.0
U_606815,77.77777777777779,14.814814814814813,7.4074074074074066,0.0
U_32315097,0.0,0.0,0.0,100.0
U_26426699,100.0,0.0,0.0,0.0
U_32558258,0.0,0.0,100.0,0.0
U_32137702,41.66666666666667,25.0,16.666666666666664,0.0
U_16193984,100.0,0.0,0.0,0.0
U_20331150,33.33333333333333,66.66666666666666,0.0,0.0
U_32296664,100.0,0.0,0.0,0.0
U_11247758,100.0,0.0,0.0,0.0
U_31742078,0.0,25.0,37.5,20.833333333333336
U_32562915,45.45454545454545,18.181818181818183,36.36363636363637,0.0
U_1418,57.14285714285714,0.0,14.285714285714285,28.57142857142857
U_25849315,31.818181818181817,31.818181818181817,27.27272727272727,9.090909090909092
U_8873587,0.0,0.0,100.0,0.0
U_32388390,0.0,75.0,25.0,0.0
U_15884011,100.0,0.0,0.0,0.0
U_32111005,100.0,0.0,0.0,0.0
U_32576199,100.0,0.0,0.0,0.0
U_32582945,100.0,0.0,0.0,0.0
U_17661563,0.0,0.0,100.0,0.0
U_32580828,0.0,0.0,100.0,0.0
U_12613786,100.0,0.0,0.0,0.0
U_14546999,80.0,0.0,20.0,0.0
U_29284731,22.22222222222222,77.77777777777779,0.0,0.0
U_32523997,100.0,0.0,0.0,0.0
U_16476951,100.0,0.0,0.0,0.0
U_10912014,0.0,0.0,100.0,0.0
U_10429027,100.0,0.0,0.0,0.0
U_2017160,100.0,0.0,0.0,0.0
U_29731530,100.0,0.0,0.0,0.0
U_31743119,0.0,100.0,0.0,0.0
U_28532511,100.0,0.0,0.0,0.0
U_32578898,100.0,0.0,0.0,0.0
U_11524325,100.0,0.0,0.0,0.0
U_32585813,0.0,100.0,0.0,0.0
U_16452288,66.66666666666666,33.33333333333333,0.0,0.0
U_1341335,100.0,0.0,0.0,0.0
U_26641107,100.0,0.0,0.0,0.0
U_32219537,0.0,100.0,0.0,0.0
U_29442605,50.0,50.0,0.0,0.0
U_6770342,100.0,0.0,0.0,0.0
U_32607212,66.66666666666666,33.33333333333333,0.0,0.0
U_30446292,100.0,0.0,0.0,0.0
U_16013051,100.0,0.0,0.0,0.0
U_32608831,100.0,0.0,0.0,0.0
U_15217945,66.66666666666666,33.33333333333333,0.0,0.0
U_9068150,0.0,100.0,0.0,0.0
U_4487832,0.0,100.0,0.0,0.0
U_30021403,100.0,0.0,0.0,0.0
U_32123547,100.0,0.0,0.0,0.0
U_12891557,0.0,50.0,50.0,0.0
U_31125221,0.0,0.0,100.0,0.0
U_32614344,66.66666666666666,22.22222222222222,11.11111111111111,0.0
U_22712087,0.0,0.0,100.0,0.0
U_7013062,100.0,0.0,0.0,0.0
U_32568461,80.0,0.0,20.0,0.0
U_13464315,100.0,0.0,0.0,0.0
U_16093869,75.0,25.0,0.0,0.0
U_28491174,100.0,0.0,0.0,0.0
U_4368353,100.0,0.0,0.0,0.0
U_32614773,52.17391304347826,21.73913043478261,21.73913043478261,4.3478260869565215
U_32523067,100.0,0.0,0.0,0.0
U_998508,100.0,0.0,0.0,0.0
U_27903048,0.0,50.0,50.0,0.0
U_18143636,0.0,76.47058823529412,17.647058823529413,5.88235294117647
U_31771772,100.0,0.0,0.0,0.0
U_10385059,0.0,0.0,50.0,0.0
U_16443318,100.0,0.0,0.0,0.0
U_31418459,0.0,0.0,100.0,0.0
U_16685505,100.0,0.0,0.0,0.0
U_11686460,0.0,0.0,100.0,0.0
U_32085361,0.0,100.0,0.0,0.0
U_32687187,100.0,0.0,0.0,0.0
U_15042899,0.0,0.0,0.0,100.0
U_14845163,100.0,0.0,0.0,0.0
U_1974965,0.0,0.0,0.0,100.0
U_32530581,33.33333333333333,33.33333333333333,33.33333333333333,0.0
U_310376,100.0,0.0,0.0,0.0
U_32687703,100.0,0.0,0.0,0.0
U_32687691,100.0,0.0,0.0,0.0
U_32683773,100.0,0.0,0.0,0.0
U_29409420,87.5,12.5,0.0,0.0
U_504730,100.0,0.0,0.0,0.0
U_26305091,100.0,0.0,0.0,0.0
U_10890954,0.0,0.0,100.0,0.0
U_32080356,0.0,100.0,0.0,0.0
U_98947,100.0,0.0,0.0,0.0
U_11119313,60.0,40.0,0.0,0.0
U_32540328,100.0,0.0,0.0,0.0
U_30350760,100.0,0.0,0.0,0.0
U_4482536,50.0,0.0,50.0,0.0
U_16477453,100.0,0.0,0.0,0.0
U_32140286,0.0,60.0,40.0,0.0
U_16381856,0.0,20.0,80.0,0.0
U_32697421,0.0,100.0,0.0,0.0
U_10384963,0.0,33.33333333333333,50.0,16.666666666666664
U_32551473,50.0,0.0,50.0,0.0
U_31884248,0.0,0.0,100.0,0.0
U_31105555,33.33333333333333,66.66666666666666,0.0,0.0
U_32317333,100.0,0.0,0.0,0.0
U_15097319,100.0,0.0,0.0,0.0
U_17577595,60.0,20.0,6.666666666666667,13.333333333333334
U_32536982,50.0,50.0,0.0,0.0
U_11175607,100.0,0.0,0.0,0.0
U_29560098,0.0,100.0,0.0,0.0
U_32064204,100.0,0.0,0.0,0.0
U_31054995,0.0,0.0,100.0,0.0
U_30137747,100.0,0.0,0.0,0.0
U_32726219,100.0,0.0,0.0,0.0
U_15839685,0.0,7.142857142857142,71.42857142857143,21.428571428571427
U_31939781,100.0,0.0,0.0,0.0
U_4460910,83.33333333333334,0.0,16.666666666666664,0.0
U_25928885,66.66666666666666,33.33333333333333,0.0,0.0
U_31818736,100.0,0.0,0.0,0.0
U_31123429,100.0,0.0,0.0,0.0
U_32738039,100.0,0.0,0.0,0.0
U_10385126,0.0,50.0,50.0,0.0
U_12999916,0.0,0.0,50.0,50.0
U_31298899,0.0,0.0,100.0,0.0
U_32139391,100.0,0.0,0.0,0.0
U_31767017,0.0,0.0,100.0,0.0
U_31575270,100.0,0.0,0.0,0.0
U_25359300,0.0,0.0,100.0,0.0
U_32586577,0.0,0.0,100.0,0.0
U_30986173,75.0,0.0,0.0,0.0
U_823493,80.0,20.0,0.0,0.0
U_30995777,0.0,0.0,0.0,0.0
U_11123154,50.0,0.0,25.0,25.0
U_14924009,100.0,0.0,0.0,0.0
U_32741893,0.0,100.0,0.0,0.0
U_32418335,100.0,0.0,0.0,0.0
U_32336207,0.0,0.0,100.0,0.0
U_30610172,100.0,0.0,0.0,0.0
U_31431143,0.0,0.0,100.0,0.0
U_32751510,100.0,0.0,0.0,0.0
U_32753690,100.0,0.0,0.0,0.0
U_31412222,100.0,0.0,0.0,0.0
U_32715638,100.0,0.0,0.0,0.0
U_11088920,25.0,50.0,25.0,0.0
U_32438652,92.85714285714286,7.142857142857142,0.0,0.0
U_32696567,50.0,50.0,0.0,0.0
U_12368477,0.0,100.0,0.0,0.0
U_930830,100.0,0.0,0.0,0.0
U_31685751,100.0,0.0,0.0,0.0
U_14515821,100.0,0.0,0.0,0.0
U_12948516,100.0,0.0,0.0,0.0
U_226456,100.0,0.0,0.0,0.0
U_32745103,84.48275862068965,12.068965517241379,3.4482758620689653,0.0
U_10385103,50.0,50.0,0.0,0.0
U_28295753,100.0,0.0,0.0,0.0
U_32684989,100.0,0.0,0.0,0.0
U_31016921,57.14285714285714,14.285714285714285,28.57142857142857,0.0
U_32830114,75.0,0.0,25.0,0.0
U_32220881,0.0,33.33333333333333,66.66666666666666,0.0
U_31087701,90.0,0.0,10.0,0.0
U_32530894,100.0,0.0,0.0,0.0
U_32826092,100.0,0.0,0.0,0.0
U_10385150,0.0,100.0,0.0,0.0
U_10385124,0.0,0.0,0.0,100.0
U_32388296,100.0,0.0,0.0,0.0
U_30935546,50.0,0.0,50.0,0.0
U_29561117,0.0,100.0,0.0,0.0
U_16241037,100.0,0.0,0.0,0.0
U_26307515,100.0,0.0,0.0,0.0
U_31159438,100.0,0.0,0.0,0.0
U_15170857,0.0,100.0,0.0,0.0
U_11830993,0.0,66.66666666666666,33.33333333333333,0.0
U_32841380,33.33333333333333,0.0,66.66666666666666,0.0
U_32732573,33.33333333333333,66.66666666666666,0.0,0.0
U_31476897,100.0,0.0,0.0,0.0
U_32840611,100.0,0.0,0.0,0.0
U_31742602,10.526315789473683,22.807017543859647,22.807017543859647,8.771929824561402
U_32558793,0.0,0.0,50.0,50.0
U_18077248,0.0,66.66666666666666,0.0,33.33333333333333
U_11346933,50.0,50.0,0.0,0.0
U_32851436,100.0,0.0,0.0,0.0
U_31213336,33.33333333333333,50.0,16.666666666666664,0.0
U_31739464,0.0,0.0,66.66666666666666,33.33333333333333
U_15494940,40.0,60.0,0.0,0.0
U_29460067,100.0,0.0,0.0,0.0
U_7820820,100.0,0.0,0.0,0.0
U_26333702,28.57142857142857,0.0,71.42857142857143,0.0
U_32687156,87.5,0.0,12.5,0.0
U_3712927,37.5,12.5,50.0,0.0
U_11937653,50.0,25.0,25.0,0.0
U_3790797,100.0,0.0,0.0,0.0
U_31252906,71.42857142857143,14.285714285714285,0.0,14.285714285714285
U_31146920,50.0,50.0,0.0,0.0
U_15303482,100.0,0.0,0.0,0.0
U_32685378,0.0,0.0,100.0,0.0
U_31870918,100.0,0.0,0.0,0.0
U_16667271,0.0,0.0,100.0,0.0
U_32853439,100.0,0.0,0.0,0.0
U_10385111,100.0,0.0,0.0,0.0
U_32539310,100.0,0.0,0.0,0.0
U_32163989,0.0,0.0,66.66666666666666,33.33333333333333
U_32587438,50.0,33.33333333333333,16.666666666666664,0.0
U_10124762,0.0,33.33333333333333,66.66666666666666,0.0
U_31406471,100.0,0.0,0.0,0.0
U_107884,100.0,0.0,0.0,0.0
U_32715540,0.0,25.0,25.0,50.0
U_32066710,0.0,100.0,0.0,0.0
U_32615769,0.0,1.680672268907563,13.445378151260504,4.201680672268908
U_10925551,100.0,0.0,0.0,0.0
U_19855942,100.0,0.0,0.0,0.0
U_32851425,0.0,100.0,0.0,0.0
U_32208380,50.0,0.0,50.0,0.0
U_13410962,100.0,0.0,0.0,0.0
U_14339792,100.0,0.0,0.0,0.0
U_12372804,100.0,0.0,0.0,0.0
U_28525277,0.0,0.0,0.0,100.0
U_31153330,100.0,0.0,0.0,0.0
U_32886597,28.57142857142857,0.0,71.42857142857143,0.0
U_15738144,25.0,50.0,25.0,0.0
U_12428053,100.0,0.0,0.0,0.0
U_11790738,100.0,0.0,0.0,0.0
U_6101407,0.0,41.66666666666667,58.333333333333336,0.0
U_17284000,100.0,0.0,0.0,0.0
U_10548207,96.15384615384616,3.8461538461538463,0.0,0.0
U_32125882,100.0,0.0,0.0,0.0
U_32903569,96.20253164556962,1.2658227848101267,2.5316455696202533,0.0
U_23488329,0.0,20.0,80.0,0.0
U_32841862,100.0,0.0,0.0,0.0
U_14806324,100.0,0.0,0.0,0.0
U_32533386,0.0,0.0,100.0,0.0
U_32851804,100.0,0.0,0.0,0.0
U_12251811,0.0,100.0,0.0,0.0
U_32881001,66.66666666666666,33.33333333333333,0.0,0.0
U_17685978,85.71428571428571,0.0,14.285714285714285,0.0
U_11469926,50.0,25.0,0.0,25.0
U_1589539,100.0,0.0,0.0,0.0
U_1893895,53.333333333333336,6.666666666666667,26.666666666666668,13.333333333333334
U_14844828,100.0,0.0,0.0,0.0
U_32872665,100.0,0.0,0.0,0.0
U_32262454,50.0,50.0,0.0,0.0
U_14779113,0.0,60.0,30.0,10.0
U_18518451,100.0,0.0,0.0,0.0
U_32333528,100.0,0.0,0.0,0.0
U_32934973,0.0,0.0,100.0,0.0
U_11894161,40.0,40.0,20.0,0.0
U_32835944,100.0,0.0,0.0,0.0
U_32724326,40.0,40.0,0.0,20.0
U_32835663,100.0,0.0,0.0,0.0
U_14642942,100.0,0.0,0.0,0.0
U_9391253,100.0,0.0,0.0,0.0
U_23326044,53.84615384615385,46.15384615384615,0.0,0.0
U_13134131,50.0,0.0,0.0,50.0
U_14491771,50.0,0.0,0.0,0.0
U_32741637,100.0,0.0,0.0,0.0
U_28727459,100.0,0.0,0.0,0.0
U_30692808,100.0,0.0,0.0,0.0
U_32537741,100.0,0.0,0.0,0.0
U_32872468,100.0,0.0,0.0,0.0
U_8447531,100.0,0.0,0.0,0.0
U_31509591,57.14285714285714,19.047619047619047,23.809523809523807,0.0
U_31827273,100.0,0.0,0.0,0.0
U_13156407,100.0,0.0,0.0,0.0
U_25327954,100.0,0.0,0.0,0.0
U_16154583,33.33333333333333,33.33333333333333,33.33333333333333,0.0
U_32077452,100.0,0.0,0.0,0.0
U_22797238,66.66666666666666,0.0,33.33333333333333,0.0
U_28788003,100.0,0.0,0.0,0.0
U_2261888,0.0,0.0,66.66666666666666,33.33333333333333
U_32953912,100.0,0.0,0.0,0.0
U_32954423,50.0,0.0,50.0,0.0
U_32954420,0.0,100.0,0.0,0.0
U_5341254,100.0,0.0,0.0,0.0
U_6042378,100.0,0.0,0.0,0.0
U_32952999,80.0,0.0,20.0,0.0
U_11008616,100.0,0.0,0.0,0.0
U_31824215,100.0,0.0,0.0,0.0
U_22833915,50.0,0.0,50.0,0.0
U_15422921,100.0,0.0,0.0,0.0
U_31251732,30.0,30.0,40.0,0.0
U_14084056,100.0,0.0,0.0,0.0
U_30394710,72.72727272727273,18.181818181818183,9.090909090909092,0.0
U_31114247,66.66666666666666,33.33333333333333,0.0,0.0
U_31018188,100.0,0.0,0.0,0.0
U_32966481,100.0,0.0,0.0,0.0
U_32137809,100.0,0.0,0.0,0.0
U_32967121,83.33333333333334,0.0,16.666666666666664,0.0
U_16139040,0.0,0.0,92.85714285714286,7.142857142857142
U_32967265,100.0,0.0,0.0,0.0
U_30785053,87.5,12.5,0.0,0.0
U_5672361,100.0,0.0,0.0,0.0
U_31195299,50.0,25.0,0.0,25.0
U_32991193,100.0,0.0,0.0,0.0
U_25316251,100.0,0.0,0.0,0.0
U_13927927,88.88888888888889,11.11111111111111,0.0,0.0
U_8148586,50.0,50.0,0.0,0.0
U_28987756,100.0,0.0,0.0,0.0
U_3997222,100.0,0.0,0.0,0.0
U_14837006,100.0,0.0,0.0,0.0
U_32906530,100.0,0.0,0.0,0.0
U_32414910,100.0,0.0,0.0,0.0
U_33003008,100.0,0.0,0.0,0.0
U_25051158,100.0,0.0,0.0,0.0
U_18052981,0.0,100.0,0.0,0.0
U_28942747,100.0,0.0,0.0,0.0
U_30805163,0.0,100.0,0.0,0.0
U_31173004,100.0,0.0,0.0,0.0
U_28615969,0.0,0.0,16.666666666666664,83.33333333333334
U_910397,0.0,75.0,25.0,0.0
U_12920087,100.0,0.0,0.0,0.0
U_29988978,71.42857142857143,28.57142857142857,0.0,0.0
U_33017515,0.0,0.0,0.0,0.0
U_32891063,100.0,0.0,0.0,0.0
U_33013025,100.0,0.0,0.0,0.0
U_1085547,0.0,100.0,0.0,0.0
U_32745918,100.0,0.0,0.0,0.0
U_11155734,100.0,0.0,0.0,0.0
U_32422575,100.0,0.0,0.0,0.0
U_13616193,0.0,0.0,50.0,50.0
U_170352,100.0,0.0,0.0,0.0
U_31038511,20.0,0.0,80.0,0.0
U_33045729,100.0,0.0,0.0,0.0
U_26945701,100.0,0.0,0.0,0.0
U_32112820,0.0,56.25,25.0,18.75
U_30681731,100.0,0.0,0.0,0.0
U_30598911,100.0,0.0,0.0,0.0
U_16678953,100.0,0.0,0.0,0.0
U_32928323,100.0,0.0,0.0,0.0
U_33017589,50.0,0.0,50.0,0.0
U_32904171,100.0,0.0,0.0,0.0
U_6676995,100.0,0.0,0.0,0.0
U_32933247,83.33333333333334,16.666666666666664,0.0,0.0
U_3320062,33.33333333333333,0.0,66.66666666666666,0.0
U_33058493,50.0,50.0,0.0,0.0
U_32498127,100.0,0.0,0.0,0.0
U_33061437,0.0,100.0,0.0,0.0
U_31870800,100.0,0.0,0.0,0.0
U_5733100,100.0,0.0,0.0,0.0
U_32990991,100.0,0.0,0.0,0.0
U_28450809,100.0,0.0,0.0,0.0
U_32602815,0.0,0.0,100.0,0.0
U_33063701,0.0,0.0,100.0,0.0
U_32388748,0.0,0.0,100.0,0.0
U_14462163,100.0,0.0,0.0,0.0
U_12975601,0.0,0.0,100.0,0.0
U_12392890,100.0,0.0,0.0,0.0
U_12255597,100.0,0.0,0.0,0.0
U_13534807,50.0,50.0,0.0,0.0
U_32250231,33.33333333333333,33.33333333333333,22.22222222222222,11.11111111111111
U_32990976,100.0,0.0,0.0,0.0
U_33058104,71.42857142857143,0.0,14.285714285714285,14.285714285714285
U_12703073,25.0,0.0,75.0,0.0
U_14639356,100.0,0.0,0.0,0.0
U_9432506,100.0,0.0,0.0,0.0
U_32740192,100.0,0.0,0.0,0.0
U_33065660,100.0,0.0,0.0,0.0
U_710146,100.0,0.0,0.0,0.0
U_12073493,100.0,0.0,0.0,0.0
U_15926903,34.61538461538461,19.230769230769234,34.61538461538461,11.538461538461538
U_14750231,0.0,0.0,100.0,0.0
U_32684729,100.0,0.0,0.0,0.0
U_9615439,0.0,100.0,0.0,0.0
U_33066328,75.0,25.0,0.0,0.0
U_31782028,0.0,0.0,100.0,0.0
U_11257836,50.0,25.0,25.0,0.0
U_15073777,50.0,50.0,0.0,0.0
U_32954749,100.0,0.0,0.0,0.0
U_31873235,100.0,0.0,0.0,0.0
U_28420677,100.0,0.0,0.0,0.0
U_10518146,100.0,0.0,0.0,0.0
U_15049327,100.0,0.0,0.0,0.0
U_30196648,0.0,100.0,0.0,0.0
U_31174542,33.33333333333333,33.33333333333333,0.0,33.33333333333333
U_33070094,100.0,0.0,0.0,0.0
U_32536732,100.0,0.0,0.0,0.0
U_13418020,0.0,25.0,75.0,0.0
U_32953731,100.0,0.0,0.0,0.0
U_7222057,53.84615384615385,0.0,38.46153846153847,7.6923076923076925
U_33066840,0.0,0.0,100.0,0.0
U_23053945,75.0,25.0,0.0,0.0
U_15400053,100.0,0.0,0.0,0.0
U_31692126,100.0,0.0,0.0,0.0
U_33085345,100.0,0.0,0.0,0.0
U_1058792,100.0,0.0,0.0,0.0
U_32388414,80.0,0.0,0.0,0.0
U_18236100,0.0,0.0,100.0,0.0
U_15027666,0.0,0.0,0.0,100.0
U_33094040,25.0,75.0,0.0,0.0
U_31549446,100.0,0.0,0.0,0.0
U_13342604,100.0,0.0,0.0,0.0
U_10385122,0.0,100.0,0.0,0.0
U_33105463,100.0,0.0,0.0,0.0
U_33102930,100.0,0.0,0.0,0.0
U_15041938,30.0,0.0,70.0,0.0
U_4498141,100.0,0.0,0.0,0.0
U_24637658,100.0,0.0,0.0,0.0
U_10408110,25.0,25.0,50.0,0.0
U_25923649,50.0,0.0,50.0,0.0
U_31945680,82.6086956521739,13.043478260869565,4.3478260869565215,0.0
U_28575963,85.71428571428571,0.0,14.285714285714285,0.0
U_26459,100.0,0.0,0.0,0.0
U_19867861,0.0,0.0,100.0,0.0
U_32352899,96.0,4.0,0.0,0.0
U_28369737,0.0,100.0,0.0,0.0
U_28676022,0.0,0.0,100.0,0.0
U_31015975,75.0,0.0,25.0,0.0
U_32313211,0.0,0.0,0.0,100.0
U_22225895,100.0,0.0,0.0,0.0
U_16100919,100.0,0.0,0.0,0.0
U_31760931,66.66666666666666,33.33333333333333,0.0,0.0
U_32068183,100.0,0.0,0.0,0.0
U_3041406,100.0,0.0,0.0,0.0
U_26325021,66.66666666666666,33.33333333333333,0.0,0.0
U_33122942,0.0,0.0,100.0,0.0
U_32551201,100.0,0.0,0.0,0.0
U_9814782,100.0,0.0,0.0,0.0
U_28562692,0.0,48.0,48.0,4.0
U_32953985,100.0,0.0,0.0,0.0
U_3778830,100.0,0.0,0.0,0.0
U_10227333,0.0,0.0,100.0,0.0
U_29332936,100.0,0.0,0.0,0.0
U_16052389,0.0,0.0,100.0,0.0
U_100294,55.55555555555556,0.0,33.33333333333333,11.11111111111111
U_31087081,100.0,0.0,0.0,0.0
U_33127516,100.0,0.0,0.0,0.0
U_33127476,0.0,100.0,0.0,0.0
U_32930086,0.0,0.0,100.0,0.0
U_33127940,80.0,20.0,0.0,0.0
U_33127565,100.0,0.0,0.0,0.0
U_33128139,0.0,100.0,0.0,0.0
U_12425802,50.0,50.0,0.0,0.0
U_10619807,50.0,16.666666666666664,16.666666666666664,16.666666666666664
U_7070512,100.0,0.0,0.0,0.0
U_32336982,66.66666666666666,33.33333333333333,0.0,0.0
U_33137300,100.0,0.0,0.0,0.0
U_33083672,100.0,0.0,0.0,0.0
U_33138638,0.0,100.0,0.0,0.0
U_20772245,0.0,0.0,50.0,50.0
U_28334649,0.0,0.0,60.0,20.0
U_31397635,80.0,0.0,20.0,0.0
U_4243320,0.0,0.0,66.66666666666666,0.0
U_31161520,66.66666666666666,0.0,33.33333333333333,0.0
U_29884885,80.0,20.0,0.0,0.0
U_33140496,100.0,0.0,0.0,0.0
U_33140189,100.0,0.0,0.0,0.0
U_18524426,88.88888888888889,11.11111111111111,0.0,0.0
U_33140345,20.0,0.0,40.0,0.0
U_33140905,100.0,0.0,0.0,0.0
U_6869063,0.0,0.0,0.0,0.0
U_32550587,50.0,0.0,50.0,0.0
U_28429167,0.0,0.0,25.0,0.0
U_33079023,100.0,0.0,0.0,0.0
U_15149801,66.66666666666666,0.0,33.33333333333333,0.0
U_33143235,43.75,0.0,43.75,0.0
U_11050190,0.0,100.0,0.0,0.0
U_5185390,77.77777777777779,0.0,11.11111111111111,11.11111111111111
U_32287685,66.66666666666666,0.0,33.33333333333333,0.0
U_33143699,68.75,25.0,6.25,0.0
U_524795,100.0,0.0,0.0,0.0
U_20428191,100.0,0.0,0.0,0.0
U_33144580,37.5,0.0,62.5,0.0
U_16313795,100.0,0.0,0.0,0.0
U_27417316,0.0,0.0,100.0,0.0
U_4198509,0.0,0.0,100.0,0.0
U_29779876,0.0,83.33333333333334,0.0,16.666666666666664
U_33014132,33.33333333333333,33.33333333333333,33.33333333333333,0.0
U_13720715,80.0,0.0,0.0,20.0
U_15379256,0.0,100.0,0.0,0.0
U_4983135,100.0,0.0,0.0,0.0
U_12475827,100.0,0.0,0.0,0.0
U_14457151,60.0,20.0,0.0,20.0
U_28676116,100.0,0.0,0.0,0.0
U_33145629,0.0,0.0,0.0,100.0
U_8218258,14.285714285714285,42.857142857142854,42.857142857142854,0.0
U_33108973,100.0,0.0,0.0,0.0
U_10943457,100.0,0.0,0.0,0.0
U_8532505,0.0,33.33333333333333,66.66666666666666,0.0
U_11595274,0.0,50.0,50.0,0.0
U_31035162,100.0,0.0,0.0,0.0
U_32533542,78.57142857142857,7.142857142857142,7.142857142857142,7.142857142857142
U_11203626,20.0,0.0,80.0,0.0
U_31192486,33.33333333333333,0.0,66.66666666666666,0.0
U_32203278,25.0,0.0,75.0,0.0
U_33147066,87.5,12.5,0.0,0.0
U_30629914,80.0,0.0,20.0,0.0
U_11175187,50.0,50.0,0.0,0.0
U_16057361,100.0,0.0,0.0,0.0
U_32237251,100.0,0.0,0.0,0.0
U_33006959,37.5,6.25,31.25,18.75
U_12659468,0.0,100.0,0.0,0.0
U_28506407,100.0,0.0,0.0,0.0
U_25877203,100.0,0.0,0.0,0.0
U_13536738,100.0,0.0,0.0,0.0
U_21183769,100.0,0.0,0.0,0.0
U_33148183,25.0,0.0,50.0,25.0
U_33149282,80.0,0.0,20.0,0.0
U_32317229,0.0,11.11111111111111,77.77777777777779,0.0
U_6002004,50.0,12.5,25.0,12.5
U_32613738,9.090909090909092,36.36363636363637,54.54545454545454,0.0
U_33150826,75.0,0.0,25.0,0.0
U_11049246,0.0,50.0,50.0,0.0
U_32069056,85.71428571428571,0.0,0.0,14.285714285714285
U_1264796,0.0,50.0,50.0,0.0
U_33157917,100.0,0.0,0.0,0.0
U_33159814,100.0,0.0,0.0,0.0
U_9558843,0.0,0.0,100.0,0.0
U_32017409,94.11764705882352,5.88235294117647,0.0,0.0
U_33084703,62.5,25.0,12.5,0.0
U_9358382,33.33333333333333,0.0,33.33333333333333,0.0
U_13338317,100.0,0.0,0.0,0.0
U_32581175,0.0,0.0,50.0,0.0
U_32135897,75.0,6.25,18.75,0.0
U_14252835,100.0,0.0,0.0,0.0
U_30974748,100.0,0.0,0.0,0.0
U_11616119,0.0,100.0,0.0,0.0
U_14496143,0.0,50.0,0.0,50.0
U_30840439,0.0,0.0,100.0,0.0
U_33163665,0.0,0.0,100.0,0.0
U_12150854,42.857142857142854,33.33333333333333,19.047619047619047,4.761904761904762
U_11002956,0.0,0.0,0.0,100.0
U_30360909,66.66666666666666,33.33333333333333,0.0,0.0
U_11119144,50.0,50.0,0.0,0.0
U_32523564,100.0,0.0,0.0,0.0
U_33163776,90.9090909090909,0.0,4.545454545454546,0.0
U_82388,0.0,100.0,0.0,0.0
U_90942,100.0,0.0,0.0,0.0
U_11510743,100.0,0.0,0.0,0.0
U_32441216,100.0,0.0,0.0,0.0
U_417787,0.0,0.0,100.0,0.0
U_33167767,0.0,100.0,0.0,0.0
U_33167737,0.0,100.0,0.0,0.0
U_1085620,0.0,0.0,0.0,100.0
U_32066444,0.0,100.0,0.0,0.0
U_31400873,100.0,0.0,0.0,0.0
U_4132005,0.0,33.33333333333333,33.33333333333333,33.33333333333333
U_29902319,50.0,50.0,0.0,0.0
U_8266199,22.22222222222222,11.11111111111111,11.11111111111111,22.22222222222222
U_33174269,100.0,0.0,0.0,0.0
U_31128008,0.0,0.0,0.0,100.0
U_8119678,66.66666666666666,33.33333333333333,0.0,0.0
U_11043349,100.0,0.0,0.0,0.0
U_30422866,0.0,100.0,0.0,0.0
U_33159941,100.0,0.0,0.0,0.0
U_17537762,100.0,0.0,0.0,0.0
U_31850481,90.9090909090909,9.090909090909092,0.0,0.0
U_31124985,36.36363636363637,40.909090909090914,13.636363636363635,0.0
U_30387732,50.0,0.0,50.0,0.0
U_4952321,50.0,33.33333333333333,16.666666666666664,0.0
U_11146302,0.0,0.0,100.0,0.0
U_32080293,0.0,100.0,0.0,0.0
U_32997096,0.0,66.66666666666666,33.33333333333333,0.0
U_31166710,100.0,0.0,0.0,0.0
U_33181543,100.0,0.0,0.0,0.0
U_30974703,100.0,0.0,0.0,0.0
U_13400759,0.0,100.0,0.0,0.0
U_33183630,100.0,0.0,0.0,0.0
U_15004195,100.0,0.0,0.0,0.0
U_33127157,80.0,20.0,0.0,0.0
U_13241486,100.0,0.0,0.0,0.0
U_18245267,100.0,0.0,0.0,0.0
U_1052746,100.0,0.0,0.0,0.0
U_13062456,66.66666666666666,11.11111111111111,22.22222222222222,0.0
U_32531021,0.0,100.0,0.0,0.0
U_30648076,100.0,0.0,0.0,0.0
U_33184863,100.0,0.0,0.0,0.0
U_1225788,0.0,0.0,100.0,0.0
U_4308856,100.0,0.0,0.0,0.0
U_4814554,100.0,0.0,0.0,0.0
U_31741043,0.0,0.0,100.0,0.0
U_31094044,93.75,0.0,6.25,0.0
U_31183283,100.0,0.0,0.0,0.0
U_30968214,100.0,0.0,0.0,0.0
U_32111174,83.33333333333334,0.0,0.0,16.666666666666664
U_33164126,62.5,37.5,0.0,0.0
U_33006939,66.66666666666666,33.33333333333333,0.0,0.0
U_33147015,100.0,0.0,0.0,0.0
U_33186534,100.0,0.0,0.0,0.0
U_33189231,18.75,6.25,37.5,25.0
U_14408016,100.0,0.0,0.0,0.0
U_31169300,100.0,0.0,0.0,0.0
U_3767080,0.0,0.0,0.0,100.0
U_33175761,100.0,0.0,0.0,0.0
U_33190233,100.0,0.0,0.0,0.0
U_33191083,100.0,0.0,0.0,0.0
U_32502437,0.0,25.0,75.0,0.0
U_32551225,0.0,100.0,0.0,0.0
U_22776214,25.0,25.0,50.0,0.0
U_9782723,100.0,0.0,0.0,0.0
U_33119622,100.0,0.0,0.0,0.0
U_31692003,0.0,100.0,0.0,0.0
U_12579701,0.0,0.0,0.0,100.0
U_18303811,100.0,0.0,0.0,0.0
U_1085466,50.0,33.33333333333333,16.666666666666664,0.0
U_33227131,0.0,0.0,100.0,0.0
U_32135747,0.0,100.0,0.0,0.0
U_6361425,100.0,0.0,0.0,0.0
U_33215315,0.0,0.0,100.0,0.0
U_33141187,66.66666666666666,0.0,0.0,33.33333333333333
U_11092951,33.33333333333333,66.66666666666666,0.0,0.0
U_33240401,100.0,0.0,0.0,0.0
U_32066467,100.0,0.0,0.0,0.0
U_20743155,0.0,0.0,66.66666666666666,0.0
U_31097425,100.0,0.0,0.0,0.0
U_33128328,75.0,25.0,0.0,0.0
U_5142681,100.0,0.0,0.0,0.0
U_7199735,100.0,0.0,0.0,0.0
U_32842256,100.0,0.0,0.0,0.0
U_33241709,0.0,0.0,0.0,100.0
U_11845799,25.0,0.0,75.0,0.0
U_32158916,75.0,0.0,25.0,0.0
U_31280442,33.33333333333333,0.0,33.33333333333333,33.33333333333333
U_13047466,100.0,0.0,0.0,0.0
U_33271488,0.0,0.0,100.0,0.0
U_33143479,0.0,50.0,50.0,0.0
U_33099707,100.0,0.0,0.0,0.0
U_29886870,73.33333333333333,13.333333333333334,13.333333333333334,0.0
U_23157273,0.0,0.0,100.0,0.0
U_32953836,100.0,0.0,0.0,0.0
U_33284718,100.0,0.0,0.0,0.0
U_31749520,100.0,0.0,0.0,0.0
U_29594950,100.0,0.0,0.0,0.0
U_29451384,100.0,0.0,0.0,0.0
U_19325351,0.0,0.0,100.0,0.0
U_30361317,0.0,60.0,40.0,0.0
U_12382362,50.0,0.0,0.0,50.0
U_16679514,100.0,0.0,0.0,0.0
U_5191239,11.11111111111111,11.11111111111111,44.44444444444444,33.33333333333333
U_8825943,0.0,25.0,75.0,0.0
U_32830512,100.0,0.0,0.0,0.0
U_12406628,0.0,0.0,100.0,0.0
U_32022838,0.0,100.0,0.0,0.0
U_18595987,100.0,0.0,0.0,0.0
U_33303190,0.0,11.11111111111111,44.44444444444444,33.33333333333333
U_32965926,100.0,0.0,0.0,0.0
U_32058389,63.63636363636363,0.0,36.36363636363637,0.0
U_31167531,100.0,0.0,0.0,0.0
U_31691112,100.0,0.0,0.0,0.0
U_2608594,100.0,0.0,0.0,0.0
U_31827987,100.0,0.0,0.0,0.0
U_14633901,100.0,0.0,0.0,0.0
U_33312024,71.42857142857143,28.57142857142857,0.0,0.0
U_17576427,100.0,0.0,0.0,0.0
U_29993273,87.5,12.5,0.0,0.0
U_33287016,100.0,0.0,0.0,0.0
U_33144814,75.0,0.0,25.0,0.0
U_16405376,100.0,0.0,0.0,0.0
U_14955783,0.0,0.0,80.0,20.0
U_14627178,100.0,0.0,0.0,0.0
U_20358656,100.0,0.0,0.0,0.0
U_12915388,50.0,0.0,50.0,0.0
U_32137449,100.0,0.0,0.0,0.0
U_33318805,100.0,0.0,0.0,0.0
U_14645485,0.0,0.0,50.0,0.0
U_33169610,100.0,0.0,0.0,0.0
U_7963247,25.0,50.0,0.0,25.0
U_33254793,33.33333333333333,0.0,66.66666666666666,0.0
U_33019609,100.0,0.0,0.0,0.0
U_160618,100.0,0.0,0.0,0.0
U_13416069,100.0,0.0,0.0,0.0
U_33320733,0.0,100.0,0.0,0.0
U_31014470,0.0,0.0,0.0,100.0
U_14116347,57.14285714285714,14.285714285714285,14.285714285714285,0.0
U_14394652,100.0,0.0,0.0,0.0
U_33221372,0.0,0.0,100.0,0.0
U_33164137,0.0,0.0,0.0,0.0
U_33184969,0.0,0.0,100.0,0.0
U_33014295,71.42857142857143,0.0,14.285714285714285,14.285714285714285
U_15019678,100.0,0.0,0.0,0.0
U_123496,0.0,0.0,100.0,0.0
U_33319692,54.54545454545454,27.27272727272727,18.181818181818183,0.0
U_13612824,60.0,0.0,20.0,20.0
U_33163957,0.0,14.285714285714285,85.71428571428571,0.0
U_15454407,0.0,66.66666666666666,0.0,33.33333333333333
U_32996949,90.0,10.0,0.0,0.0
U_12060362,100.0,0.0,0.0,0.0
U_20777328,0.0,66.66666666666666,0.0,33.33333333333333
U_11829700,0.0,0.0,100.0,0.0
U_14297735,0.0,0.0,100.0,0.0
U_32877680,60.0,20.0,20.0,0.0
U_14756778,100.0,0.0,0.0,0.0
U_32502406,0.0,0.0,100.0,0.0
U_15835850,0.0,100.0,0.0,0.0
U_13632268,100.0,0.0,0.0,0.0
U_32263740,25.0,25.0,35.0,5.0
U_29163888,66.66666666666666,33.33333333333333,0.0,0.0
U_1165716,0.0,0.0,100.0,0.0
U_12754629,100.0,0.0,0.0,0.0
U_14111085,100.0,0.0,0.0,0.0
U_33359168,100.0,0.0,0.0,0.0
U_1223617,0.0,16.666666666666664,66.66666666666666,8.333333333333332
U_33285980,75.0,0.0,25.0,0.0
U_33362308,0.0,0.0,0.0,100.0
U_28272513,100.0,0.0,0.0,0.0
U_32828509,66.66666666666666,33.33333333333333,0.0,0.0
U_32128515,93.75,6.25,0.0,0.0
U_33285642,100.0,0.0,0.0,0.0
U_3310595,66.66666666666666,0.0,33.33333333333333,0.0
U_5221,100.0,0.0,0.0,0.0
U_33359392,50.0,12.5,12.5,12.5
U_33361430,0.0,0.0,16.666666666666664,0.0
U_23163318,0.0,25.0,75.0,0.0
U_33044668,15.384615384615385,0.0,53.84615384615385,23.076923076923077
U_33375423,0.0,100.0,0.0,0.0
U_33046037,100.0,0.0,0.0,0.0
U_33382856,0.0,0.0,0.0,100.0
U_454555,0.0,0.0,100.0,0.0
U_33359089,0.0,100.0,0.0,0.0
U_31106210,100.0,0.0,0.0,0.0
U_2078082,33.33333333333333,0.0,50.0,16.666666666666664
U_33382899,0.0,0.0,66.66666666666666,33.33333333333333
U_33320544,0.0,0.0,100.0,0.0
U_33231006,0.0,0.0,100.0,0.0
U_28929573,0.0,0.0,100.0,0.0
U_7457522,100.0,0.0,0.0,0.0
U_31130156,0.0,33.33333333333333,33.33333333333333,33.33333333333333
U_16556480,0.0,0.0,75.0,0.0
U_33390226,11.11111111111111,22.22222222222222,55.55555555555556,0.0
U_28795723,0.0,100.0,0.0,0.0
U_33371674,0.0,0.0,42.857142857142854,28.57142857142857
U_1100777,100.0,0.0,0.0,0.0
U_33382150,0.0,33.33333333333333,66.66666666666666,0.0
U_14247331,0.0,0.0,100.0,0.0
U_30391509,0.0,50.0,50.0,0.0
U_22808647,100.0,0.0,0.0,0.0
U_28283197,0.0,14.285714285714285,42.857142857142854,0.0
U_33395814,75.0,25.0,0.0,0.0
U_12916833,0.0,100.0,0.0,0.0
U_6907961,0.0,100.0,0.0,0.0
U_33187560,0.0,0.0,100.0,0.0
U_13061855,100.0,0.0,0.0,0.0
U_33209635,33.33333333333333,0.0,33.33333333333333,33.33333333333333
U_28730475,100.0,0.0,0.0,0.0
U_32568727,100.0,0.0,0.0,0.0
U_14456845,100.0,0.0,0.0,0.0
U_22879958,100.0,0.0,0.0,0.0
U_32993644,0.0,100.0,0.0,0.0
U_16210239,100.0,0.0,0.0,0.0
U_33267372,0.0,0.0,100.0,0.0
U_8310574,100.0,0.0,0.0,0.0
U_32261213,0.0,0.0,100.0,0.0
U_33407766,100.0,0.0,0.0,0.0
U_33066001,6.666666666666667,6.666666666666667,86.66666666666667,0.0
U_33242649,57.14285714285714,14.285714285714285,14.285714285714285,14.285714285714285
U_3446187,0.0,100.0,0.0,0.0
U_6998969,0.0,0.0,50.0,50.0
U_11149578,90.0,10.0,0.0,0.0
U_1076124,50.0,50.0,0.0,0.0
U_22843347,75.0,0.0,25.0,0.0
U_32498160,0.0,0.0,100.0,0.0
U_24138042,75.0,0.0,25.0,0.0
U_27771421,100.0,0.0,0.0,0.0
U_33161134,0.0,0.0,100.0,0.0
U_5523883,100.0,0.0,0.0,0.0
U_32137157,50.0,0.0,50.0,0.0
U_5034444,50.0,50.0,0.0,0.0
U_600395,0.0,0.0,100.0,0.0
U_33414220,0.0,100.0,0.0,0.0
U_32069012,100.0,0.0,0.0,0.0
U_31128414,50.0,50.0,0.0,0.0
U_32606507,100.0,0.0,0.0,0.0
U_15410947,100.0,0.0,0.0,0.0
U_7191005,0.0,11.11111111111111,77.77777777777779,11.11111111111111
U_7179370,0.0,0.0,100.0,0.0
U_33358568,50.0,0.0,50.0,0.0
U_29388259,0.0,100.0,0.0,0.0
U_12029629,100.0,0.0,0.0,0.0
U_33415897,43.93939393939394,28.78787878787879,21.21212121212121,6.0606060606060606
U_28390732,77.77777777777779,0.0,22.22222222222222,0.0
U_10474542,33.33333333333333,66.66666666666666,0.0,0.0
U_33183919,0.0,82.6086956521739,17.391304347826086,0.0
U_31433696,0.0,0.0,50.0,50.0
U_11818039,0.0,100.0,0.0,0.0
U_16041714,100.0,0.0,0.0,0.0
U_7017839,100.0,0.0,0.0,0.0
U_32388645,0.0,0.0,66.66666666666666,0.0
U_14683497,16.666666666666664,0.0,33.33333333333333,50.0
U_33462430,100.0,0.0,0.0,0.0
U_32155764,0.0,0.0,19.35483870967742,0.0
U_15813801,100.0,0.0,0.0,0.0
U_33491604,0.0,0.0,100.0,0.0
U_8129518,0.0,0.0,100.0,0.0
U_31941398,100.0,0.0,0.0,0.0
U_33493829,0.0,0.0,50.0,50.0
U_33497705,100.0,0.0,0.0,0.0
U_12393296,0.0,0.0,0.0,100.0
U_14812579,40.0,60.0,0.0,0.0
U_31205056,66.66666666666666,0.0,33.33333333333333,0.0
U_7018163,100.0,0.0,0.0,0.0
U_33504198,100.0,0.0,0.0,0.0
U_19331250,100.0,0.0,0.0,0.0
U_16193294,63.63636363636363,9.090909090909092,18.181818181818183,9.090909090909092
U_33395460,33.33333333333333,33.33333333333333,33.33333333333333,0.0
U_31233116,0.0,0.0,0.0,100.0
U_33128000,100.0,0.0,0.0,0.0
U_32099919,0.0,0.0,100.0,0.0
U_33161748,0.0,0.0,25.0,0.0
U_30149546,0.0,0.0,33.33333333333333,33.33333333333333
U_33300901,100.0,0.0,0.0,0.0
U_12528805,33.33333333333333,33.33333333333333,33.33333333333333,0.0
U_33510999,0.0,25.0,62.5,12.5
U_32756238,100.0,0.0,0.0,0.0
U_32307566,0.0,100.0,0.0,0.0
U_30204677,100.0,0.0,0.0,0.0
U_7897209,50.0,50.0,0.0,0.0
U_50492,100.0,0.0,0.0,0.0
U_13775705,50.0,0.0,50.0,0.0
U_33228597,0.0,0.0,100.0,0.0
U_33520933,25.0,0.0,75.0,0.0
U_32613304,100.0,0.0,0.0,0.0
U_33413542,83.33333333333334,8.333333333333332,8.333333333333332,0.0
U_28959240,0.0,100.0,0.0,0.0
U_33520825,100.0,0.0,0.0,0.0
U_29891586,100.0,0.0,0.0,0.0
U_11085708,100.0,0.0,0.0,0.0
U_33522086,100.0,0.0,0.0,0.0
U_30946516,20.0,35.0,40.0,0.0
U_32413601,0.0,0.0,0.0,100.0
U_29180839,100.0,0.0,0.0,0.0
U_32137612,100.0,0.0,0.0,0.0
U_491402,0.0,0.0,100.0,0.0
U_32140154,0.0,100.0,0.0,0.0
U_3164132,50.0,0.0,0.0,50.0
U_29981951,100.0,0.0,0.0,0.0
U_33350346,16.666666666666664,50.0,33.33333333333333,0.0
U_16189305,33.33333333333333,0.0,66.66666666666666,0.0
U_33187545,50.0,25.0,25.0,0.0
U_26341043,100.0,0.0,0.0,0.0
U_31116941,100.0,0.0,0.0,0.0
U_31521379,100.0,0.0,0.0,0.0
U_5320233,50.0,50.0,0.0,0.0
U_33539406,100.0,0.0,0.0,0.0
U_16044288,50.0,10.0,40.0,0.0
U_15268871,100.0,0.0,0.0,0.0
U_33526041,0.0,0.0,100.0,0.0
U_32351009,0.0,0.0,100.0,0.0
U_4462053,0.0,0.0,0.0,100.0
U_33525403,0.0,0.0,100.0,0.0
U_33518817,0.0,16.666666666666664,83.33333333333334,0.0
U_33166307,28.57142857142857,14.285714285714285,57.14285714285714,0.0
U_14133702,100.0,0.0,0.0,0.0
U_33341670,0.0,100.0,0.0,0.0
U_8795806,0.0,0.0,100.0,0.0
U_33460024,100.0,0.0,0.0,0.0
U_31205311,100.0,0.0,0.0,0.0
U_6786168,0.0,0.0,100.0,0.0
U_29693998,0.0,0.0,100.0,0.0
U_21262866,0.0,0.0,100.0,0.0
U_33525883,75.0,25.0,0.0,0.0
U_33415603,0.0,0.0,100.0,0.0
U_33569762,0.0,50.0,50.0,0.0
U_15585746,0.0,0.0,25.0,75.0
U_33162851,0.0,100.0,0.0,0.0
U_15086047,0.0,0.0,8.333333333333332,91.66666666666666
U_4311360,0.0,0.0,0.0,100.0
U_33525421,100.0,0.0,0.0,0.0
U_33404136,100.0,0.0,0.0,0.0
U_16834356,0.0,0.0,100.0,0.0
U_3558379,0.0,0.0,100.0,0.0
U_625700,33.33333333333333,0.0,33.33333333333333,0.0
U_11055747,33.33333333333333,66.66666666666666,0.0,0.0
U_28627897,0.0,50.0,50.0,0.0
U_32745229,0.0,100.0,0.0,0.0
U_28972150,100.0,0.0,0.0,0.0
U_13417399,100.0,0.0,0.0,0.0
U_33590729,93.75,0.0,6.25,0.0
U_32547668,100.0,0.0,0.0,0.0
U_15196564,33.33333333333333,66.66666666666666,0.0,0.0
U_33603348,25.0,12.5,12.5,0.0
U_16195233,0.0,0.0,100.0,0.0
U_33580301,100.0,0.0,0.0,0.0
U_30009399,100.0,0.0,0.0,0.0
U_14928584,100.0,0.0,0.0,0.0
U_33583362,36.36363636363637,27.27272727272727,36.36363636363637,0.0
U_8841370,100.0,0.0,0.0,0.0
U_31092201,0.0,0.0,0.0,80.0
U_31251888,50.0,25.0,25.0,0.0
U_17642427,0.0,0.0,100.0,0.0
U_16069301,50.0,0.0,50.0,0.0
U_33618207,0.0,14.285714285714285,71.42857142857143,14.285714285714285
U_33618259,44.44444444444444,33.33333333333333,11.11111111111111,11.11111111111111
U_7414881,0.0,0.0,100.0,0.0
U_30937241,0.0,20.0,80.0,0.0
U_9560560,0.0,5.555555555555555,38.88888888888889,5.555555555555555
U_15393642,36.0,4.0,48.0,12.0
U_33199435,100.0,0.0,0.0,0.0
U_33549645,0.0,50.0,50.0,0.0
U_33007980,0.0,30.0,20.0,10.0
U_11673,100.0,0.0,0.0,0.0
U_16120486,0.0,0.0,100.0,0.0
U_13162616,100.0,0.0,0.0,0.0
U_16554733,100.0,0.0,0.0,0.0
U_33639003,0.0,0.0,0.0,0.0
U_33638345,60.0,40.0,0.0,0.0
U_33639280,0.0,50.0,50.0,0.0
U_15318917,0.0,0.0,100.0,0.0
U_873876,100.0,0.0,0.0,0.0
U_16401499,100.0,0.0,0.0,0.0
U_24096099,100.0,0.0,0.0,0.0
U_33526211,100.0,0.0,0.0,0.0
U_33161727,66.66666666666666,33.33333333333333,0.0,0.0
U_16724913,0.0,0.0,50.0,0.0
U_33642207,66.66666666666666,0.0,0.0,33.33333333333333
U_400306,100.0,0.0,0.0,0.0
U_30019762,100.0,0.0,0.0,0.0
U_32852865,0.0,0.0,0.0,0.0
U_33643550,0.0,0.0,90.0,10.0
U_15171130,0.0,0.0,100.0,0.0
U_90603,0.0,100.0,0.0,0.0
U_33135895,100.0,0.0,0.0,0.0
U_33644043,100.0,0.0,0.0,0.0
U_32615819,100.0,0.0,0.0,0.0
U_10385115,0.0,0.0,0.0,0.0
U_33570209,100.0,0.0,0.0,0.0
U_32084967,50.0,0.0,0.0,0.0
U_33701982,50.0,25.0,25.0,0.0
U_149100,100.0,0.0,0.0,0.0
U_13085959,0.0,100.0,0.0,0.0
U_31100692,50.0,0.0,0.0,50.0
U_317244,100.0,0.0,0.0,0.0
U_1086018,0.0,100.0,0.0,0.0
U_15399637,100.0,0.0,0.0,0.0
U_11431479,0.0,100.0,0.0,0.0
U_33638127,100.0,0.0,0.0,0.0
U_11882802,0.0,50.0,44.44444444444444,5.555555555555555
U_23169723,100.0,0.0,0.0,0.0
U_33638208,85.71428571428571,0.0,0.0,14.285714285714285
U_7374785,100.0,0.0,0.0,0.0
U_33643709,100.0,0.0,0.0,0.0
U_27290306,33.33333333333333,33.33333333333333,33.33333333333333,0.0
U_565484,100.0,0.0,0.0,0.0
U_1562208,0.0,50.0,0.0,50.0
U_13343934,0.0,0.0,100.0,0.0
U_29450539,100.0,0.0,0.0,0.0
U_7179386,0.0,0.0,100.0,0.0
U_29623182,100.0,0.0,0.0,0.0
U_33144303,100.0,0.0,0.0,0.0
U_33389980,0.0,0.0,100.0,0.0
U_842517,100.0,0.0,0.0,0.0
U_25005536,0.0,0.0,71.42857142857143,28.57142857142857
U_31941486,0.0,100.0,0.0,0.0
U_33147986,100.0,0.0,0.0,0.0
U_3754038,100.0,0.0,0.0,0.0
U_26942256,0.0,66.66666666666666,16.666666666666664,0.0
U_32131153,100.0,0.0,0.0,0.0
U_90826,100.0,0.0,0.0,0.0
U_3923676,100.0,0.0,0.0,0.0
U_33592282,81.81818181818183,9.090909090909092,9.090909090909092,0.0
U_16822993,0.0,0.0,0.0,100.0
U_5232038,50.0,0.0,50.0,0.0
U_15367176,0.0,100.0,0.0,0.0
U_18276700,0.0,0.0,100.0,0.0
U_31168355,100.0,0.0,0.0,0.0
U_30933908,25.0,0.0,75.0,0.0
U_31257110,100.0,0.0,0.0,0.0
U_11161184,100.0,0.0,0.0,0.0
U_33780045,100.0,0.0,0.0,0.0
U_12998628,0.0,0.0,100.0,0.0
U_13961615,50.0,50.0,0.0,0.0
U_33124687,66.66666666666666,0.0,33.33333333333333,0.0
U_33759399,100.0,0.0,0.0,0.0
U_14932856,100.0,0.0,0.0,0.0
U_6359058,100.0,0.0,0.0,0.0
U_29048232,100.0,0.0,0.0,0.0
U_33780771,66.66666666666666,0.0,33.33333333333333,0.0
U_33782328,100.0,0.0,0.0,0.0
U_33774936,66.66666666666666,33.33333333333333,0.0,0.0
U_386420,100.0,0.0,0.0,0.0
U_15367453,50.0,50.0,0.0,0.0
U_5180480,85.71428571428571,14.285714285714285,0.0,0.0
U_14083782,0.0,0.0,0.0,100.0
U_33588011,60.0,10.0,30.0,0.0
U_21042849,100.0,0.0,0.0,0.0
U_29758249,80.0,20.0,0.0,0.0
U_31019860,100.0,0.0,0.0,0.0
U_10652485,28.57142857142857,57.14285714285714,14.285714285714285,0.0
U_32567888,100.0,0.0,0.0,0.0
U_12364355,0.0,0.0,0.0,0.0
U_217276,100.0,0.0,0.0,0.0
U_10943541,0.0,0.0,100.0,0.0
U_2789392,100.0,0.0,0.0,0.0
U_33278168,100.0,0.0,0.0,0.0
U_30777113,100.0,0.0,0.0,0.0
U_19332309,0.0,0.0,100.0,0.0
U_16533230,60.0,0.0,40.0,0.0
U_33336147,0.0,0.0,100.0,0.0
U_31032347,100.0,0.0,0.0,0.0
U_33641691,66.66666666666666,0.0,33.33333333333333,0.0
U_474222,80.0,6.666666666666667,13.333333333333334,0.0
U_13455463,0.0,0.0,16.666666666666664,83.33333333333334
U_33798207,0.0,100.0,0.0,0.0
U_4033123,100.0,0.0,0.0,0.0
U_33801636,16.666666666666664,22.22222222222222,55.55555555555556,0.0
U_12440629,100.0,0.0,0.0,0.0
U_984951,50.0,0.0,25.0,25.0
U_801003,100.0,0.0,0.0,0.0
U_13192020,60.0,40.0,0.0,0.0
U_20333410,100.0,0.0,0.0,0.0
U_33642113,0.0,0.0,100.0,0.0
U_30417165,50.0,0.0,0.0,50.0
U_32743221,100.0,0.0,0.0,0.0
U_25737040,100.0,0.0,0.0,0.0
U_14215496,12.5,6.25,43.75,0.0
U_14253185,0.0,0.0,0.0,100.0
U_33803070,0.0,100.0,0.0,0.0
U_33802819,0.0,0.0,100.0,0.0
U_81396,100.0,0.0,0.0,0.0
U_16194416,0.0,0.0,100.0,0.0
U_15046051,100.0,0.0,0.0,0.0
U_16018988,16.666666666666664,50.0,33.33333333333333,0.0
U_30661920,100.0,0.0,0.0,0.0
U_31764683,0.0,0.0,80.0,20.0
U_32498343,0.0,0.0,100.0,0.0
U_33644137,93.93939393939394,6.0606060606060606,0.0,0.0
U_31188870,66.66666666666666,0.0,33.33333333333333,0.0
U_33799884,100.0,0.0,0.0,0.0
U_32307417,50.0,0.0,50.0,0.0
U_32386748,22.22222222222222,22.22222222222222,44.44444444444444,11.11111111111111
U_33791191,75.0,25.0,0.0,0.0
U_8018981,100.0,0.0,0.0,0.0
U_31418088,100.0,0.0,0.0,0.0
U_32537233,0.0,0.0,50.0,25.0
U_32087065,0.0,42.857142857142854,28.57142857142857,14.285714285714285
U_33807248,100.0,0.0,0.0,0.0
U_33807470,100.0,0.0,0.0,0.0
U_14950152,100.0,0.0,0.0,0.0
U_33808270,0.0,30.0,70.0,0.0
U_27758405,100.0,0.0,0.0,0.0
U_24062239,66.66666666666666,16.666666666666664,16.666666666666664,0.0
U_3905086,66.66666666666666,33.33333333333333,0.0,0.0
U_15498911,66.66666666666666,0.0,33.33333333333333,0.0
U_33808379,0.0,0.0,100.0,0.0
U_10635511,16.666666666666664,0.0,16.666666666666664,0.0
U_15307362,0.0,100.0,0.0,0.0
U_33808298,100.0,0.0,0.0,0.0
U_31523538,100.0,0.0,0.0,0.0
U_33808878,100.0,0.0,0.0,0.0
U_13126448,0.0,0.0,83.33333333333334,16.666666666666664
U_33809139,100.0,0.0,0.0,0.0
U_15354434,0.0,0.0,100.0,0.0
U_15254643,37.5,25.0,25.0,12.5
U_30336335,100.0,0.0,0.0,0.0
U_33807721,100.0,0.0,0.0,0.0
U_13319570,0.0,0.0,50.0,50.0
U_29310795,100.0,0.0,0.0,0.0
U_33819881,100.0,0.0,0.0,0.0
U_31482899,54.54545454545454,9.090909090909092,36.36363636363637,0.0
U_33693373,100.0,0.0,0.0,0.0
U_33820819,100.0,0.0,0.0,0.0
U_1361987,0.0,40.0,50.0,10.0
U_33340374,0.0,33.33333333333333,66.66666666666666,0.0
U_32828362,0.0,0.0,100.0,0.0
U_10906247,0.0,100.0,0.0,0.0
U_4164,75.78947368421053,14.736842105263156,9.473684210526317,0.0
U_33804089,100.0,0.0,0.0,0.0
U_33822327,0.0,33.33333333333333,66.66666666666666,0.0
U_12480143,50.0,25.0,25.0,0.0
U_14195156,50.0,0.0,0.0,50.0
U_33802843,0.0,100.0,0.0,0.0
U_33821656,85.71428571428571,14.285714285714285,0.0,0.0
U_13160724,100.0,0.0,0.0,0.0
U_14830674,100.0,0.0,0.0,0.0
U_32387121,23.52941176470588,11.76470588235294,52.94117647058824,0.0
U_13478870,100.0,0.0,0.0,0.0
U_15499870,0.0,100.0,0.0,0.0
U_28304966,100.0,0.0,0.0,0.0
U_33550336,100.0,0.0,0.0,0.0
U_2202508,0.0,0.0,0.0,100.0
U_22128520,75.0,25.0,0.0,0.0
U_6103553,16.666666666666664,83.33333333333334,0.0,0.0
U_10539337,0.0,100.0,0.0,0.0
U_31778656,0.0,100.0,0.0,0.0
U_8407611,100.0,0.0,0.0,0.0
U_33825092,100.0,0.0,0.0,0.0
U_33400645,0.0,0.0,100.0,0.0
U_12461912,60.0,0.0,40.0,0.0
U_25893597,100.0,0.0,0.0,0.0
U_33803714,96.55172413793103,3.4482758620689653,0.0,0.0
U_33809920,100.0,0.0,0.0,0.0
U_33804662,100.0,0.0,0.0,0.0
U_33303340,0.0,0.0,100.0,0.0
U_33835358,100.0,0.0,0.0,0.0
U_33809556,0.0,0.0,100.0,0.0
U_31136930,100.0,0.0,0.0,0.0
U_33794184,33.33333333333333,33.33333333333333,33.33333333333333,0.0
U_53152,62.5,25.0,12.5,0.0
U_7014288,0.0,0.0,0.0,100.0
U_2837325,0.0,0.0,50.0,50.0
U_28537860,100.0,0.0,0.0,0.0
U_33415979,100.0,0.0,0.0,0.0
U_3486430,100.0,0.0,0.0,0.0
U_12672095,0.0,83.33333333333334,0.0,16.666666666666664
U_31205579,100.0,0.0,0.0,0.0
U_33845377,66.66666666666666,33.33333333333333,0.0,0.0
U_5102200,100.0,0.0,0.0,0.0
U_12657116,100.0,0.0,0.0,0.0
U_33848982,100.0,0.0,0.0,0.0
U_29232925,0.0,100.0,0.0,0.0
U_15413456,0.0,100.0,0.0,0.0
U_33381766,100.0,0.0,0.0,0.0
U_33638766,50.0,50.0,0.0,0.0
U_2314853,37.5,0.0,50.0,12.5
U_33580949,100.0,0.0,0.0,0.0
U_33843000,33.33333333333333,33.33333333333333,33.33333333333333,0.0
U_26382665,0.0,0.0,100.0,0.0
U_23452678,71.42857142857143,14.285714285714285,14.285714285714285,0.0
U_14429714,37.5,12.5,50.0,0.0
U_23140331,0.0,100.0,0.0,0.0
U_14470273,0.0,62.5,25.0,12.5
U_4919309,100.0,0.0,0.0,0.0
U_33861406,100.0,0.0,0.0,0.0
U_16561680,0.0,0.0,100.0,0.0
U_33859775,100.0,0.0,0.0,0.0
U_15489171,60.0,20.0,20.0,0.0
U_32697537,0.0,0.0,66.66666666666666,0.0
U_4128334,100.0,0.0,0.0,0.0
U_28892550,100.0,0.0,0.0,0.0
U_10422681,57.14285714285714,14.285714285714285,21.428571428571427,0.0
U_8311992,5.0,62.5,17.5,15.0
U_3667735,75.0,25.0,0.0,0.0
U_30929231,0.0,0.0,100.0,0.0
U_4543318,20.0,60.0,0.0,20.0
U_10323723,0.0,0.0,0.0,0.0
U_1271840,100.0,0.0,0.0,0.0
U_33776747,80.0,0.0,20.0,0.0
U_29816906,100.0,0.0,0.0,0.0
U_13894894,100.0,0.0,0.0,0.0
U_11515638,35.0,0.0,40.0,10.0
U_15282139,100.0,0.0,0.0,0.0
U_32212229,100.0,0.0,0.0,0.0
U_33505096,100.0,0.0,0.0,0.0
U_10932574,50.0,50.0,0.0,0.0
U_33256475,6.666666666666667,0.0,6.666666666666667,0.0
U_29716061,0.0,0.0,0.0,0.0
U_23310434,0.0,0.0,100.0,0.0
U_32726671,100.0,0.0,0.0,0.0
U_31111069,100.0,0.0,0.0,0.0
U_13352319,60.0,0.0,30.0,10.0
U_33920895,100.0,0.0,0.0,0.0
U_33921558,0.0,100.0,0.0,0.0
U_13627028,100.0,0.0,0.0,0.0
U_32054977,100.0,0.0,0.0,0.0
U_33748518,100.0,0.0,0.0,0.0
U_33519815,93.33333333333333,0.0,6.666666666666667,0.0
U_12991049,100.0,0.0,0.0,0.0
U_192703,62.5,0.0,37.5,0.0
U_896310,100.0,0.0,0.0,0.0
U_33915595,50.0,25.0,25.0,0.0
U_10755274,100.0,0.0,0.0,0.0
U_32063898,100.0,0.0,0.0,0.0
U_33901506,100.0,0.0,0.0,0.0
U_33844037,60.0,0.0,0.0,0.0
U_33957017,100.0,0.0,0.0,0.0
U_5415119,0.0,60.0,40.0,0.0
U_33946993,0.0,0.0,100.0,0.0
U_2447017,75.0,25.0,0.0,0.0
U_33863154,0.0,0.0,100.0,0.0
U_33404105,0.0,0.0,100.0,0.0
U_12568908,50.0,50.0,0.0,0.0
U_33891029,0.0,0.0,100.0,0.0
U_33974226,0.0,100.0,0.0,0.0
U_209138,100.0,0.0,0.0,0.0
U_31751705,100.0,0.0,0.0,0.0
U_33902665,0.0,0.0,100.0,0.0
U_1305748,61.76470588235294,8.823529411764707,23.52941176470588,2.941176470588235
U_33242265,100.0,0.0,0.0,0.0
U_33961102,7.6923076923076925,76.92307692307693,15.384615384615385,0.0
U_10943493,90.13452914798206,5.23168908819133,3.8863976083707024,0.0
U_4825145,100.0,0.0,0.0,0.0
U_17209636,0.0,50.0,50.0,0.0
U_31088938,100.0,0.0,0.0,0.0
U_13553171,100.0,0.0,0.0,0.0
U_32753714,88.88888888888889,0.0,11.11111111111111,0.0
U_27998740,100.0,0.0,0.0,0.0
U_33977343,0.0,0.0,100.0,0.0
U_33212717,0.0,0.0,100.0,0.0
U_13051179,90.9090909090909,0.0,9.090909090909092,0.0
U_9334105,33.33333333333333,66.66666666666666,0.0,0.0
U_31826809,100.0,0.0,0.0,0.0
U_11193064,100.0,0.0,0.0,0.0
U_33981980,100.0,0.0,0.0,0.0
U_33984946,100.0,0.0,0.0,0.0
U_32558176,100.0,0.0,0.0,0.0
U_32110374,100.0,0.0,0.0,0.0
U_33983298,0.0,50.0,0.0,50.0
U_6414665,50.0,0.0,0.0,50.0
U_2028634,100.0,0.0,0.0,0.0
U_7512519,100.0,0.0,0.0,0.0
U_32687103,0.0,0.0,100.0,0.0
U_33907436,0.0,100.0,0.0,0.0
U_33863209,33.33333333333333,66.66666666666666,0.0,0.0
U_33148558,75.0,25.0,0.0,0.0
U_14909164,100.0,0.0,0.0,0.0
U_31017626,0.0,0.0,0.0,50.0
U_16675798,100.0,0.0,0.0,0.0
U_33864988,0.0,0.0,0.0,100.0
U_32498474,33.33333333333333,0.0,53.333333333333336,6.666666666666667
U_8052107,100.0,0.0,0.0,0.0
U_23443267,100.0,0.0,0.0,0.0
U_33526604,91.17647058823529,0.0,8.823529411764707,0.0
U_28865308,100.0,0.0,0.0,0.0
U_33881169,0.0,0.0,100.0,0.0
U_1097255,0.0,100.0,0.0,0.0
U_4480081,100.0,0.0,0.0,0.0
U_2073733,100.0,0.0,0.0,0.0
U_10906301,0.0,14.285714285714285,57.14285714285714,0.0
U_32413717,0.0,0.0,100.0,0.0
U_33182694,100.0,0.0,0.0,0.0
U_31204602,100.0,0.0,0.0,0.0
U_28969765,0.0,100.0,0.0,0.0
U_29446659,100.0,0.0,0.0,0.0
U_32609948,100.0,0.0,0.0,0.0
U_10898833,14.285714285714285,0.0,0.0,0.0
U_33937062,100.0,0.0,0.0,0.0
U_33989022,100.0,0.0,0.0,0.0
U_12959861,73.33333333333333,6.666666666666667,13.333333333333334,0.0
U_28877939,100.0,0.0,0.0,0.0
U_15494666,0.0,60.0,40.0,0.0
U_33148205,100.0,0.0,0.0,0.0
U_18614337,0.0,0.0,100.0,0.0
U_33079134,100.0,0.0,0.0,0.0
U_33242102,0.0,0.0,100.0,0.0
U_8497477,71.42857142857143,0.0,14.285714285714285,0.0
U_32168959,6.666666666666667,0.0,53.333333333333336,40.0
U_30055021,100.0,0.0,0.0,0.0
U_33901601,100.0,0.0,0.0,0.0
U_33863133,0.0,0.0,100.0,0.0
U_33907446,0.0,100.0,0.0,0.0
U_31888078,100.0,0.0,0.0,0.0
U_32239131,0.0,0.0,75.0,25.0
U_15038617,50.0,25.0,25.0,0.0
U_34005830,0.0,0.0,20.51282051282051,2.564102564102564
U_34005858,0.0,0.0,100.0,0.0
U_33401700,0.0,0.0,100.0,0.0
U_14773349,100.0,0.0,0.0,0.0
U_33857753,77.77777777777779,22.22222222222222,0.0,0.0
U_10930541,0.0,50.0,50.0,0.0
U_33987290,0.0,100.0,0.0,0.0
U_33917505,50.0,0.0,50.0,0.0
U_34039188,87.5,0.0,12.5,0.0
U_578138,0.0,100.0,0.0,0.0
U_29089942,100.0,0.0,0.0,0.0
U_30900058,33.33333333333333,0.0,33.33333333333333,0.0
U_33141036,100.0,0.0,0.0,0.0
U_312904,0.0,0.0,100.0,0.0
U_33729222,0.0,0.0,0.0,66.66666666666666
U_12427170,40.0,40.0,20.0,0.0
U_34027790,50.0,50.0,0.0,0.0
U_15773914,0.0,0.0,100.0,0.0
U_2859831,11.538461538461538,23.076923076923077,15.384615384615385,7.6923076923076925
U_28941213,100.0,0.0,0.0,0.0
U_11484070,21.052631578947366,21.052631578947366,57.89473684210527,0.0
U_33981332,100.0,0.0,0.0,0.0
U_30738546,100.0,0.0,0.0,0.0
U_33392782,0.0,10.344827586206897,86.20689655172413,3.4482758620689653
U_4407388,25.0,50.0,0.0,0.0
U_33143696,100.0,0.0,0.0,0.0
U_33640299,0.0,44.44444444444444,11.11111111111111,11.11111111111111
U_33952526,0.0,0.0,100.0,0.0
U_13545952,0.0,71.42857142857143,28.57142857142857,0.0
U_32497379,0.0,0.0,100.0,0.0
U_5777477,33.33333333333333,0.0,66.66666666666666,0.0
U_34041625,0.0,0.0,0.0,100.0
U_33790532,0.0,0.0,100.0,0.0
U_33395162,0.0,0.0,100.0,0.0
U_31691028,100.0,0.0,0.0,0.0
U_34068117,100.0,0.0,0.0,0.0
U_15156278,0.0,0.0,100.0,0.0
U_33210718,0.0,33.33333333333333,0.0,66.66666666666666
U_2100595,100.0,0.0,0.0,0.0
U_7081888,0.0,20.0,40.0,0.0
U_20949682,100.0,0.0,0.0,0.0
U_33161549,100.0,0.0,0.0,0.0
U_32523473,0.0,0.0,100.0,0.0
U_34053174,33.33333333333333,66.66666666666666,0.0,0.0
U_33463602,100.0,0.0,0.0,0.0
U_13033261,60.0,0.0,40.0,0.0
U_33983337,100.0,0.0,0.0,0.0
U_34012654,100.0,0.0,0.0,0.0
U_34076222,25.0,37.5,25.0,12.5
U_33579439,25.0,50.0,25.0,0.0
U_28341966,100.0,0.0,0.0,0.0
U_33526005,0.0,0.0,100.0,0.0
U_34048759,0.0,75.0,25.0,0.0
U_15283595,75.0,25.0,0.0,0.0
U_33606394,33.33333333333333,16.666666666666664,41.66666666666667,8.333333333333332
U_33459025,42.857142857142854,28.57142857142857,14.285714285714285,14.285714285714285
U_30944182,100.0,0.0,0.0,0.0
U_31643828,0.0,0.0,100.0,0.0
U_34019842,100.0,0.0,0.0,0.0
U_29969421,100.0,0.0,0.0,0.0
U_13550168,0.0,0.0,100.0,0.0
U_15313267,0.0,100.0,0.0,0.0
U_34076158,0.0,0.0,50.0,50.0
U_32136634,25.0,0.0,75.0,0.0
U_33618113,100.0,0.0,0.0,0.0
U_1954600,71.42857142857143,14.285714285714285,14.285714285714285,0.0
U_34049315,100.0,0.0,0.0,0.0
U_33010083,0.0,0.0,100.0,0.0
U_31759164,0.0,0.0,100.0,0.0
U_34077551,66.66666666666666,0.0,33.33333333333333,0.0
U_13619380,50.0,50.0,0.0,0.0
U_33459787,0.0,0.0,100.0,0.0
U_33717788,0.0,6.666666666666667,26.666666666666668,0.0
U_34123356,100.0,0.0,0.0,0.0
U_4222613,0.0,66.66666666666666,0.0,0.0
U_19198702,100.0,0.0,0.0,0.0
U_3015159,28.57142857142857,28.57142857142857,42.857142857142854,0.0
U_24719911,50.0,0.0,50.0,0.0
U_22281572,0.0,100.0,0.0,0.0
U_12951267,0.0,100.0,0.0,0.0
U_1132082,100.0,0.0,0.0,0.0
U_33982048,71.42857142857143,0.0,28.57142857142857,0.0
U_34128803,93.75,6.25,0.0,0.0
U_33995,100.0,0.0,0.0,0.0
U_33863717,0.0,0.0,100.0,0.0
U_29714471,0.0,0.0,100.0,0.0
U_13344642,66.66666666666666,33.33333333333333,0.0,0.0
U_1703263,66.66666666666666,33.33333333333333,0.0,0.0
U_34158826,100.0,0.0,0.0,0.0
U_34079032,100.0,0.0,0.0,0.0
U_13361610,100.0,0.0,0.0,0.0
U_6538130,100.0,0.0,0.0,0.0
U_33865256,100.0,0.0,0.0,0.0
U_32872556,100.0,0.0,0.0,0.0
U_34161944,100.0,0.0,0.0,0.0
U_15038609,100.0,0.0,0.0,0.0
U_15267783,0.0,0.0,66.66666666666666,33.33333333333333
U_31115326,16.666666666666664,66.66666666666666,16.666666666666664,0.0
U_14907716,0.0,0.0,100.0,0.0
U_9098315,30.76923076923077,7.6923076923076925,61.53846153846154,0.0
U_31758322,100.0,0.0,0.0,0.0
U_13933161,78.57142857142857,7.142857142857142,7.142857142857142,0.0
U_34160816,50.0,0.0,50.0,0.0
U_10909142,0.0,100.0,0.0,0.0
U_28539476,0.0,0.0,0.0,100.0
U_31050093,100.0,0.0,0.0,0.0
U_886049,100.0,0.0,0.0,0.0
U_34038698,100.0,0.0,0.0,0.0
U_34167965,100.0,0.0,0.0,0.0
U_34079899,50.0,50.0,0.0,0.0
U_33708933,100.0,0.0,0.0,0.0
U_18510119,100.0,0.0,0.0,0.0
U_13815940,0.0,0.0,100.0,0.0
U_33903938,0.0,0.0,100.0,0.0
U_13576628,20.0,40.0,40.0,0.0
U_33407741,0.0,0.0,100.0,0.0
U_33962232,0.0,0.0,33.33333333333333,66.66666666666666
U_32965840,0.0,0.0,100.0,0.0
U_16122501,0.0,0.0,100.0,0.0
U_33988076,100.0,0.0,0.0,0.0
U_34173366,0.0,0.0,100.0,0.0
U_18592033,0.0,0.0,100.0,0.0
U_554845,0.0,0.0,100.0,0.0
U_33987603,100.0,0.0,0.0,0.0
U_7614089,76.92307692307693,0.0,23.076923076923077,0.0
U_7767703,0.0,100.0,0.0,0.0
U_407837,100.0,0.0,0.0,0.0
U_14514915,0.0,100.0,0.0,0.0
U_17148060,0.0,0.0,0.0,100.0
U_34174632,50.0,50.0,0.0,0.0
U_371449,0.0,0.0,83.33333333333334,16.666666666666664
U_33862726,0.0,100.0,0.0,0.0
U_34175056,100.0,0.0,0.0,0.0
U_34126900,14.285714285714285,14.285714285714285,42.857142857142854,28.57142857142857
U_34175041,100.0,0.0,0.0,0.0
U_32387648,100.0,0.0,0.0,0.0
U_32311708,0.0,0.0,100.0,0.0
U_32967277,42.857142857142854,57.14285714285714,0.0,0.0
U_10911070,0.0,0.0,100.0,0.0
U_16608119,0.0,14.285714285714285,14.285714285714285,0.0
U_34157575,100.0,0.0,0.0,0.0
U_4560998,100.0,0.0,0.0,0.0
U_27990557,0.0,0.0,100.0,0.0
U_34068515,14.285714285714285,0.0,71.42857142857143,0.0
U_14534117,100.0,0.0,0.0,0.0
U_34180023,0.0,50.0,50.0,0.0
U_13892645,0.0,100.0,0.0,0.0
U_29240836,100.0,0.0,0.0,0.0
U_31081071,100.0,0.0,0.0,0.0
U_34183193,100.0,0.0,0.0,0.0
U_12933813,100.0,0.0,0.0,0.0
U_32160039,0.0,100.0,0.0,0.0
U_10922440,100.0,0.0,0.0,0.0
U_33860839,0.0,50.0,0.0,0.0
U_13420375,83.33333333333334,16.666666666666664,0.0,0.0
U_31199316,0.0,100.0,0.0,0.0
U_34047529,0.0,0.0,83.33333333333334,0.0
U_34052366,83.33333333333334,16.666666666666664,0.0,0.0
U_31417564,100.0,0.0,0.0,0.0
U_34189162,63.63636363636363,0.0,36.36363636363637,0.0
U_33783158,0.0,0.0,100.0,0.0
U_34186203,100.0,0.0,0.0,0.0
U_24900853,0.0,100.0,0.0,0.0
U_34190757,40.0,0.0,20.0,40.0
U_34175623,100.0,0.0,0.0,0.0
U_33581235,50.0,50.0,0.0,0.0
U_34124612,100.0,0.0,0.0,0.0
U_27023807,100.0,0.0,0.0,0.0
U_29909403,100.0,0.0,0.0,0.0
U_28943494,100.0,0.0,0.0,0.0
U_18230790,33.33333333333333,0.0,0.0,33.33333333333333
U_1002476,100.0,0.0,0.0,0.0
U_34076336,45.45454545454545,18.181818181818183,27.27272727272727,0.0
U_6094375,20.0,60.0,15.0,5.0
U_33907597,50.0,50.0,0.0,0.0
U_16184027,100.0,0.0,0.0,0.0
U_33984306,0.0,0.0,20.0,0.0
U_12427898,100.0,0.0,0.0,0.0
U_34038114,100.0,0.0,0.0,0.0
U_32385509,58.333333333333336,8.333333333333332,8.333333333333332,16.666666666666664
U_34108009,75.0,0.0,25.0,0.0
U_23872094,0.0,0.0,100.0,0.0
U_34087904,100.0,0.0,0.0,0.0
U_34187586,0.0,100.0,0.0,0.0
U_34078258,60.0,20.0,20.0,0.0
U_12449940,100.0,0.0,0.0,0.0
U_34195245,0.0,0.0,66.66666666666666,33.33333333333333
U_34195602,18.75,0.0,25.0,0.0
U_31059082,100.0,0.0,0.0,0.0
U_34195647,100.0,0.0,0.0,0.0
U_33835069,0.0,0.0,0.0,100.0
U_29511243,66.66666666666666,0.0,33.33333333333333,0.0
U_34197605,0.0,33.33333333333333,66.66666666666666,0.0
U_33835945,0.0,0.0,100.0,0.0
U_33318395,60.0,20.0,20.0,0.0
U_21242476,100.0,0.0,0.0,0.0
U_8144929,100.0,0.0,0.0,0.0
U_30297222,0.0,100.0,0.0,0.0
U_13775592,0.0,0.0,50.0,0.0
U_17665762,56.25,15.625,21.875,3.125
U_34192132,100.0,0.0,0.0,0.0
U_33799328,0.0,0.0,100.0,0.0
U_2390156,37.5,25.0,0.0,25.0
U_33973988,0.0,0.0,100.0,0.0
U_34197923,16.666666666666664,75.0,8.333333333333332,0.0
U_33975115,75.0,0.0,25.0,0.0
U_34200540,100.0,0.0,0.0,0.0
U_34047659,0.0,0.0,100.0,0.0
U_16073912,50.0,50.0,0.0,0.0
U_14692181,66.66666666666666,0.0,33.33333333333333,0.0
U_30893342,100.0,0.0,0.0,0.0
U_24153076,0.0,100.0,0.0,0.0
U_34199097,66.66666666666666,0.0,33.33333333333333,0.0
U_34193863,100.0,0.0,0.0,0.0
U_34194556,100.0,0.0,0.0,0.0
U_15312190,100.0,0.0,0.0,0.0
U_517542,100.0,0.0,0.0,0.0
U_30693632,0.0,100.0,0.0,0.0
U_34203106,0.0,0.0,100.0,0.0
U_33986255,0.0,0.0,80.0,20.0
U_7459738,0.0,0.0,100.0,0.0
U_11537564,100.0,0.0,0.0,0.0
U_33522455,100.0,0.0,0.0,0.0
U_33392946,0.0,0.0,100.0,0.0
U_33908123,0.0,100.0,0.0,0.0
U_5159444,100.0,0.0,0.0,0.0
U_15073864,100.0,0.0,0.0,0.0
U_807481,100.0,0.0,0.0,0.0
U_33400726,0.0,0.0,100.0,0.0
U_33862474,0.0,0.0,100.0,0.0
U_20875427,100.0,0.0,0.0,0.0
U_28262568,100.0,0.0,0.0,0.0
U_1218605,0.0,100.0,0.0,0.0
U_32872406,0.0,33.33333333333333,33.33333333333333,0.0
U_34196623,100.0,0.0,0.0,0.0
U_34148223,100.0,0.0,0.0,0.0
U_32076097,0.0,33.33333333333333,50.0,0.0
U_33850065,0.0,0.0,100.0,0.0
U_22132263,0.0,0.0,0.0,100.0
U_5957644,0.0,66.66666666666666,33.33333333333333,0.0
U_11061091,50.0,50.0,0.0,0.0
U_33974384,0.0,0.0,100.0,0.0
U_23149844,0.0,0.0,66.66666666666666,33.33333333333333
U_34207637,100.0,0.0,0.0,0.0
U_33974745,100.0,0.0,0.0,0.0
U_31160753,0.0,0.0,0.0,100.0
U_31070706,100.0,0.0,0.0,0.0
U_34187650,0.0,0.0,50.0,50.0
U_34195789,100.0,0.0,0.0,0.0
U_24748304,0.0,100.0,0.0,0.0
U_31127525,0.0,0.0,0.0,100.0
U_11418557,85.71428571428571,14.285714285714285,0.0,0.0
U_34172108,100.0,0.0,0.0,0.0
U_34210126,100.0,0.0,0.0,0.0
U_34210471,100.0,0.0,0.0,0.0
U_34198970,0.0,100.0,0.0,0.0
U_7443299,100.0,0.0,0.0,0.0
U_33962335,0.0,0.0,0.0,50.0
U_29203822,100.0,0.0,0.0,0.0
U_2019403,0.0,100.0,0.0,0.0
U_29058446,0.0,50.0,0.0,50.0
U_4596336,100.0,0.0,0.0,0.0
U_34005945,0.0,0.0,33.33333333333333,0.0
U_34174618,75.0,0.0,25.0,0.0
U_26327559,0.0,0.0,100.0,0.0
U_34036657,100.0,0.0,0.0,0.0
U_33988044,100.0,0.0,0.0,0.0
U_30946539,92.85714285714286,7.142857142857142,0.0,0.0
U_31116943,100.0,0.0,0.0,0.0
U_12982100,50.0,16.666666666666664,33.33333333333333,0.0
U_34051709,0.0,5.555555555555555,22.22222222222222,0.0
U_14598647,100.0,0.0,0.0,0.0
U_30395069,33.33333333333333,0.0,66.66666666666666,0.0
U_32589603,100.0,0.0,0.0,0.0
U_24871444,0.0,0.0,0.0,100.0
U_7674375,0.0,100.0,0.0,0.0
U_15020579,97.14285714285714,0.0,2.380952380952381,0.0
U_10620935,0.0,0.0,100.0,0.0
U_14373247,100.0,0.0,0.0,0.0
U_106058,0.0,100.0,0.0,0.0
U_31069781,100.0,0.0,0.0,0.0
U_1467931,100.0,0.0,0.0,0.0
U_23873343,100.0,0.0,0.0,0.0
U_7252319,100.0,0.0,0.0,0.0
U_29577801,100.0,0.0,0.0,0.0
U_29233148,0.0,100.0,0.0,0.0
U_5111915,92.3076923076923,0.0,7.6923076923076925,0.0
U_241568,100.0,0.0,0.0,0.0
U_13382021,0.0,42.857142857142854,28.57142857142857,28.57142857142857
U_15511578,100.0,0.0,0.0,0.0
U_34208757,50.0,0.0,25.0,0.0
U_33248839,0.0,0.0,0.0,100.0
U_156309,100.0,0.0,0.0,0.0
U_16125019,0.0,0.0,100.0,0.0
U_33092345,0.0,0.0,0.0,100.0
U_24713483,0.0,100.0,0.0,0.0
U_32353174,16.666666666666664,16.666666666666664,33.33333333333333,0.0
U_5251830,0.0,0.0,100.0,0.0
U_34213560,80.0,0.0,0.0,20.0
U_34182630,100.0,0.0,0.0,0.0
U_33525313,0.0,3.3333333333333335,73.33333333333333,6.666666666666667
U_34209073,85.71428571428571,0.0,14.285714285714285,0.0
U_7438010,0.0,50.0,16.666666666666664,0.0
U_26348119,100.0,0.0,0.0,0.0
U_1056024,0.0,0.0,100.0,0.0
U_7650,100.0,0.0,0.0,0.0
U_33887098,100.0,0.0,0.0,0.0
U_28175059,100.0,0.0,0.0,0.0
U_16386695,0.0,0.0,100.0,0.0
U_14842610,100.0,0.0,0.0,0.0
U_34220150,100.0,0.0,0.0,0.0
U_32206965,100.0,0.0,0.0,0.0
U_31173487,0.0,100.0,0.0,0.0
U_15262930,100.0,0.0,0.0,0.0
U_1061747,0.0,0.0,100.0,0.0
U_20216619,0.0,33.33333333333333,66.66666666666666,0.0
U_28439034,100.0,0.0,0.0,0.0
U_30341627,11.11111111111111,77.77777777777779,11.11111111111111,0.0
U_33795913,0.0,0.0,100.0,0.0
U_15157751,100.0,0.0,0.0,0.0
U_32066141,100.0,0.0,0.0,0.0
U_13895227,0.0,0.0,80.0,0.0
U_34223849,52.94117647058824,17.647058823529413,29.411764705882355,0.0
U_32536844,66.66666666666666,0.0,33.33333333333333,0.0
U_32048371,0.0,100.0,0.0,0.0
U_30736985,40.0,60.0,0.0,0.0
U_21383909,0.0,25.0,50.0,25.0
U_10480792,100.0,0.0,0.0,0.0
U_33799022,100.0,0.0,0.0,0.0
U_30953919,100.0,0.0,0.0,0.0
U_33959405,0.0,28.57142857142857,14.285714285714285,0.0
U_32027276,40.0,0.0,40.0,20.0
U_15400359,0.0,0.0,100.0,0.0
U_34244140,91.66666666666666,4.166666666666666,4.166666666666666,0.0
U_13559413,100.0,0.0,0.0,0.0
U_14292342,66.66666666666666,16.666666666666664,16.666666666666664,0.0
U_33168481,100.0,0.0,0.0,0.0
U_29016253,0.0,0.0,50.0,50.0
U_33975247,50.0,0.0,50.0,0.0
U_14340052,0.0,0.0,100.0,0.0
U_32111107,100.0,0.0,0.0,0.0
U_26692443,0.0,100.0,0.0,0.0
U_34192709,60.0,0.0,40.0,0.0
U_34219058,0.0,0.0,66.66666666666666,0.0
U_28509866,100.0,0.0,0.0,0.0
U_34203771,0.0,0.0,50.0,50.0
U_12448920,100.0,0.0,0.0,0.0
U_15492084,100.0,0.0,0.0,0.0
U_33862912,0.0,0.0,66.66666666666666,0.0
U_34282989,53.333333333333336,20.0,26.666666666666668,0.0
U_12714739,100.0,0.0,0.0,0.0
U_33571103,100.0,0.0,0.0,0.0
U_10943534,100.0,0.0,0.0,0.0
U_33415349,0.0,0.0,100.0,0.0
U_33102310,0.0,0.0,100.0,0.0
U_11798141,0.0,0.0,100.0,0.0
U_34220329,66.66666666666666,0.0,33.33333333333333,0.0
U_33966725,0.0,0.0,55.00000000000001,10.0
U_11411290,0.0,0.0,100.0,0.0
U_31757436,0.0,100.0,0.0,0.0
U_34286976,12.5,12.5,75.0,0.0
U_27992760,75.0,0.0,25.0,0.0
U_32522553,0.0,0.0,100.0,0.0
U_11636522,100.0,0.0,0.0,0.0
U_19175908,100.0,0.0,0.0,0.0
U_3184458,100.0,0.0,0.0,0.0
U_10480232,0.0,0.0,100.0,0.0
U_15110283,90.9090909090909,0.0,0.0,9.090909090909092
U_34221531,0.0,0.0,100.0,0.0
U_13914570,0.0,0.0,100.0,0.0
U_7872088,100.0,0.0,0.0,0.0
U_34293133,0.0,0.0,100.0,0.0
U_16631837,100.0,0.0,0.0,0.0
U_34293313,0.0,0.0,100.0,0.0
U_18314130,0.0,0.0,75.0,0.0
U_12975347,75.0,0.0,25.0,0.0
U_31088069,100.0,0.0,0.0,0.0
U_15033718,100.0,0.0,0.0,0.0
U_11358509,0.0,0.0,100.0,0.0
U_10512148,86.04651162790698,6.976744186046512,6.976744186046512,0.0
U_30319195,25.0,0.0,0.0,0.0
U_31085871,0.0,0.0,100.0,0.0
U_17212490,60.0,20.0,20.0,0.0
U_13811592,0.0,0.0,100.0,0.0
U_34295116,0.0,0.0,100.0,0.0
U_12662439,0.0,0.0,50.0,0.0
U_11497397,100.0,0.0,0.0,0.0
U_32498472,100.0,0.0,0.0,0.0
U_12661293,100.0,0.0,0.0,0.0
U_11194466,100.0,0.0,0.0,0.0
U_2094582,0.0,16.666666666666664,33.33333333333333,0.0
U_34295182,100.0,0.0,0.0,0.0
U_32578165,100.0,0.0,0.0,0.0
U_29288163,0.0,50.0,50.0,0.0
U_13417662,100.0,0.0,0.0,0.0
U_34304271,100.0,0.0,0.0,0.0
U_34305503,0.0,100.0,0.0,0.0
U_33809640,100.0,0.0,0.0,0.0
U_15296855,100.0,0.0,0.0,0.0
U_13537309,100.0,0.0,0.0,0.0
U_34309079,100.0,0.0,0.0,0.0
U_33504712,0.0,0.0,100.0,0.0
U_4492775,0.0,0.0,100.0,0.0
U_32102383,100.0,0.0,0.0,0.0
U_34310981,0.0,0.0,100.0,0.0
U_33491931,0.0,23.809523809523807,71.42857142857143,4.761904761904762
U_22738829,0.0,100.0,0.0,0.0
U_33916130,0.0,11.538461538461538,73.07692307692307,0.0
U_32103841,100.0,0.0,0.0,0.0
U_34316096,0.0,0.0,100.0,0.0
U_34319990,0.0,0.0,100.0,0.0
U_34320166,100.0,0.0,0.0,0.0
U_16134262,0.0,0.0,100.0,0.0
U_34220950,0.0,0.0,100.0,0.0
U_33863673,0.0,0.0,100.0,0.0
U_33330495,0.0,0.0,100.0,0.0
U_34200017,100.0,0.0,0.0,0.0
U_33985865,100.0,0.0,0.0,0.0
U_34321090,51.78571428571429,3.571428571428571,39.285714285714285,3.571428571428571
U_1086154,100.0,0.0,0.0,0.0
U_34324782,33.33333333333333,33.33333333333333,33.33333333333333,0.0
U_34325004,100.0,0.0,0.0,0.0
U_33512045,14.285714285714285,0.0,71.42857142857143,14.285714285714285
U_31071036,77.77777777777779,22.22222222222222,0.0,0.0
U_12043841,100.0,0.0,0.0,0.0
U_2340876,100.0,0.0,0.0,0.0
U_32060488,0.0,0.0,0.0,100.0
U_13544288,16.666666666666664,16.666666666666664,16.666666666666664,50.0
U_34047487,0.0,9.836065573770492,50.81967213114754,4.918032786885246
U_29476375,100.0,0.0,0.0,0.0
U_34041525,0.0,5.263157894736842,89.47368421052632,5.263157894736842
U_33459740,0.0,0.0,50.0,50.0
U_34335682,50.0,0.0,50.0,0.0
U_32079491,100.0,0.0,0.0,0.0
U_34337229,100.0,0.0,0.0,0.0
U_34337575,100.0,0.0,0.0,0.0
U_34335277,0.0,100.0,0.0,0.0
U_2490481,33.33333333333333,33.33333333333333,33.33333333333333,0.0
U_24744681,0.0,0.0,100.0,0.0
U_25315186,100.0,0.0,0.0,0.0
U_3868963,100.0,0.0,0.0,0.0
U_34108786,0.0,100.0,0.0,0.0
U_6741614,0.0,100.0,0.0,0.0
U_13819523,0.0,100.0,0.0,0.0
U_1359612,0.0,100.0,0.0,0.0
U_18094778,100.0,0.0,0.0,0.0
U_22135322,100.0,0.0,0.0,0.0
U_5481523,100.0,0.0,0.0,0.0
U_33759178,90.0,10.0,0.0,0.0
U_16707184,100.0,0.0,0.0,0.0
U_14456669,100.0,0.0,0.0,0.0
U_34208648,0.0,0.0,100.0,0.0
U_30491314,66.66666666666666,0.0,33.33333333333333,0.0
U_28676177,50.0,0.0,37.5,12.5
U_18103449,0.0,33.33333333333333,66.66666666666666,0.0
U_450868,0.0,0.0,100.0,0.0
U_34343017,100.0,0.0,0.0,0.0
U_34076891,100.0,0.0,0.0,0.0
U_33791804,0.0,42.857142857142854,57.14285714285714,0.0
U_32110184,0.0,0.0,100.0,0.0
U_34315950,0.0,0.0,50.0,0.0
U_32056881,0.0,0.0,100.0,0.0
U_32155248,0.0,100.0,0.0,0.0
U_34208992,72.72727272727273,9.090909090909092,18.181818181818183,0.0
U_34036877,0.0,100.0,0.0,0.0
U_33633645,100.0,0.0,0.0,0.0
U_31650185,100.0,0.0,0.0,0.0
U_21088474,0.0,25.0,75.0,0.0
U_15033586,100.0,0.0,0.0,0.0
U_34345685,0.0,0.0,0.0,0.0
U_33907880,0.0,100.0,0.0,0.0
U_16578938,100.0,0.0,0.0,0.0
U_34353016,0.0,0.0,100.0,0.0
U_34170547,33.33333333333333,66.66666666666666,0.0,0.0
U_34180918,30.0,10.0,30.0,10.0
U_9390389,0.0,0.0,0.0,0.0
U_7810451,14.285714285714285,42.857142857142854,28.57142857142857,14.285714285714285
U_15055586,100.0,0.0,0.0,0.0
U_30318260,50.0,0.0,50.0,0.0
U_15316009,0.0,100.0,0.0,0.0
U_33461728,0.0,0.0,100.0,0.0
U_34361394,100.0,0.0,0.0,0.0
U_338718,100.0,0.0,0.0,0.0
U_187520,100.0,0.0,0.0,0.0
U_34208331,0.0,0.0,100.0,0.0
U_34314589,0.0,0.0,100.0,0.0
U_32109668,100.0,0.0,0.0,0.0
U_34191065,50.0,50.0,0.0,0.0
U_33095502,100.0,0.0,0.0,0.0
U_34365487,100.0,0.0,0.0,0.0
U_32207492,100.0,0.0,0.0,0.0
U_34191097,0.0,0.0,66.66666666666666,16.666666666666664
U_33902210,33.33333333333333,33.33333333333333,33.33333333333333,0.0
U_11894778,100.0,0.0,0.0,0.0
U_29723750,100.0,0.0,0.0,0.0
U_33139413,0.0,8.333333333333332,83.33333333333334,0.0
U_14942413,0.0,0.0,100.0,0.0
U_33908162,50.0,25.0,25.0,0.0
U_34380531,0.0,100.0,0.0,0.0
U_33907742,100.0,0.0,0.0,0.0
U_14770176,100.0,0.0,0.0,0.0
U_34363289,0.0,33.33333333333333,33.33333333333333,33.33333333333333
U_34380811,25.0,25.0,50.0,0.0
U_32137736,0.0,0.0,100.0,0.0
U_34291761,100.0,0.0,0.0,0.0
U_31121725,75.0,0.0,25.0,0.0
U_15531333,100.0,0.0,0.0,0.0
U_13486473,0.0,100.0,0.0,0.0
U_11042944,0.0,100.0,0.0,0.0
U_28953189,100.0,0.0,0.0,0.0
U_34386601,66.66666666666666,0.0,33.33333333333333,0.0
U_29621931,0.0,0.0,100.0,0.0
U_33843005,0.0,0.0,0.0,100.0
U_14672905,100.0,0.0,0.0,0.0
U_33166911,66.66666666666666,33.33333333333333,0.0,0.0
U_12469166,100.0,0.0,0.0,0.0
U_34394222,100.0,0.0,0.0,0.0
U_10069021,100.0,0.0,0.0,0.0
U_34317580,0.0,0.0,100.0,0.0
U_34394508,0.0,100.0,0.0,0.0
U_11930575,0.0,16.666666666666664,50.0,33.33333333333333
U_8262410,100.0,0.0,0.0,0.0
U_33185022,50.0,0.0,50.0,0.0
U_4249553,100.0,0.0,0.0,0.0
U_26373568,33.33333333333333,66.66666666666666,0.0,0.0
U_34194796,0.0,0.0,33.33333333333333,0.0
U_9066717,80.0,20.0,0.0,0.0
U_33961487,100.0,0.0,0.0,0.0
U_13692458,0.0,0.0,100.0,0.0
U_34127350,0.0,0.0,100.0,0.0
U_4740260,75.0,25.0,0.0,0.0
U_12405072,100.0,0.0,0.0,0.0
U_32313834,100.0,0.0,0.0,0.0
U_34293325,14.285714285714285,14.285714285714285,42.857142857142854,0.0
U_14648215,100.0,0.0,0.0,0.0
U_32383065,100.0,0.0,0.0,0.0
U_13034193,66.66666666666666,33.33333333333333,0.0,0.0
U_13960557,100.0,0.0,0.0,0.0
U_29086264,0.0,0.0,100.0,0.0
U_24868040,0.0,0.0,100.0,0.0
U_1039837,100.0,0.0,0.0,0.0
U_12139812,100.0,0.0,0.0,0.0
U_11322967,100.0,0.0,0.0,0.0
U_34343943,83.33333333333334,16.666666666666664,0.0,0.0
U_15841468,100.0,0.0,0.0,0.0
U_34073920,0.0,0.0,0.0,100.0
U_34305998,71.42857142857143,0.0,28.57142857142857,0.0
U_33319362,100.0,0.0,0.0,0.0
U_34427750,0.0,0.0,80.0,20.0
U_334087,100.0,0.0,0.0,0.0
U_1957654,0.0,0.0,100.0,0.0
U_30776660,50.0,50.0,0.0,0.0
U_33210427,0.0,0.0,100.0,0.0
U_33511806,0.0,0.0,100.0,0.0
U_33064604,66.66666666666666,33.33333333333333,0.0,0.0
U_34434893,0.0,0.0,0.0,0.0
U_34209943,100.0,0.0,0.0,0.0
U_8841283,0.0,28.57142857142857,42.857142857142854,28.57142857142857
U_33303183,100.0,0.0,0.0,0.0
U_34436309,0.0,0.0,100.0,0.0
U_3979419,100.0,0.0,0.0,0.0
U_12660064,100.0,0.0,0.0,0.0
U_34439329,100.0,0.0,0.0,0.0
U_33908124,0.0,0.0,100.0,0.0
U_34067571,0.0,0.0,0.0,100.0
U_31465232,100.0,0.0,0.0,0.0
U_31230568,0.0,0.0,60.0,40.0
U_5220334,100.0,0.0,0.0,0.0
U_5372803,0.0,0.0,100.0,0.0
U_34342884,100.0,0.0,0.0,0.0
U_30274494,0.0,0.0,100.0,0.0
U_16145528,100.0,0.0,0.0,0.0
U_11047325,100.0,0.0,0.0,0.0
U_5249214,0.0,100.0,0.0,0.0
U_33908066,100.0,0.0,0.0,0.0
U_34461118,0.0,0.0,22.22222222222222,11.11111111111111
U_1826927,0.0,0.0,100.0,0.0
U_33861877,0.0,50.0,50.0,0.0
U_11265016,100.0,0.0,0.0,0.0
U_31276161,80.0,0.0,20.0,0.0
U_34365120,0.0,35.294117647058826,52.94117647058824,11.76470588235294
U_7538307,42.857142857142854,57.14285714285714,0.0,0.0
U_34474155,33.33333333333333,50.0,0.0,0.0
U_34473636,0.0,0.0,100.0,0.0
U_2499869,100.0,0.0,0.0,0.0
U_4005546,50.0,50.0,0.0,0.0
U_29982759,0.0,0.0,100.0,0.0
U_4570007,100.0,0.0,0.0,0.0
U_29583180,16.666666666666664,16.666666666666664,66.66666666666666,0.0
U_15406716,33.33333333333333,66.66666666666666,0.0,0.0
U_34295833,100.0,0.0,0.0,0.0
U_11424083,100.0,0.0,0.0,0.0
U_29473596,100.0,0.0,0.0,0.0
U_33782976,100.0,0.0,0.0,0.0
U_16011642,100.0,0.0,0.0,0.0
U_33959114,0.0,0.0,0.0,0.0
U_34486198,100.0,0.0,0.0,0.0
U_14632534,100.0,0.0,0.0,0.0
U_4968875,100.0,0.0,0.0,0.0
U_28659346,80.0,0.0,20.0,0.0
U_29206204,100.0,0.0,0.0,0.0
U_34203947,0.0,0.0,100.0,0.0
U_4628800,100.0,0.0,0.0,0.0
U_11143713,100.0,0.0,0.0,0.0
U_34487769,0.0,0.0,100.0,0.0
U_29013107,50.0,41.66666666666667,8.333333333333332,0.0
U_34487771,100.0,0.0,0.0,0.0
U_33525037,0.0,0.0,50.0,50.0
U_15200760,0.0,100.0,0.0,0.0
U_34485537,10.526315789473683,10.526315789473683,68.42105263157895,5.263157894736842
U_33744626,75.0,25.0,0.0,0.0
U_33956971,0.0,0.0,50.0,0.0
U_34498100,66.66666666666666,33.33333333333333,0.0,0.0
U_33066113,0.0,0.0,100.0,0.0
U_30253167,100.0,0.0,0.0,0.0
U_32028556,100.0,0.0,0.0,0.0
U_9359982,100.0,0.0,0.0,0.0
U_23334534,100.0,0.0,0.0,0.0
U_2138116,80.0,0.0,20.0,0.0
U_1253556,60.0,40.0,0.0,0.0
U_33944328,75.0,25.0,0.0,0.0
U_13318367,0.0,0.0,100.0,0.0
U_34531391,50.0,0.0,0.0,0.0
U_33493473,0.0,20.0,60.0,20.0
U_34296040,0.0,0.0,0.0,100.0
U_34538600,0.0,100.0,0.0,0.0
U_32261556,100.0,0.0,0.0,0.0
U_258919,100.0,0.0,0.0,0.0
U_19970280,50.0,50.0,0.0,0.0
U_34533712,100.0,0.0,0.0,0.0
U_11431516,100.0,0.0,0.0,0.0
U_34265720,42.857142857142854,57.14285714285714,0.0,0.0
U_34547733,8.333333333333332,0.0,83.33333333333334,8.333333333333332
U_24144932,75.0,25.0,0.0,0.0
U_31189086,92.3076923076923,0.0,7.6923076923076925,0.0
U_34545409,0.0,0.0,83.33333333333334,16.666666666666664
U_34223953,0.0,0.0,0.0,100.0
U_939035,50.0,50.0,0.0,0.0
U_16663173,0.0,66.66666666666666,33.33333333333333,0.0
U_34122942,0.0,100.0,0.0,0.0
U_5492903,100.0,0.0,0.0,0.0
U_34555545,100.0,0.0,0.0,0.0
U_15574657,100.0,0.0,0.0,0.0
U_4245498,80.0,20.0,0.0,0.0
U_30392942,0.0,66.66666666666666,33.33333333333333,0.0
U_33863465,0.0,0.0,100.0,0.0
U_10391494,0.0,0.0,50.0,50.0
U_33321574,100.0,0.0,0.0,0.0
U_34573876,0.0,0.0,100.0,0.0
U_33708206,0.0,0.0,0.0,100.0
U_34183114,66.66666666666666,0.0,33.33333333333333,0.0
U_34465645,0.0,0.0,100.0,0.0
U_29258656,100.0,0.0,0.0,0.0
U_34486965,33.33333333333333,0.0,66.66666666666666,0.0
U_34578846,100.0,0.0,0.0,0.0
U_34488068,80.0,10.0,10.0,0.0
U_34573587,18.367346938775512,6.122448979591836,24.489795918367346,28.57142857142857
U_34402663,76.92307692307693,0.0,23.076923076923077,0.0
U_34469177,0.0,0.0,100.0,0.0
U_49406,0.0,0.0,33.33333333333333,0.0
U_27372255,0.0,0.0,0.0,100.0
U_29445943,100.0,0.0,0.0,0.0
U_34582149,0.0,100.0,0.0,0.0
U_13163848,100.0,0.0,0.0,0.0
U_31869976,100.0,0.0,0.0,0.0
U_15278689,80.0,10.0,10.0,0.0
U_34487966,100.0,0.0,0.0,0.0
U_8668947,100.0,0.0,0.0,0.0
U_34575331,100.0,0.0,0.0,0.0
U_8871734,50.0,50.0,0.0,0.0
U_1650683,100.0,0.0,0.0,0.0
U_34208966,0.0,0.0,80.0,0.0
U_34576813,0.0,0.0,100.0,0.0
U_34583305,100.0,0.0,0.0,0.0
U_14411264,100.0,0.0,0.0,0.0
U_33960377,50.0,25.0,25.0,0.0
U_16369551,100.0,0.0,0.0,0.0
U_12239700,78.57142857142857,7.142857142857142,14.285714285714285,0.0
U_34584962,0.0,0.0,100.0,0.0
U_5345797,100.0,0.0,0.0,0.0
U_20957635,66.66666666666666,0.0,0.0,0.0
U_34489082,100.0,0.0,0.0,0.0
U_34197714,100.0,0.0,0.0,0.0
U_34054811,100.0,0.0,0.0,0.0
U_33822602,0.0,50.0,50.0,0.0
U_4554106,50.0,0.0,0.0,0.0
U_9188115,25.0,50.0,25.0,0.0
U_34179968,55.55555555555556,11.11111111111111,33.33333333333333,0.0
U_31462044,100.0,0.0,0.0,0.0
U_12982004,0.0,0.0,100.0,0.0
U_34171469,66.66666666666666,16.666666666666664,16.666666666666664,0.0
U_34582509,33.33333333333333,33.33333333333333,33.33333333333333,0.0
U_33511826,0.0,0.0,100.0,0.0
U_5127932,100.0,0.0,0.0,0.0
U_34624768,100.0,0.0,0.0,0.0
U_3559521,100.0,0.0,0.0,0.0
U_34343581,0.0,0.0,85.71428571428571,14.285714285714285
U_11792450,100.0,0.0,0.0,0.0
U_34531699,100.0,0.0,0.0,0.0
U_34618006,0.0,0.0,100.0,0.0
U_33169027,100.0,0.0,0.0,0.0
U_34619595,66.66666666666666,33.33333333333333,0.0,0.0
U_32534237,0.0,0.0,100.0,0.0
U_33239973,0.0,18.181818181818183,63.63636363636363,0.0
U_16788438,0.0,100.0,0.0,0.0
U_28131320,0.0,0.0,0.0,0.0
U_12480135,0.0,0.0,100.0,0.0
U_34157879,16.666666666666664,66.66666666666666,0.0,0.0
U_34560040,100.0,0.0,0.0,0.0
U_31946419,20.0,0.0,20.0,60.0
U_31250532,100.0,0.0,0.0,0.0
U_28156627,0.0,100.0,0.0,0.0
U_846464,33.33333333333333,66.66666666666666,0.0,0.0
U_15254018,83.33333333333334,0.0,16.666666666666664,0.0
U_34662252,21.428571428571427,14.285714285714285,50.0,0.0
U_33362605,16.666666666666664,50.0,16.666666666666664,16.666666666666664
U_4748716,100.0,0.0,0.0,0.0
U_33518327,0.0,0.0,100.0,0.0
U_34657230,100.0,0.0,0.0,0.0
U_6992962,100.0,0.0,0.0,0.0
U_33523441,0.0,0.0,100.0,0.0
U_32061760,100.0,0.0,0.0,0.0
U_16492680,100.0,0.0,0.0,0.0
U_5130622,33.33333333333333,33.33333333333333,0.0,33.33333333333333
U_10954406,33.33333333333333,66.66666666666666,0.0,0.0
U_34679443,100.0,0.0,0.0,0.0
U_13690755,0.0,100.0,0.0,0.0
U_18684394,0.0,100.0,0.0,0.0
U_2052022,71.42857142857143,28.57142857142857,0.0,0.0
U_34583533,0.0,100.0,0.0,0.0
U_34261355,0.0,100.0,0.0,0.0
U_34007478,0.0,0.0,50.0,0.0
U_32093243,0.0,0.0,100.0,0.0
U_2661561,100.0,0.0,0.0,0.0
U_33908005,0.0,100.0,0.0,0.0
U_34566579,50.0,0.0,50.0,0.0
U_23517458,100.0,0.0,0.0,0.0
U_12438516,100.0,0.0,0.0,0.0
U_34683919,50.0,0.0,50.0,0.0
U_32908298,16.666666666666664,83.33333333333334,0.0,0.0
U_34684555,0.0,100.0,0.0,0.0
U_32052578,0.0,33.33333333333333,66.66666666666666,0.0
U_34405995,100.0,0.0,0.0,0.0
U_33986229,0.0,0.0,100.0,0.0
U_30097066,100.0,0.0,0.0,0.0
U_15344848,33.33333333333333,33.33333333333333,33.33333333333333,0.0
U_34486761,0.0,0.0,14.285714285714285,0.0
U_28161777,61.53846153846154,7.6923076923076925,23.076923076923077,7.6923076923076925
U_34582254,100.0,0.0,0.0,0.0
U_31126885,50.0,0.0,50.0,0.0
U_34615691,0.0,0.0,100.0,0.0
U_31401298,0.0,0.0,100.0,0.0
U_34686459,100.0,0.0,0.0,0.0
U_34686200,11.538461538461538,23.076923076923077,38.46153846153847,3.8461538461538463
U_34686691,0.0,0.0,100.0,0.0
U_29512690,100.0,0.0,0.0,0.0
U_34686781,80.0,0.0,20.0,0.0
U_14665984,57.14285714285714,0.0,42.857142857142854,0.0
U_34686296,66.66666666666666,33.33333333333333,0.0,0.0
U_30629301,100.0,0.0,0.0,0.0
U_34474614,55.55555555555556,44.44444444444444,0.0,0.0
U_3359654,100.0,0.0,0.0,0.0
U_10677430,0.0,62.5,37.5,0.0
U_34080154,100.0,0.0,0.0,0.0
U_13099259,37.5,0.0,50.0,0.0
U_34652801,100.0,0.0,0.0,0.0
U_34688110,0.0,0.0,100.0,0.0
U_15772738,26.666666666666668,20.0,33.33333333333333,20.0
U_33985742,66.66666666666666,0.0,16.666666666666664,0.0
U_34542416,0.0,0.0,100.0,0.0
U_18287699,0.0,0.0,0.0,50.0
U_34689322,75.0,0.0,25.0,0.0
U_34341161,0.0,0.0,100.0,0.0
U_32870002,75.0,0.0,25.0,0.0
U_34690554,72.72727272727273,27.27272727272727,0.0,0.0
U_11371051,0.0,50.0,50.0,0.0
U_34182743,0.0,0.0,33.33333333333333,33.33333333333333
U_30908916,100.0,0.0,0.0,0.0
U_13963642,100.0,0.0,0.0,0.0
U_6668206,66.66666666666666,0.0,33.33333333333333,0.0
U_34686348,0.0,0.0,80.0,20.0
U_13507979,0.0,100.0,0.0,0.0
U_627912,0.0,100.0,0.0,0.0
U_34111946,40.0,0.0,60.0,0.0
U_33310246,100.0,0.0,0.0,0.0
U_33587841,0.0,0.0,0.0,100.0
U_34690867,100.0,0.0,0.0,0.0
U_4162451,80.0,0.0,20.0,0.0
U_33836610,0.0,100.0,0.0,0.0
U_22234073,100.0,0.0,0.0,0.0
U_31932448,100.0,0.0,0.0,0.0
U_23369376,0.0,100.0,0.0,0.0
U_34685338,100.0,0.0,0.0,0.0
U_34295647,75.0,0.0,25.0,0.0
U_31686850,100.0,0.0,0.0,0.0
U_34038226,33.33333333333333,0.0,33.33333333333333,0.0
U_33359375,100.0,0.0,0.0,0.0
U_34176691,0.0,0.0,47.368421052631575,5.263157894736842
U_11897714,13.846153846153847,50.76923076923077,33.84615384615385,0.0
U_34109361,0.0,40.0,60.0,0.0
U_13691300,100.0,0.0,0.0,0.0
U_19177964,0.0,50.0,50.0,0.0
U_2184302,50.0,0.0,50.0,0.0
U_34125852,0.0,16.666666666666664,83.33333333333334,0.0
U_34693507,25.0,0.0,75.0,0.0
U_34651373,22.22222222222222,0.0,77.77777777777779,0.0
U_1295051,33.33333333333333,33.33333333333333,33.33333333333333,0.0
U_34696071,85.71428571428571,14.285714285714285,0.0,0.0
U_31406995,0.0,0.0,100.0,0.0
U_5574234,0.0,0.0,100.0,0.0
U_901601,100.0,0.0,0.0,0.0
U_34353434,100.0,0.0,0.0,0.0
U_12053592,75.0,25.0,0.0,0.0
U_33907286,83.33333333333334,0.0,0.0,0.0
U_14966376,66.66666666666666,33.33333333333333,0.0,0.0
U_4493712,33.33333333333333,66.66666666666666,0.0,0.0
U_14033807,100.0,0.0,0.0,0.0
U_14269265,100.0,0.0,0.0,0.0
U_34295106,0.0,0.0,100.0,0.0
U_6797189,40.0,40.0,20.0,0.0
U_34685934,0.0,0.0,100.0,0.0
U_12147276,100.0,0.0,0.0,0.0
U_34174443,0.0,0.0,100.0,0.0
U_33847675,0.0,0.0,0.0,100.0
U_15199465,0.0,0.0,50.0,25.0
U_34699230,100.0,0.0,0.0,0.0
U_33525823,0.0,0.0,33.33333333333333,66.66666666666666
U_34122330,100.0,0.0,0.0,0.0
U_34700931,100.0,0.0,0.0,0.0
U_16088087,0.0,0.0,100.0,0.0
U_34697622,100.0,0.0,0.0,0.0
U_34700767,100.0,0.0,0.0,0.0
U_34669501,100.0,0.0,0.0,0.0
U_14833447,100.0,0.0,0.0,0.0
U_34701409,100.0,0.0,0.0,0.0
U_8120948,0.0,0.0,100.0,0.0
U_30591588,0.0,0.0,0.0,100.0
U_330951,0.0,100.0,0.0,0.0
U_14094168,20.0,60.0,0.0,20.0
U_30667060,0.0,0.0,100.0,0.0
U_34701151,75.0,18.75,6.25,0.0
U_29615262,18.181818181818183,0.0,54.54545454545454,0.0
U_34702741,100.0,0.0,0.0,0.0
U_34703373,100.0,0.0,0.0,0.0
U_34329464,66.66666666666666,0.0,33.33333333333333,0.0
U_17211825,100.0,0.0,0.0,0.0
U_34054110,100.0,0.0,0.0,0.0
U_34192121,100.0,0.0,0.0,0.0
U_34703686,0.0,100.0,0.0,0.0
U_34316942,0.0,0.0,100.0,0.0
U_20329,50.0,12.5,37.5,0.0
U_34506833,33.33333333333333,33.33333333333333,33.33333333333333,0.0
U_1781211,100.0,0.0,0.0,0.0
U_34293514,100.0,0.0,0.0,0.0
U_34700435,0.0,0.0,100.0,0.0
U_15297200,33.33333333333333,0.0,66.66666666666666,0.0
U_11792305,100.0,0.0,0.0,0.0
U_29096366,100.0,0.0,0.0,0.0
U_34203885,0.0,0.0,66.66666666666666,33.33333333333333
U_3007973,0.0,0.0,66.66666666666666,33.33333333333333
U_30426927,0.0,100.0,0.0,0.0
U_30685482,100.0,0.0,0.0,0.0
U_34710586,100.0,0.0,0.0,0.0
U_34710179,50.0,50.0,0.0,0.0
U_3699874,100.0,0.0,0.0,0.0
U_34710540,100.0,0.0,0.0,0.0
U_34584312,0.0,100.0,0.0,0.0
U_34711175,50.0,50.0,0.0,0.0
U_12364429,100.0,0.0,0.0,0.0
U_34711023,75.0,25.0,0.0,0.0
U_11609972,50.0,0.0,50.0,0.0
U_15540430,46.93877551020408,28.57142857142857,22.448979591836736,0.0
U_34711052,100.0,0.0,0.0,0.0
U_34686101,0.0,0.0,100.0,0.0
U_33391400,0.0,0.0,0.0,100.0
U_34712115,66.66666666666666,0.0,33.33333333333333,0.0
U_28735136,0.0,0.0,0.0,0.0
U_23443609,100.0,0.0,0.0,0.0
U_34712067,43.42105263157895,36.84210526315789,18.421052631578945,1.3157894736842104
U_13344713,0.0,0.0,100.0,0.0
U_34265400,0.0,16.666666666666664,55.55555555555556,0.0
U_34406835,0.0,0.0,100.0,0.0
U_11063348,100.0,0.0,0.0,0.0
U_34618747,42.857142857142854,0.0,42.857142857142854,0.0
U_34584796,100.0,0.0,0.0,0.0
U_4272064,36.36363636363637,45.45454545454545,18.181818181818183,0.0
U_29124099,100.0,0.0,0.0,0.0
U_34767004,0.0,0.0,66.66666666666666,33.33333333333333
U_34656752,100.0,0.0,0.0,0.0
U_5231992,0.0,0.0,100.0,0.0
U_31104091,0.0,0.0,100.0,0.0
U_33518746,0.0,100.0,0.0,0.0
U_34651705,100.0,0.0,0.0,0.0
U_27358761,0.0,0.0,100.0,0.0
U_632964,100.0,0.0,0.0,0.0
U_33809886,100.0,0.0,0.0,0.0
U_1085975,66.66666666666666,33.33333333333333,0.0,0.0
U_14495581,100.0,0.0,0.0,0.0
U_33110496,33.33333333333333,33.33333333333333,33.33333333333333,0.0
U_33801058,100.0,0.0,0.0,0.0
U_15345229,100.0,0.0,0.0,0.0
U_32580425,100.0,0.0,0.0,0.0
U_33975421,100.0,0.0,0.0,0.0
U_31152087,100.0,0.0,0.0,0.0
U_18612283,33.33333333333333,33.33333333333333,33.33333333333333,0.0
U_14112699,0.0,0.0,100.0,0.0
U_27523647,0.0,100.0,0.0,0.0
U_34807949,100.0,0.0,0.0,0.0
U_12141005,50.0,0.0,50.0,0.0
U_15393061,42.857142857142854,57.14285714285714,0.0,0.0
U_32590563,0.0,0.0,100.0,0.0
U_10798135,0.0,0.0,100.0,0.0
U_33443204,0.0,0.0,100.0,0.0
U_34711262,100.0,0.0,0.0,0.0
U_32117506,0.0,0.0,100.0,0.0
U_16527684,20.0,20.0,60.0,0.0
U_15070165,100.0,0.0,0.0,0.0
U_15310018,0.0,100.0,0.0,0.0
U_32315031,50.0,25.0,25.0,0.0
U_1165645,100.0,0.0,0.0,0.0
U_30993704,80.0,0.0,20.0,0.0
U_17173516,60.0,0.0,40.0,0.0
U_29196382,100.0,0.0,0.0,0.0
U_3471421,100.0,0.0,0.0,0.0
U_34625378,100.0,0.0,0.0,0.0
U_15846984,0.0,0.0,100.0,0.0
U_25933472,66.66666666666666,33.33333333333333,0.0,0.0
U_32298553,100.0,0.0,0.0,0.0
U_12376706,66.66666666666666,33.33333333333333,0.0,0.0
U_34541286,50.0,0.0,50.0,0.0
U_13119227,0.0,13.333333333333334,20.0,0.0
U_32065991,0.0,25.0,75.0,0.0
U_7132322,50.0,30.0,10.0,10.0
U_34585405,100.0,0.0,0.0,0.0
U_14845443,0.0,0.0,100.0,0.0
U_13229659,0.0,0.0,100.0,0.0
U_16393645,50.0,0.0,50.0,0.0
U_33256119,0.0,100.0,0.0,0.0
U_7003810,0.0,0.0,100.0,0.0
U_15065638,0.0,0.0,25.0,50.0
U_11360233,0.0,0.0,50.0,0.0
U_7684943,0.0,0.0,0.0,100.0
U_11168026,100.0,0.0,0.0,0.0
U_34834308,0.0,0.0,100.0,0.0
U_34727547,56.36363636363636,18.181818181818183,25.454545454545453,0.0
U_19886576,100.0,0.0,0.0,0.0
U_33633918,100.0,0.0,0.0,0.0
U_34579674,0.0,0.0,100.0,0.0
U_8158233,0.0,0.0,100.0,0.0
U_34851980,100.0,0.0,0.0,0.0
U_34128446,0.0,0.0,100.0,0.0
U_34698038,0.0,2.5,87.5,7.5
U_34860161,0.0,0.0,100.0,0.0
U_33523010,0.0,0.0,100.0,0.0
U_34817192,0.0,0.0,100.0,0.0
U_13128081,0.0,0.0,100.0,0.0
U_34173633,0.0,0.0,100.0,0.0
U_31737264,100.0,0.0,0.0,0.0
U_34871706,0.0,0.0,33.33333333333333,0.0
U_33938298,0.0,0.0,14.285714285714285,0.0
U_24649562,0.0,100.0,0.0,0.0
U_33907464,50.0,0.0,0.0,50.0
U_34212700,100.0,0.0,0.0,0.0
U_2900160,50.0,0.0,0.0,50.0
U_17102437,100.0,0.0,0.0,0.0
U_34811476,100.0,0.0,0.0,0.0
U_34865526,88.88888888888889,0.0,11.11111111111111,0.0
U_34893138,100.0,0.0,0.0,0.0
U_31700791,33.33333333333333,0.0,0.0,66.66666666666666
U_34893381,100.0,0.0,0.0,0.0
U_31036780,0.0,100.0,0.0,0.0
U_34451779,0.0,0.0,64.28571428571429,3.571428571428571
U_33413515,100.0,0.0,0.0,0.0
U_34906833,86.66666666666667,6.666666666666667,6.666666666666667,0.0
U_34894787,45.45454545454545,9.090909090909092,45.45454545454545,0.0
U_33956009,75.0,0.0,25.0,0.0
U_34078782,0.0,0.0,100.0,0.0
U_24865424,100.0,0.0,0.0,0.0
U_13905356,0.0,0.0,0.0,100.0
U_1100805,0.0,100.0,0.0,0.0
U_12997918,0.0,0.0,0.0,0.0
U_34916945,100.0,0.0,0.0,0.0
U_34905555,100.0,0.0,0.0,0.0
U_34700578,0.0,0.0,40.0,0.0
U_32577556,100.0,0.0,0.0,0.0
U_34694201,0.0,75.0,25.0,0.0
U_28644919,37.5,25.0,22.5,5.0
U_52537,0.0,0.0,100.0,0.0
U_15155946,100.0,0.0,0.0,0.0
U_10930404,0.0,0.0,100.0,0.0
U_14928087,0.0,100.0,0.0,0.0
U_31401106,100.0,0.0,0.0,0.0
U_15217476,100.0,0.0,0.0,0.0
U_32548563,0.0,0.0,100.0,0.0
U_12540426,50.0,25.0,25.0,0.0
U_34583045,0.0,0.0,60.0,0.0
U_29846398,0.0,0.0,100.0,0.0
U_11241053,11.11111111111111,66.66666666666666,0.0,22.22222222222222
U_28629416,100.0,0.0,0.0,0.0
U_11155771,16.666666666666664,16.666666666666664,50.0,0.0
U_34171019,100.0,0.0,0.0,0.0
U_34935656,100.0,0.0,0.0,0.0
U_2634492,100.0,0.0,0.0,0.0
U_34110091,100.0,0.0,0.0,0.0
U_11387368,100.0,0.0,0.0,0.0
U_48439,0.0,0.0,0.0,100.0
U_34020095,100.0,0.0,0.0,0.0
U_34167534,100.0,0.0,0.0,0.0
U_31520338,60.0,40.0,0.0,0.0
U_33820631,100.0,0.0,0.0,0.0
U_12547824,0.0,0.0,0.0,100.0
U_32730079,100.0,0.0,0.0,0.0
U_18486496,0.0,0.0,100.0,0.0
U_34939173,100.0,0.0,0.0,0.0
U_16486590,0.0,0.0,100.0,0.0
U_9374504,50.0,0.0,0.0,50.0
U_32386189,4.545454545454546,54.54545454545454,27.27272727272727,13.636363636363635
U_29309602,0.0,50.0,50.0,0.0
U_33402770,0.0,0.0,0.0,100.0
U_34939847,100.0,0.0,0.0,0.0
U_28680961,0.0,0.0,100.0,0.0
U_14104550,25.0,25.0,25.0,0.0
U_12299288,100.0,0.0,0.0,0.0
U_34939968,9.090909090909092,45.45454545454545,36.36363636363637,0.0
U_34712092,27.27272727272727,36.36363636363637,9.090909090909092,27.27272727272727
U_15417436,100.0,0.0,0.0,0.0
U_15337409,100.0,0.0,0.0,0.0
U_33505343,0.0,0.0,100.0,0.0
U_34818260,0.0,40.0,60.0,0.0
U_34940174,88.88888888888889,11.11111111111111,0.0,0.0
U_11713027,100.0,0.0,0.0,0.0
U_4043126,0.0,0.0,100.0,0.0
U_16134600,66.66666666666666,33.33333333333333,0.0,0.0
U_9899026,0.0,0.0,50.0,0.0
U_33862762,0.0,16.666666666666664,50.0,5.555555555555555
U_34961352,0.0,0.0,100.0,0.0
U_32050088,100.0,0.0,0.0,0.0
U_29623589,54.54545454545454,18.181818181818183,27.27272727272727,0.0
U_34923256,0.0,0.0,30.76923076923077,0.0
U_31257588,100.0,0.0,0.0,0.0
U_13734196,94.73684210526315,0.0,5.263157894736842,0.0
U_13936318,100.0,0.0,0.0,0.0
U_33806653,100.0,0.0,0.0,0.0
U_15333975,66.66666666666666,0.0,33.33333333333333,0.0
U_34959189,50.0,33.33333333333333,16.666666666666664,0.0
U_34973067,28.57142857142857,0.0,42.857142857142854,0.0
U_29169757,100.0,0.0,0.0,0.0
U_33162702,0.0,50.0,50.0,0.0
U_12457245,100.0,0.0,0.0,0.0
U_15363857,100.0,0.0,0.0,0.0
U_14148335,80.0,6.666666666666667,13.333333333333334,0.0
U_35030613,0.0,0.0,100.0,0.0
U_35034359,100.0,0.0,0.0,0.0
U_31015245,0.0,0.0,100.0,0.0
U_7955763,100.0,0.0,0.0,0.0
U_15212809,100.0,0.0,0.0,0.0
U_16048230,100.0,0.0,0.0,0.0
U_35040801,0.0,20.0,80.0,0.0
U_34941395,100.0,0.0,0.0,0.0
U_14532501,50.0,0.0,50.0,0.0
U_3934052,0.0,0.0,50.0,50.0
U_14287548,0.0,0.0,50.0,50.0
U_35046875,0.0,0.0,50.0,0.0
U_35041519,0.0,0.0,100.0,0.0
U_29277589,75.0,25.0,0.0,0.0
U_35044116,100.0,0.0,0.0,0.0
U_33511107,0.0,20.0,60.0,0.0
U_35043023,0.0,0.0,100.0,0.0
U_34377825,79.24528301886792,3.7735849056603774,13.20754716981132,1.8867924528301887
U_29015300,100.0,0.0,0.0,0.0
U_35050238,0.0,0.0,100.0,0.0
U_35050702,0.0,0.0,100.0,0.0
U_22223259,100.0,0.0,0.0,0.0
U_35026910,0.0,0.0,100.0,0.0
U_31768785,100.0,0.0,0.0,0.0
U_35057522,25.0,37.5,37.5,0.0
U_22794829,100.0,0.0,0.0,0.0
U_33747545,100.0,0.0,0.0,0.0
U_15400425,100.0,0.0,0.0,0.0
U_32159620,0.0,0.0,66.66666666666666,0.0
U_11809637,0.0,0.0,0.0,0.0
U_16316390,0.0,0.0,100.0,0.0
U_32136011,41.66666666666667,25.0,16.666666666666664,16.666666666666664
U_14456439,66.66666666666666,11.11111111111111,11.11111111111111,0.0
U_4767947,100.0,0.0,0.0,0.0
U_11008647,0.0,0.0,100.0,0.0
U_4132391,0.0,100.0,0.0,0.0
U_31741699,0.0,7.6923076923076925,84.61538461538461,0.0
U_2166586,100.0,0.0,0.0,0.0
U_12934196,75.0,0.0,25.0,0.0
U_11390258,0.0,0.0,0.0,0.0
U_35073677,80.0,0.0,20.0,0.0
U_6483269,0.0,66.66666666666666,33.33333333333333,0.0
U_12213449,100.0,0.0,0.0,0.0
U_29169189,75.0,25.0,0.0,0.0
U_2159869,100.0,0.0,0.0,0.0
U_15253679,0.0,0.0,0.0,100.0
U_34929520,33.33333333333333,0.0,66.66666666666666,0.0
U_13329490,0.0,50.0,25.0,25.0
U_10928539,0.0,0.0,100.0,0.0
U_34569995,0.0,100.0,0.0,0.0
U_14049590,0.0,0.0,100.0,0.0
U_28278327,66.66666666666666,0.0,33.33333333333333,0.0
U_34245038,66.66666666666666,0.0,33.33333333333333,0.0
U_34293158,100.0,0.0,0.0,0.0
U_33382030,25.0,0.0,75.0,0.0
U_33908450,33.33333333333333,0.0,66.66666666666666,0.0
U_30805279,66.66666666666666,0.0,16.666666666666664,16.666666666666664
U_28157438,100.0,0.0,0.0,0.0
U_15309271,50.0,25.0,25.0,0.0
U_8032403,100.0,0.0,0.0,0.0
U_29508542,0.0,0.0,100.0,0.0
U_35075892,100.0,0.0,0.0,0.0
U_10735048,100.0,0.0,0.0,0.0
U_14509116,0.0,0.0,100.0,0.0
U_35049420,0.0,16.666666666666664,0.0,66.66666666666666
U_9797734,0.0,100.0,0.0,0.0
U_33541355,0.0,14.285714285714285,71.42857142857143,14.285714285714285
U_753942,0.0,0.0,100.0,0.0
U_31105762,100.0,0.0,0.0,0.0
U_6860157,0.0,0.0,100.0,0.0
U_35078255,100.0,0.0,0.0,0.0
U_12991208,75.0,0.0,25.0,0.0
U_34711792,0.0,0.0,0.0,100.0
U_33975215,100.0,0.0,0.0,0.0
U_35088143,75.0,0.0,25.0,0.0
U_34485559,0.0,0.0,100.0,0.0
U_35060704,50.0,0.0,25.0,0.0
U_34908941,100.0,0.0,0.0,0.0
U_5213551,0.0,0.0,33.33333333333333,0.0
U_35095128,0.0,0.0,100.0,0.0
U_35094763,0.0,0.0,100.0,0.0
U_8897047,0.0,25.0,75.0,0.0
U_14674986,50.0,25.0,25.0,0.0
U_49385,66.66666666666666,0.0,0.0,0.0
U_35100286,0.0,23.076923076923077,69.23076923076923,0.0
U_35101623,0.0,0.0,100.0,0.0
U_7481287,100.0,0.0,0.0,0.0
U_30474536,100.0,0.0,0.0,0.0
U_26349085,0.0,0.0,100.0,0.0
U_34684799,0.0,0.0,25.0,50.0
U_35047784,0.0,0.0,100.0,0.0
U_34939090,100.0,0.0,0.0,0.0
U_12287263,100.0,0.0,0.0,0.0
U_15322161,0.0,0.0,100.0,0.0
U_13327348,100.0,0.0,0.0,0.0
U_33436928,0.0,50.0,50.0,0.0
U_8729134,50.0,0.0,0.0,0.0
U_31510114,0.0,100.0,0.0,0.0
U_14231674,42.857142857142854,28.57142857142857,28.57142857142857,0.0
U_34902581,100.0,0.0,0.0,0.0
U_16579513,100.0,0.0,0.0,0.0
U_32523960,66.66666666666666,0.0,33.33333333333333,0.0
U_35083023,25.0,50.0,25.0,0.0
U_10911370,100.0,0.0,0.0,0.0
U_29765796,100.0,0.0,0.0,0.0
U_13381651,100.0,0.0,0.0,0.0
U_34950026,31.25,62.5,6.25,0.0
U_35132001,0.0,0.0,55.55555555555556,0.0
U_26327061,0.0,11.11111111111111,66.66666666666666,11.11111111111111
U_35141547,0.0,0.0,100.0,0.0
U_8998912,100.0,0.0,0.0,0.0
U_14163009,66.66666666666666,33.33333333333333,0.0,0.0
U_31942565,75.0,25.0,0.0,0.0
U_34928184,0.0,0.0,100.0,0.0
U_32105853,100.0,0.0,0.0,0.0
U_34934937,100.0,0.0,0.0,0.0
U_28326232,0.0,0.0,100.0,0.0
U_6130421,83.33333333333334,0.0,16.666666666666664,0.0
U_34076026,75.0,0.0,25.0,0.0
U_5186845,50.0,0.0,50.0,0.0
U_33882734,0.0,0.0,100.0,0.0
U_35153107,0.0,0.0,100.0,0.0
U_30685017,60.0,30.0,10.0,0.0
U_28781874,100.0,0.0,0.0,0.0
U_34650302,100.0,0.0,0.0,0.0
U_34915401,0.0,0.0,100.0,0.0
U_26103302,100.0,0.0,0.0,0.0
U_30105361,100.0,0.0,0.0,0.0
U_32137121,42.857142857142854,0.0,57.14285714285714,0.0
U_14249307,0.0,0.0,100.0,0.0
U_2021660,100.0,0.0,0.0,0.0
U_28276331,50.0,50.0,0.0,0.0
U_34217762,100.0,0.0,0.0,0.0
U_34971646,0.0,0.0,100.0,0.0
U_11963037,50.0,50.0,0.0,0.0
U_31174614,0.0,0.0,100.0,0.0
U_6798293,0.0,0.0,0.0,100.0
U_34107983,0.0,0.0,100.0,0.0
U_34583756,0.0,100.0,0.0,0.0
U_35108871,50.0,25.0,25.0,0.0
U_35048013,68.18181818181817,18.181818181818183,4.545454545454546,0.0
U_35162243,50.0,50.0,0.0,0.0
U_33882779,0.0,0.0,100.0,0.0
U_1336452,0.0,0.0,100.0,0.0
U_33119420,0.0,0.0,77.77777777777779,0.0
U_16377923,0.0,0.0,100.0,0.0
U_34198778,80.0,5.0,10.0,0.0
U_35163299,66.66666666666666,0.0,33.33333333333333,0.0
U_31469881,0.0,0.0,100.0,0.0
U_25382180,0.0,0.0,100.0,0.0
U_35062163,100.0,0.0,0.0,0.0
U_35164414,100.0,0.0,0.0,0.0
U_35094801,0.0,0.0,100.0,0.0
U_35164753,0.0,100.0,0.0,0.0
U_15915849,100.0,0.0,0.0,0.0
U_24181972,0.0,0.0,100.0,0.0
U_35163661,0.0,33.33333333333333,66.66666666666666,0.0
U_35167152,66.66666666666666,0.0,0.0,0.0
U_34195919,0.0,0.0,100.0,0.0
U_23901877,100.0,0.0,0.0,0.0
U_35173261,0.0,0.0,0.0,0.0
U_34862453,0.0,0.0,100.0,0.0
U_8372381,100.0,0.0,0.0,0.0
U_10907165,0.0,100.0,0.0,0.0
U_33909737,0.0,0.0,100.0,0.0
U_16050972,54.54545454545454,0.0,18.181818181818183,0.0
U_32137560,50.0,50.0,0.0,0.0
U_34699211,100.0,0.0,0.0,0.0
U_26213350,100.0,0.0,0.0,0.0
U_34208716,100.0,0.0,0.0,0.0
U_1085594,0.0,100.0,0.0,0.0
U_33821341,0.0,0.0,100.0,0.0
U_33589640,0.0,0.0,100.0,0.0
U_31114918,50.0,50.0,0.0,0.0
U_31124262,0.0,0.0,100.0,0.0
U_34127371,50.0,0.0,0.0,0.0
U_34907210,0.0,33.33333333333333,66.66666666666666,0.0
U_31172177,0.0,0.0,100.0,0.0
U_32577654,100.0,0.0,0.0,0.0
U_35212218,0.0,0.0,100.0,0.0
U_35212342,25.0,0.0,50.0,0.0
U_33399745,0.0,0.0,100.0,0.0
U_34974311,0.0,0.0,25.0,0.0
U_33344668,0.0,0.0,100.0,0.0
U_30934331,57.14285714285714,14.285714285714285,28.57142857142857,0.0
U_11509492,50.0,50.0,0.0,0.0
U_35162348,50.0,25.0,25.0,0.0
U_12425622,75.0,12.5,12.5,0.0
U_33320004,16.666666666666664,66.66666666666666,0.0,16.666666666666664
U_34788407,100.0,0.0,0.0,0.0
U_35222034,0.0,0.0,100.0,0.0
U_32249576,0.0,0.0,100.0,0.0
U_33808137,0.0,0.0,100.0,0.0
U_35027921,0.0,0.0,100.0,0.0
U_7826810,100.0,0.0,0.0,0.0
U_34618467,0.0,0.0,100.0,0.0
U_11060544,0.0,0.0,100.0,0.0
U_30717719,50.0,50.0,0.0,0.0
U_30433292,0.0,0.0,100.0,0.0
U_26103170,45.45454545454545,18.181818181818183,9.090909090909092,27.27272727272727
U_31274004,0.0,100.0,0.0,0.0
U_33886331,100.0,0.0,0.0,0.0
U_32265279,0.0,0.0,100.0,0.0
U_34684443,75.0,0.0,25.0,0.0
U_34891113,66.66666666666666,33.33333333333333,0.0,0.0
U_20169106,0.0,0.0,100.0,0.0
U_4212006,75.0,0.0,25.0,0.0
U_3569765,80.0,0.0,20.0,0.0
U_29071185,0.0,0.0,100.0,0.0
U_15006184,0.0,100.0,0.0,0.0
U_35235304,100.0,0.0,0.0,0.0
U_15025971,0.0,0.0,0.0,50.0
U_34218116,0.0,0.0,100.0,0.0
U_16026001,100.0,0.0,0.0,0.0
U_35196062,0.0,0.0,100.0,0.0
U_35241697,100.0,0.0,0.0,0.0
U_34195237,0.0,50.0,50.0,0.0
U_34446118,100.0,0.0,0.0,0.0
U_3352148,100.0,0.0,0.0,0.0
U_14253045,0.0,0.0,66.66666666666666,33.33333333333333
U_12458553,0.0,0.0,50.0,25.0
U_32851660,0.0,0.0,100.0,0.0
U_35243213,0.0,50.0,50.0,0.0
U_35214417,100.0,0.0,0.0,0.0
U_35218605,0.0,0.0,100.0,0.0
U_35247704,100.0,0.0,0.0,0.0
U_34793226,100.0,0.0,0.0,0.0
U_35127059,0.0,100.0,0.0,0.0
U_33109009,50.0,37.5,12.5,0.0
U_22715403,20.0,0.0,60.0,20.0
U_34581856,60.0,30.0,10.0,0.0
U_26622455,100.0,0.0,0.0,0.0
U_33580958,0.0,0.0,50.0,50.0
U_33988719,33.33333333333333,0.0,66.66666666666666,0.0
U_32132272,100.0,0.0,0.0,0.0
U_32174878,30.76923076923077,23.076923076923077,46.15384615384615,0.0
U_33895386,0.0,6.451612903225806,12.903225806451612,0.0
U_30330522,33.33333333333333,0.0,66.66666666666666,0.0
U_34171608,100.0,0.0,0.0,0.0
U_34543194,0.0,0.0,100.0,0.0
U_29159214,20.0,20.0,40.0,0.0
U_19334901,0.0,0.0,100.0,0.0
U_35253035,50.0,0.0,50.0,0.0
U_16351069,33.33333333333333,0.0,66.66666666666666,0.0
U_35253518,100.0,0.0,0.0,0.0
U_35253837,37.5,0.0,62.5,0.0
U_34958333,0.0,0.0,100.0,0.0
U_4826616,100.0,0.0,0.0,0.0
U_30164766,50.0,50.0,0.0,0.0
U_2495946,100.0,0.0,0.0,0.0
U_34429102,0.0,0.0,100.0,0.0
U_31106294,66.66666666666666,33.33333333333333,0.0,0.0
U_4162703,89.47368421052632,5.263157894736842,5.263157894736842,0.0
U_13190205,16.666666666666664,0.0,66.66666666666666,16.666666666666664
U_14106157,80.0,0.0,20.0,0.0
U_30942774,0.0,10.0,75.0,15.0
U_7438117,25.0,25.0,25.0,25.0
U_30593344,95.29411764705881,0.0,3.5294117647058822,0.0
U_15289393,100.0,0.0,0.0,0.0
U_13582369,66.66666666666666,33.33333333333333,0.0,0.0
U_34053385,50.0,0.0,50.0,0.0
U_34862100,33.33333333333333,33.33333333333333,0.0,33.33333333333333
U_34164655,0.0,0.0,100.0,0.0
U_29346551,0.0,0.0,75.0,25.0
U_34166609,100.0,0.0,0.0,0.0
U_9615596,0.0,0.0,100.0,0.0
U_32741035,100.0,0.0,0.0,0.0
U_35260745,100.0,0.0,0.0,0.0
U_24720104,0.0,100.0,0.0,0.0
U_34414917,0.0,0.0,100.0,0.0
U_34264600,0.0,33.33333333333333,66.66666666666666,0.0
U_2625339,0.0,0.0,100.0,0.0
U_32828263,100.0,0.0,0.0,0.0
U_30608216,0.0,100.0,0.0,0.0
U_25261640,100.0,0.0,0.0,0.0
U_33006907,25.0,25.0,25.0,25.0
U_28715339,0.0,100.0,0.0,0.0
U_34788406,100.0,0.0,0.0,0.0
U_35261719,100.0,0.0,0.0,0.0
U_35262000,80.0,5.0,15.0,0.0
U_35262225,14.285714285714285,0.0,85.71428571428571,0.0
U_12600570,100.0,0.0,0.0,0.0
U_33318784,33.33333333333333,0.0,66.66666666666666,0.0
U_26336357,100.0,0.0,0.0,0.0
U_30349549,66.66666666666666,0.0,33.33333333333333,0.0
U_33895402,0.0,0.0,100.0,0.0
U_33166841,0.0,0.0,100.0,0.0
U_3299013,100.0,0.0,0.0,0.0
U_16482535,50.0,0.0,0.0,0.0
U_31174485,45.0,30.0,25.0,0.0
U_2152027,66.66666666666666,33.33333333333333,0.0,0.0
U_34614928,0.0,0.0,100.0,0.0
U_35264328,66.66666666666666,0.0,33.33333333333333,0.0
U_27369973,0.0,0.0,100.0,0.0
U_35264330,18.181818181818183,9.090909090909092,63.63636363636363,9.090909090909092
U_11352867,52.38095238095239,4.761904761904762,33.33333333333333,0.0
U_22249067,42.857142857142854,14.285714285714285,42.857142857142854,0.0
U_12465260,100.0,0.0,0.0,0.0
U_31160832,40.0,20.0,40.0,0.0
U_4236450,100.0,0.0,0.0,0.0
U_35256514,100.0,0.0,0.0,0.0
U_34698224,83.9506172839506,7.4074074074074066,8.641975308641975,0.0
U_33849747,0.0,0.0,100.0,0.0
U_33492086,100.0,0.0,0.0,0.0
U_35114260,0.0,0.0,100.0,0.0
U_19104570,100.0,0.0,0.0,0.0
U_14287733,0.0,100.0,0.0,0.0
U_35033397,0.0,0.0,76.92307692307693,0.0
U_35270546,25.0,25.0,50.0,0.0
U_34828258,100.0,0.0,0.0,0.0
U_35278291,66.66666666666666,0.0,33.33333333333333,0.0
U_35269683,0.0,0.0,100.0,0.0
U_35278590,100.0,0.0,0.0,0.0
U_33202808,0.0,0.0,0.0,100.0
U_35252962,0.0,0.0,83.33333333333334,5.555555555555555
U_7559129,100.0,0.0,0.0,0.0
U_35212908,0.0,0.0,87.5,6.25
U_33983838,100.0,0.0,0.0,0.0
U_12249345,0.0,0.0,100.0,0.0
U_31278469,100.0,0.0,0.0,0.0
U_12697431,40.0,0.0,60.0,0.0
U_35261127,0.0,20.0,60.0,20.0
U_17863047,100.0,0.0,0.0,0.0
U_21348660,0.0,0.0,50.0,0.0
U_23997931,60.0,20.0,20.0,0.0
U_33190880,66.66666666666666,0.0,0.0,33.33333333333333
U_34684904,0.0,0.0,0.0,0.0
U_35242937,100.0,0.0,0.0,0.0
U_34131170,0.0,0.0,100.0,0.0
U_35281464,100.0,0.0,0.0,0.0
U_35162949,66.66666666666666,0.0,0.0,33.33333333333333
U_28981765,100.0,0.0,0.0,0.0
U_9624929,0.0,100.0,0.0,0.0
U_34541938,0.0,16.666666666666664,66.66666666666666,0.0
U_32306399,0.0,0.0,100.0,0.0
U_34319985,0.0,0.0,83.33333333333334,16.666666666666664
U_35283240,100.0,0.0,0.0,0.0
U_26322332,0.0,0.0,100.0,0.0
U_30636716,0.0,100.0,0.0,0.0
U_33863293,0.0,10.0,45.0,10.0
U_15369030,50.0,50.0,0.0,0.0
U_34764028,0.0,0.0,50.0,0.0
U_13503823,50.0,0.0,50.0,0.0
U_31087688,100.0,0.0,0.0,0.0
U_206437,100.0,0.0,0.0,0.0
U_34203504,0.0,0.0,100.0,0.0
U_29273893,100.0,0.0,0.0,0.0
U_35286446,0.0,0.0,100.0,0.0
U_35278606,64.70588235294117,0.0,35.294117647058826,0.0
U_8386005,0.0,100.0,0.0,0.0
U_33983593,100.0,0.0,0.0,0.0
U_13342831,100.0,0.0,0.0,0.0
U_35286316,100.0,0.0,0.0,0.0
U_34295634,0.0,0.0,100.0,0.0
U_34175338,0.0,50.0,50.0,0.0
U_34833958,100.0,0.0,0.0,0.0
U_32588478,16.666666666666664,33.33333333333333,50.0,0.0
U_30847768,100.0,0.0,0.0,0.0
U_34487263,100.0,0.0,0.0,0.0
U_32058989,90.0,10.0,0.0,0.0
U_35287565,100.0,0.0,0.0,0.0
U_31826197,50.0,50.0,0.0,0.0
U_28583006,0.0,33.33333333333333,0.0,33.33333333333333
U_35264100,0.0,0.0,0.0,100.0
U_35286260,0.0,0.0,0.0,0.0
U_30386103,33.33333333333333,66.66666666666666,0.0,0.0
U_32548907,0.0,6.25,75.0,0.0
U_35094472,0.0,100.0,0.0,0.0
U_33165239,33.33333333333333,0.0,33.33333333333333,0.0
U_32173818,69.23076923076923,0.0,15.384615384615385,0.0
U_17515396,100.0,0.0,0.0,0.0
U_180753,100.0,0.0,0.0,0.0
U_31403559,66.66666666666666,0.0,33.33333333333333,0.0
U_31939888,100.0,0.0,0.0,0.0
U_32826039,33.33333333333333,0.0,50.0,16.666666666666664
U_35315338,1.6129032258064515,45.16129032258064,33.87096774193548,1.6129032258064515
U_34892342,0.0,0.0,100.0,0.0
U_35315447,100.0,0.0,0.0,0.0
U_6755004,0.0,0.0,100.0,0.0
U_35307439,0.0,0.0,0.0,100.0
U_12476464,100.0,0.0,0.0,0.0
U_35288083,50.0,50.0,0.0,0.0
U_16211611,0.0,0.0,0.0,0.0
U_35050285,0.0,11.11111111111111,55.55555555555556,0.0
U_7344593,50.0,37.5,12.5,0.0
U_15533266,100.0,0.0,0.0,0.0
U_34021480,66.66666666666666,0.0,26.666666666666668,0.0
U_2028923,100.0,0.0,0.0,0.0
U_34974282,0.0,0.0,80.0,20.0
U_31401291,33.33333333333333,0.0,66.66666666666666,0.0
U_29464696,100.0,0.0,0.0,0.0
U_30702079,0.0,100.0,0.0,0.0
U_14484908,77.77777777777779,22.22222222222222,0.0,0.0
U_2839268,0.0,100.0,0.0,0.0
U_11555109,100.0,0.0,0.0,0.0
U_22149490,0.0,0.0,100.0,0.0
U_1212113,50.0,25.0,25.0,0.0
U_35262246,0.0,0.0,0.0,0.0
U_8112749,100.0,0.0,0.0,0.0
U_35361498,100.0,0.0,0.0,0.0
U_30654561,100.0,0.0,0.0,0.0
U_22893274,55.55555555555556,11.11111111111111,33.33333333333333,0.0
U_35366692,100.0,0.0,0.0,0.0
U_35224547,100.0,0.0,0.0,0.0
U_35301763,100.0,0.0,0.0,0.0
U_35341576,100.0,0.0,0.0,0.0
U_26354537,80.0,20.0,0.0,0.0
U_3411704,16.666666666666664,66.66666666666666,16.666666666666664,0.0
U_8877479,13.333333333333334,53.333333333333336,26.666666666666668,6.666666666666667
U_12233728,100.0,0.0,0.0,0.0
U_33553734,0.0,100.0,0.0,0.0
U_8772700,83.33333333333334,0.0,16.666666666666664,0.0
U_31740208,100.0,0.0,0.0,0.0
U_33635965,100.0,0.0,0.0,0.0
U_35244897,0.0,0.0,100.0,0.0
U_33988075,80.0,0.0,20.0,0.0
U_35078697,45.45454545454545,9.090909090909092,9.090909090909092,36.36363636363637
U_15030739,100.0,0.0,0.0,0.0
U_4127216,100.0,0.0,0.0,0.0
U_30639148,80.0,0.0,20.0,0.0
U_17016153,37.5,12.5,37.5,12.5
U_35278121,100.0,0.0,0.0,0.0
U_15540093,0.0,100.0,0.0,0.0
U_1167820,100.0,0.0,0.0,0.0
U_30996490,100.0,0.0,0.0,0.0
U_29014961,50.0,0.0,0.0,50.0
U_32144587,66.66666666666666,0.0,33.33333333333333,0.0
U_13362929,90.0,0.0,10.0,0.0
U_28112176,0.0,0.0,100.0,0.0
U_15493007,50.0,0.0,50.0,0.0
U_35318704,100.0,0.0,0.0,0.0
U_34274759,100.0,0.0,0.0,0.0
U_35094020,85.71428571428571,0.0,14.285714285714285,0.0
U_33859128,66.66666666666666,0.0,33.33333333333333,0.0
U_35338476,80.0,0.0,20.0,0.0
U_106705,100.0,0.0,0.0,0.0
U_16098334,100.0,0.0,0.0,0.0
U_17035431,0.0,100.0,0.0,0.0
U_35411185,64.28571428571429,21.428571428571427,0.0,0.0
U_23493160,0.0,100.0,0.0,0.0
U_33398764,0.0,0.0,100.0,0.0
U_22892462,100.0,0.0,0.0,0.0
U_12022225,0.0,0.0,100.0,0.0
U_34859256,100.0,0.0,0.0,0.0
U_35416850,20.0,60.0,20.0,0.0
U_34939239,0.0,0.0,100.0,0.0
U_34223876,50.0,0.0,37.5,0.0
U_35143142,0.0,100.0,0.0,0.0
U_32211737,0.0,0.0,100.0,0.0
U_28083470,0.0,0.0,66.66666666666666,33.33333333333333
U_25722485,100.0,0.0,0.0,0.0
U_27954272,0.0,0.0,100.0,0.0
U_1192259,12.0,32.0,0.0,0.0
U_11883616,0.0,100.0,0.0,0.0
U_35235193,0.0,0.0,66.66666666666666,33.33333333333333
U_35402696,0.0,15.384615384615385,76.92307692307693,0.0
U_31113150,66.66666666666666,33.33333333333333,0.0,0.0
U_35452099,100.0,0.0,0.0,0.0
U_10711104,66.66666666666666,33.33333333333333,0.0,0.0
U_15329624,75.0,25.0,0.0,0.0
U_34275825,0.0,0.0,100.0,0.0
U_10933146,100.0,0.0,0.0,0.0
U_159288,25.0,50.0,0.0,25.0
U_35462301,100.0,0.0,0.0,0.0
U_4469446,100.0,0.0,0.0,0.0
U_12594083,100.0,0.0,0.0,0.0
U_16570679,100.0,0.0,0.0,0.0
U_3765587,0.0,0.0,50.0,50.0
U_14917436,100.0,0.0,0.0,0.0
U_11147924,50.0,0.0,50.0,0.0
U_1329574,62.5,25.0,12.5,0.0
U_35225996,100.0,0.0,0.0,0.0
U_34693715,100.0,0.0,0.0,0.0
U_34810383,66.66666666666666,0.0,33.33333333333333,0.0
U_28435202,100.0,0.0,0.0,0.0
U_35473536,0.0,0.0,66.66666666666666,0.0
U_35053606,0.0,100.0,0.0,0.0
U_33526165,0.0,50.0,50.0,0.0
U_29590050,0.0,60.0,40.0,0.0
U_32065846,100.0,0.0,0.0,0.0
U_1712847,0.0,33.33333333333333,66.66666666666666,0.0
U_10925553,0.0,100.0,0.0,0.0
U_35371507,66.66666666666666,33.33333333333333,0.0,0.0
U_31418409,0.0,0.0,0.0,0.0
U_25838969,0.0,0.0,100.0,0.0
U_35422347,0.0,100.0,0.0,0.0
U_33066926,100.0,0.0,0.0,0.0
U_35469400,100.0,0.0,0.0,0.0
U_31816232,0.0,0.0,40.0,0.0
U_11680710,100.0,0.0,0.0,0.0
U_31771598,28.57142857142857,28.57142857142857,28.57142857142857,14.285714285714285
U_34711258,0.0,0.0,100.0,0.0
U_15849296,50.0,0.0,50.0,0.0
U_14920843,100.0,0.0,0.0,0.0
U_35476469,0.0,0.0,100.0,0.0
U_35476700,100.0,0.0,0.0,0.0
U_35476415,100.0,0.0,0.0,0.0
U_35476751,100.0,0.0,0.0,0.0
U_22712701,100.0,0.0,0.0,0.0
U_12656701,100.0,0.0,0.0,0.0
U_34833722,0.0,0.0,100.0,0.0
U_34231604,20.0,20.0,60.0,0.0
U_33166860,0.0,0.0,100.0,0.0
U_35437830,57.14285714285714,42.857142857142854,0.0,0.0
U_229623,100.0,0.0,0.0,0.0
U_34845204,0.0,0.0,100.0,0.0
U_24727079,100.0,0.0,0.0,0.0
U_16507837,100.0,0.0,0.0,0.0
U_34917196,0.0,100.0,0.0,0.0
U_35161250,100.0,0.0,0.0,0.0
U_11206269,55.00000000000001,20.0,15.0,0.0
U_35498499,0.0,28.35820895522388,46.26865671641791,0.0
U_34795450,100.0,0.0,0.0,0.0
U_35167435,0.0,0.0,100.0,0.0
U_33183145,0.0,100.0,0.0,0.0
U_13783103,0.0,0.0,100.0,0.0
U_34195085,100.0,0.0,0.0,0.0
U_35505293,85.71428571428571,0.0,14.285714285714285,0.0
U_1116367,100.0,0.0,0.0,0.0
U_9822123,66.66666666666666,0.0,33.33333333333333,0.0
U_34357053,0.0,0.0,100.0,0.0
U_35424502,50.0,50.0,0.0,0.0
U_12936651,0.0,0.0,30.0,0.0
U_30683622,60.0,0.0,40.0,0.0
U_35506040,0.0,0.0,100.0,0.0
U_1999053,50.0,0.0,0.0,0.0
U_27930020,100.0,0.0,0.0,0.0
U_11381631,0.0,0.0,0.0,100.0
U_35517520,100.0,0.0,0.0,0.0
U_28109359,0.0,100.0,0.0,0.0
U_16202747,100.0,0.0,0.0,0.0
U_33798268,0.0,0.0,100.0,0.0
U_794573,0.0,0.0,66.66666666666666,33.33333333333333
U_35246334,0.0,100.0,0.0,0.0
U_35522566,100.0,0.0,0.0,0.0
U_12542186,0.0,50.0,50.0,0.0
U_13353035,100.0,0.0,0.0,0.0
U_15144594,0.0,0.0,0.0,0.0
U_928478,0.0,0.0,100.0,0.0
U_31868462,100.0,0.0,0.0,0.0
U_35524858,100.0,0.0,0.0,0.0
U_9618520,0.0,0.0,20.0,0.0
U_35512645,0.0,50.0,50.0,0.0
U_13839155,100.0,0.0,0.0,0.0
U_33491671,0.0,0.0,100.0,0.0
U_5505865,100.0,0.0,0.0,0.0
U_34624441,84.61538461538461,3.8461538461538463,9.615384615384617,1.9230769230769231
U_35088175,100.0,0.0,0.0,0.0
U_33510625,0.0,0.0,40.0,60.0
U_15401820,0.0,0.0,100.0,0.0
U_35508880,0.0,0.0,100.0,0.0
U_35530434,0.0,100.0,0.0,0.0
U_2752065,66.66666666666666,33.33333333333333,0.0,0.0
U_29826639,100.0,0.0,0.0,0.0
U_35531317,0.0,0.0,100.0,0.0
U_33979974,0.0,0.0,50.0,50.0
U_34278412,66.66666666666666,33.33333333333333,0.0,0.0
U_35285539,81.48148148148148,3.7037037037037033,14.814814814814813,0.0
U_33978046,0.0,100.0,0.0,0.0
U_35532030,66.66666666666666,0.0,33.33333333333333,0.0
U_15757610,50.0,0.0,50.0,0.0
U_28649347,75.0,25.0,0.0,0.0
U_1758495,0.0,100.0,0.0,0.0
U_35473902,38.88888888888889,16.666666666666664,44.44444444444444,0.0
U_35532422,0.0,66.66666666666666,33.33333333333333,0.0
U_33907060,0.0,100.0,0.0,0.0
U_14748549,0.0,100.0,0.0,0.0
U_13047634,100.0,0.0,0.0,0.0
U_12316253,100.0,0.0,0.0,0.0
U_33753382,100.0,0.0,0.0,0.0
U_9739657,0.0,100.0,0.0,0.0
U_34357220,0.0,0.0,81.81818181818183,9.090909090909092
U_11319968,20.0,0.0,60.0,20.0
U_15321785,0.0,100.0,0.0,0.0
U_17663753,0.0,0.0,100.0,0.0
U_35254924,100.0,0.0,0.0,0.0
U_34971206,25.0,0.0,25.0,50.0
U_8741283,50.0,50.0,0.0,0.0
U_35077751,0.0,75.0,25.0,0.0
U_35535223,100.0,0.0,0.0,0.0
U_15772313,0.0,100.0,0.0,0.0
U_32520397,0.0,100.0,0.0,0.0
U_31549541,100.0,0.0,0.0,0.0
U_35533785,75.0,0.0,25.0,0.0
U_35535820,0.0,0.0,100.0,0.0
U_31228958,100.0,0.0,0.0,0.0
U_35354561,0.0,20.0,80.0,0.0
U_11629345,100.0,0.0,0.0,0.0
U_35143911,0.0,0.0,100.0,0.0
U_23526379,100.0,0.0,0.0,0.0
U_32060097,14.285714285714285,0.0,57.14285714285714,14.285714285714285
U_15308095,0.0,0.0,100.0,0.0
U_1392959,0.0,0.0,100.0,0.0
U_35542222,0.0,0.0,100.0,0.0
U_35531937,80.0,20.0,0.0,0.0
U_28790298,100.0,0.0,0.0,0.0
U_28928885,0.0,0.0,100.0,0.0
U_29492948,85.71428571428571,0.0,14.285714285714285,0.0
U_14071971,100.0,0.0,0.0,0.0
U_1370143,0.0,0.0,100.0,0.0
U_1085169,100.0,0.0,0.0,0.0
U_33213900,0.0,0.0,100.0,0.0
U_31992374,0.0,50.0,50.0,0.0
U_32059040,0.0,25.0,75.0,0.0
U_2378327,100.0,0.0,0.0,0.0
U_35437500,50.0,0.0,50.0,0.0
U_35575442,37.9746835443038,27.848101265822784,27.848101265822784,1.2658227848101267
U_31482870,100.0,0.0,0.0,0.0
U_16413246,100.0,0.0,0.0,0.0
U_1080579,40.0,40.0,0.0,0.0
U_35570455,100.0,0.0,0.0,0.0
U_32307899,100.0,0.0,0.0,0.0
U_33317819,66.66666666666666,0.0,33.33333333333333,0.0
U_35188933,0.0,0.0,100.0,0.0
U_12947697,100.0,0.0,0.0,0.0
U_35595264,100.0,0.0,0.0,0.0
U_35535427,100.0,0.0,0.0,0.0
U_12593684,100.0,0.0,0.0,0.0
U_15066273,100.0,0.0,0.0,0.0
U_19816199,0.0,100.0,0.0,0.0
U_34168071,100.0,0.0,0.0,0.0
U_35557336,0.0,0.0,80.0,20.0
U_4034786,100.0,0.0,0.0,0.0
U_21238076,0.0,0.0,0.0,100.0
U_34945245,50.0,50.0,0.0,0.0
U_6011677,0.0,0.0,83.33333333333334,0.0
U_35605340,100.0,0.0,0.0,0.0
U_29019568,100.0,0.0,0.0,0.0
U_35607168,100.0,0.0,0.0,0.0
U_35509231,75.0,0.0,25.0,0.0
U_1828566,100.0,0.0,0.0,0.0
U_30840521,100.0,0.0,0.0,0.0
U_3556027,100.0,0.0,0.0,0.0
U_15145388,100.0,0.0,0.0,0.0
U_34943646,0.0,0.0,0.0,0.0
U_33821547,0.0,0.0,0.0,100.0
U_4156454,100.0,0.0,0.0,0.0
U_35535776,50.0,50.0,0.0,0.0
U_15209076,100.0,0.0,0.0,0.0
U_35148219,66.66666666666666,0.0,33.33333333333333,0.0
U_35357884,66.66666666666666,0.0,0.0,0.0
U_33821563,75.0,0.0,25.0,0.0
U_35522568,0.0,0.0,100.0,0.0
U_34264893,0.0,0.0,100.0,0.0
U_12060504,0.0,0.0,0.0,0.0
U_5933845,100.0,0.0,0.0,0.0
U_35047844,0.0,0.0,85.71428571428571,14.285714285714285
U_12287155,33.33333333333333,0.0,0.0,0.0
U_16745440,0.0,0.0,0.0,100.0
U_6588954,100.0,0.0,0.0,0.0
U_129347,100.0,0.0,0.0,0.0
U_35623022,0.0,0.0,50.0,0.0
U_35628669,77.77777777777779,0.0,22.22222222222222,0.0
U_32851662,100.0,0.0,0.0,0.0
U_28285597,0.0,0.0,100.0,0.0
U_14192454,58.333333333333336,25.0,16.666666666666664,0.0
U_28997683,100.0,0.0,0.0,0.0
U_25873223,0.0,0.0,100.0,0.0
U_7877041,0.0,50.0,50.0,0.0
U_35474650,0.0,33.33333333333333,66.66666666666666,0.0
U_15313166,100.0,0.0,0.0,0.0
U_35619705,100.0,0.0,0.0,0.0
U_31229630,100.0,0.0,0.0,0.0
U_28168036,0.0,0.0,100.0,0.0
U_35638273,50.0,0.0,50.0,0.0
U_35190235,100.0,0.0,0.0,0.0
U_33523662,0.0,0.0,100.0,0.0
U_35164212,0.0,0.0,0.0,0.0
U_18486011,0.0,0.0,100.0,0.0
U_20277234,100.0,0.0,0.0,0.0
U_32211939,100.0,0.0,0.0,0.0
U_35602321,0.0,0.0,33.33333333333333,33.33333333333333
U_10917953,0.0,0.0,100.0,0.0
U_34541250,0.0,3.7037037037037033,18.51851851851852,7.4074074074074066
U_32113217,0.0,0.0,0.0,0.0
U_12574573,0.0,0.0,68.0,0.0
U_3558066,0.0,100.0,0.0,0.0
U_13329406,100.0,0.0,0.0,0.0
U_32415970,100.0,0.0,0.0,0.0
U_35590036,100.0,0.0,0.0,0.0
U_8480288,66.66666666666666,33.33333333333333,0.0,0.0
U_15401675,100.0,0.0,0.0,0.0
U_35653415,0.0,100.0,0.0,0.0
U_28518198,0.0,0.0,100.0,0.0
U_35594680,0.0,100.0,0.0,0.0
U_35654641,100.0,0.0,0.0,0.0
U_35654837,100.0,0.0,0.0,0.0
U_34078924,100.0,0.0,0.0,0.0
U_24855617,0.0,0.0,100.0,0.0
U_35634405,0.0,13.333333333333334,33.33333333333333,0.0
U_7322145,0.0,4.0,14.000000000000002,0.0
U_35507668,0.0,0.0,100.0,0.0
U_28349898,100.0,0.0,0.0,0.0
U_6866748,100.0,0.0,0.0,0.0
U_35640568,100.0,0.0,0.0,0.0
U_1758207,0.0,0.0,100.0,0.0
U_25813067,0.0,0.0,100.0,0.0
U_14397406,100.0,0.0,0.0,0.0
U_29390102,100.0,0.0,0.0,0.0
U_35657518,60.0,26.666666666666668,13.333333333333334,0.0
U_35657182,0.0,60.0,40.0,0.0
U_474243,76.92307692307693,7.6923076923076925,0.0,0.0
U_784086,0.0,100.0,0.0,0.0
U_35549120,66.66666666666666,16.666666666666664,0.0,16.666666666666664
U_35633611,100.0,0.0,0.0,0.0
U_33825060,0.0,100.0,0.0,0.0
U_32085834,100.0,0.0,0.0,0.0
U_35535100,100.0,0.0,0.0,0.0
U_11091072,0.0,100.0,0.0,0.0
U_17662983,33.33333333333333,33.33333333333333,33.33333333333333,0.0
U_24495120,100.0,0.0,0.0,0.0
U_11520517,0.0,30.76923076923077,53.84615384615385,7.6923076923076925
U_8339603,20.0,20.0,40.0,0.0
U_32100012,0.0,0.0,100.0,0.0
U_30640908,100.0,0.0,0.0,0.0
U_2231096,100.0,0.0,0.0,0.0
U_7712155,100.0,0.0,0.0,0.0
U_11857204,100.0,0.0,0.0,0.0
U_34958495,50.0,50.0,0.0,0.0
U_29314610,0.0,0.0,83.33333333333334,16.666666666666664
U_30622169,100.0,0.0,0.0,0.0
U_12915825,0.0,0.0,0.0,0.0
U_35670300,100.0,0.0,0.0,0.0
U_35670995,50.0,0.0,50.0,0.0
U_35668079,57.14285714285714,28.57142857142857,14.285714285714285,0.0
U_29011074,0.0,0.0,100.0,0.0
U_23185762,66.66666666666666,0.0,33.33333333333333,0.0
U_31090757,0.0,0.0,100.0,0.0
U_22218603,100.0,0.0,0.0,0.0
U_15394159,0.0,100.0,0.0,0.0
U_34923800,0.0,0.0,100.0,0.0
U_32547876,100.0,0.0,0.0,0.0
U_31030063,0.0,100.0,0.0,0.0
U_35189928,0.0,0.0,100.0,0.0
U_25885804,50.0,0.0,50.0,0.0
U_35634731,0.0,100.0,0.0,0.0
U_5275494,66.66666666666666,0.0,16.666666666666664,16.666666666666664
U_34699207,33.33333333333333,0.0,66.66666666666666,0.0
U_34323540,0.0,0.0,95.45454545454545,0.0
U_15832353,100.0,0.0,0.0,0.0
U_11717819,94.11764705882352,0.0,5.88235294117647,0.0
U_29057219,100.0,0.0,0.0,0.0
U_35438830,50.0,33.33333333333333,16.666666666666664,0.0
U_29248555,46.666666666666664,0.0,46.666666666666664,0.0
U_11060508,100.0,0.0,0.0,0.0
U_28874014,50.0,0.0,50.0,0.0
U_29001660,100.0,0.0,0.0,0.0
U_14334062,100.0,0.0,0.0,0.0
U_16186570,100.0,0.0,0.0,0.0
U_33968779,0.0,30.76923076923077,69.23076923076923,0.0
U_32421315,100.0,0.0,0.0,0.0
U_973775,100.0,0.0,0.0,0.0
U_35664709,50.0,0.0,0.0,0.0
U_28319051,11.11111111111111,66.66666666666666,11.11111111111111,0.0
U_4035831,0.0,100.0,0.0,0.0
U_35669220,100.0,0.0,0.0,0.0
U_16017882,100.0,0.0,0.0,0.0
U_32054978,100.0,0.0,0.0,0.0
U_32340795,100.0,0.0,0.0,0.0
U_35545575,100.0,0.0,0.0,0.0
U_33777786,0.0,0.0,100.0,0.0
U_34689267,0.0,0.0,0.0,100.0
U_3856634,0.0,0.0,100.0,0.0
U_34354939,100.0,0.0,0.0,0.0
U_33166586,100.0,0.0,0.0,0.0
U_11071928,100.0,0.0,0.0,0.0
U_34737817,0.0,0.0,100.0,0.0
U_33526482,0.0,0.0,57.14285714285714,42.857142857142854
U_35681903,100.0,0.0,0.0,0.0
U_12288817,0.0,37.5,37.5,25.0
U_35682145,50.0,0.0,50.0,0.0
U_26697334,75.0,0.0,0.0,25.0
U_20798820,100.0,0.0,0.0,0.0
U_35682620,60.0,30.0,0.0,10.0
U_35663474,100.0,0.0,0.0,0.0
U_13438962,0.0,0.0,100.0,0.0
U_30926456,100.0,0.0,0.0,0.0
U_35630154,0.0,50.0,50.0,0.0
U_33895463,0.0,0.0,100.0,0.0
U_3488536,27.27272727272727,54.54545454545454,18.181818181818183,0.0
U_35683175,85.71428571428571,0.0,0.0,0.0
U_35220855,85.71428571428571,0.0,0.0,14.285714285714285
U_25260958,100.0,0.0,0.0,0.0
U_16581282,50.0,0.0,50.0,0.0
U_12343851,50.0,0.0,50.0,0.0
U_7024663,100.0,0.0,0.0,0.0
U_35686098,0.0,0.0,100.0,0.0
U_13568858,100.0,0.0,0.0,0.0
U_35383342,100.0,0.0,0.0,0.0
U_35684798,100.0,0.0,0.0,0.0
U_15455572,100.0,0.0,0.0,0.0
U_35685913,66.66666666666666,0.0,0.0,0.0
U_34329516,66.66666666666666,0.0,33.33333333333333,0.0
U_22822233,0.0,0.0,100.0,0.0
U_31750890,100.0,0.0,0.0,0.0
U_28656190,66.66666666666666,0.0,16.666666666666664,16.666666666666664
U_35680986,33.33333333333333,25.0,25.0,16.666666666666664
U_35684343,100.0,0.0,0.0,0.0
U_27361239,50.0,50.0,0.0,0.0
U_35100190,0.0,33.33333333333333,66.66666666666666,0.0
U_32249128,100.0,0.0,0.0,0.0
U_19774531,100.0,0.0,0.0,0.0
U_35669214,0.0,0.0,0.0,0.0
U_25262308,100.0,0.0,0.0,0.0
U_35639623,0.0,0.0,100.0,0.0
U_35653675,100.0,0.0,0.0,0.0
U_34710989,0.0,0.0,100.0,0.0
U_8806107,100.0,0.0,0.0,0.0
U_11153954,33.33333333333333,0.0,0.0,66.66666666666666
U_14533388,0.0,0.0,75.0,25.0
U_35638565,80.0,20.0,0.0,0.0
U_35675938,33.33333333333333,33.33333333333333,33.33333333333333,0.0
U_13315759,100.0,0.0,0.0,0.0
U_35688764,0.0,0.0,100.0,0.0
U_29279516,0.0,25.0,75.0,0.0
U_10910957,50.0,50.0,0.0,0.0
U_34335754,0.0,0.0,100.0,0.0
U_25880100,100.0,0.0,0.0,0.0
U_33908272,75.0,0.0,0.0,25.0
U_13806503,83.33333333333334,16.666666666666664,0.0,0.0
U_15282612,100.0,0.0,0.0,0.0
U_33906900,100.0,0.0,0.0,0.0
U_2116243,0.0,0.0,75.0,0.0
U_15268475,100.0,0.0,0.0,0.0
U_28506717,0.0,33.33333333333333,33.33333333333333,33.33333333333333
U_35476515,55.55555555555556,0.0,44.44444444444444,0.0
U_35691927,62.5,0.0,37.5,0.0
U_14189661,100.0,0.0,0.0,0.0
U_33967487,100.0,0.0,0.0,0.0
U_33805565,0.0,0.0,100.0,0.0
U_1177043,66.66666666666666,0.0,0.0,33.33333333333333
U_35366322,0.0,0.0,100.0,0.0
U_33392611,0.0,0.0,100.0,0.0
U_35692400,100.0,0.0,0.0,0.0
U_34210580,100.0,0.0,0.0,0.0
U_35692419,100.0,0.0,0.0,0.0
U_35672102,100.0,0.0,0.0,0.0
U_33782275,33.33333333333333,0.0,33.33333333333333,0.0
U_32079436,12.5,62.5,25.0,0.0
U_35691001,0.0,0.0,100.0,0.0
U_34288573,100.0,0.0,0.0,0.0
U_28116361,100.0,0.0,0.0,0.0
U_22155874,100.0,0.0,0.0,0.0
U_35693730,50.0,0.0,50.0,0.0
U_34478920,100.0,0.0,0.0,0.0
U_2505038,100.0,0.0,0.0,0.0
U_15917775,87.5,6.25,0.0,0.0
U_31117561,100.0,0.0,0.0,0.0
U_16702225,100.0,0.0,0.0,0.0
U_13451724,100.0,0.0,0.0,0.0
U_35677897,40.0,20.0,40.0,0.0
U_35493014,0.0,0.0,100.0,0.0
U_4463468,100.0,0.0,0.0,0.0
U_35688409,84.61538461538461,0.0,7.6923076923076925,0.0
U_35719659,0.0,0.0,50.0,0.0
U_34892153,100.0,0.0,0.0,0.0
U_13788886,100.0,0.0,0.0,0.0
U_32965518,100.0,0.0,0.0,0.0
U_13317365,50.0,0.0,50.0,0.0
U_35634592,100.0,0.0,0.0,0.0
U_32133888,20.0,60.0,20.0,0.0
U_32052526,0.0,0.0,100.0,0.0
U_33776966,0.0,0.0,100.0,0.0
U_34711891,100.0,0.0,0.0,0.0
U_35604354,88.23529411764706,11.76470588235294,0.0,0.0
U_35739403,100.0,0.0,0.0,0.0
U_14517499,57.14285714285714,0.0,14.285714285714285,0.0
U_10768492,100.0,0.0,0.0,0.0
U_35278264,0.0,0.0,100.0,0.0
U_31740620,0.0,0.0,100.0,0.0
U_35722848,0.0,100.0,0.0,0.0
U_35756055,0.0,0.0,100.0,0.0
U_35587167,100.0,0.0,0.0,0.0
U_33436808,0.0,0.0,100.0,0.0
U_35759857,100.0,0.0,0.0,0.0
U_33839558,0.0,0.0,100.0,0.0
U_28390320,66.66666666666666,16.666666666666664,16.666666666666664,0.0
U_6312449,100.0,0.0,0.0,0.0
U_10384964,93.10344827586206,0.0,3.4482758620689653,3.4482758620689653
U_35762589,100.0,0.0,0.0,0.0
U_15163133,100.0,0.0,0.0,0.0
U_31116850,0.0,100.0,0.0,0.0
U_34582616,0.0,0.0,100.0,0.0
U_35741205,100.0,0.0,0.0,0.0
U_32417758,57.14285714285714,0.0,42.857142857142854,0.0
U_32076798,100.0,0.0,0.0,0.0
U_35215670,0.0,0.0,100.0,0.0
U_35740719,100.0,0.0,0.0,0.0
U_35220830,100.0,0.0,0.0,0.0
U_35670271,0.0,0.0,100.0,0.0
U_1598175,50.0,0.0,50.0,0.0
U_35605929,66.66666666666666,0.0,33.33333333333333,0.0
U_35762218,100.0,0.0,0.0,0.0
U_33183166,100.0,0.0,0.0,0.0
U_13924381,100.0,0.0,0.0,0.0
U_7438019,100.0,0.0,0.0,0.0
U_35769555,100.0,0.0,0.0,0.0
U_21060466,16.666666666666664,33.33333333333333,50.0,0.0
U_35770018,0.0,50.0,50.0,0.0
U_34487139,100.0,0.0,0.0,0.0
U_15310690,20.0,20.0,60.0,0.0
U_34223451,0.0,100.0,0.0,0.0
U_35769789,0.0,24.489795918367346,38.775510204081634,2.0408163265306123
U_35652179,0.0,0.0,100.0,0.0
U_35770355,20.0,20.0,60.0,0.0
U_29346750,100.0,0.0,0.0,0.0
U_35256895,100.0,0.0,0.0,0.0
U_13933588,100.0,0.0,0.0,0.0
U_15808325,100.0,0.0,0.0,0.0
U_30995850,100.0,0.0,0.0,0.0
U_25343094,50.0,50.0,0.0,0.0
U_15353438,100.0,0.0,0.0,0.0
U_12429702,0.0,100.0,0.0,0.0
U_4964613,0.0,50.0,50.0,0.0
U_32381933,100.0,0.0,0.0,0.0
U_35667155,0.0,50.0,0.0,50.0
U_13078957,80.0,0.0,0.0,20.0
U_35794034,100.0,0.0,0.0,0.0
U_18078878,100.0,0.0,0.0,0.0
U_35798157,0.0,0.0,100.0,0.0
U_35798189,100.0,0.0,0.0,0.0
U_35692579,0.0,0.0,100.0,0.0
U_35800518,0.0,0.0,100.0,0.0
U_13965863,33.33333333333333,16.666666666666664,33.33333333333333,0.0
U_33339902,0.0,0.0,100.0,0.0
U_35722493,100.0,0.0,0.0,0.0
U_7436123,33.33333333333333,0.0,66.66666666666666,0.0
U_35163360,100.0,0.0,0.0,0.0
U_35813092,0.0,0.0,100.0,0.0
U_5191242,0.0,0.0,75.0,25.0
U_2785336,100.0,0.0,0.0,0.0
U_33494672,85.71428571428571,14.285714285714285,0.0,0.0
U_84409,0.0,100.0,0.0,0.0
U_34208190,100.0,0.0,0.0,0.0
U_35684667,100.0,0.0,0.0,0.0
U_26314492,100.0,0.0,0.0,0.0
U_35826772,0.0,0.0,100.0,0.0
U_35159070,0.0,0.0,100.0,0.0
U_35282133,83.33333333333334,16.666666666666664,0.0,0.0
U_33065746,32.608695652173914,8.695652173913043,19.565217391304348,28.26086956521739
U_2332745,100.0,0.0,0.0,0.0
U_18505691,0.0,0.0,50.0,0.0
U_33586583,0.0,0.0,100.0,0.0
U_12427741,100.0,0.0,0.0,0.0
U_7104608,100.0,0.0,0.0,0.0
U_34077199,80.0,0.0,20.0,0.0
U_35849010,100.0,0.0,0.0,0.0
U_35693025,100.0,0.0,0.0,0.0
U_22746039,100.0,0.0,0.0,0.0
U_28794303,50.0,0.0,50.0,0.0
U_16830149,100.0,0.0,0.0,0.0
U_35848304,20.0,0.0,60.0,20.0
U_35673479,83.33333333333334,0.0,16.666666666666664,0.0
U_35136336,0.0,0.0,100.0,0.0
U_34128160,0.0,0.0,100.0,0.0
U_10984049,100.0,0.0,0.0,0.0
U_4407577,100.0,0.0,0.0,0.0
U_35824073,0.0,100.0,0.0,0.0
U_35852103,100.0,0.0,0.0,0.0
U_29395702,100.0,0.0,0.0,0.0
U_13823933,0.0,0.0,9.090909090909092,0.0
U_27554054,0.0,0.0,100.0,0.0
U_10925610,100.0,0.0,0.0,0.0
U_35860911,0.0,33.33333333333333,66.66666666666666,0.0
U_35765356,0.0,0.0,100.0,0.0
U_23494056,100.0,0.0,0.0,0.0
U_15213749,100.0,0.0,0.0,0.0
U_35770605,100.0,0.0,0.0,0.0
U_35242361,100.0,0.0,0.0,0.0
U_35869850,100.0,0.0,0.0,0.0
U_15346708,0.0,0.0,83.33333333333334,0.0
U_31199124,100.0,0.0,0.0,0.0
U_14271111,0.0,60.0,40.0,0.0
U_35867875,18.181818181818183,54.54545454545454,27.27272727272727,0.0
U_35847493,0.0,0.0,100.0,0.0
U_28465530,100.0,0.0,0.0,0.0
U_25362079,0.0,100.0,0.0,0.0
U_35279316,0.0,33.33333333333333,66.66666666666666,0.0
U_35874928,100.0,0.0,0.0,0.0
U_31994446,0.0,0.0,100.0,0.0
U_33415020,100.0,0.0,0.0,0.0
U_35875493,100.0,0.0,0.0,0.0
U_35884310,0.0,0.0,100.0,0.0
U_34073636,100.0,0.0,0.0,0.0
U_35726666,0.0,0.0,100.0,0.0
U_4505708,100.0,0.0,0.0,0.0
U_35530147,60.0,20.0,20.0,0.0
U_32313498,100.0,0.0,0.0,0.0
U_31458,16.666666666666664,16.666666666666664,50.0,16.666666666666664
U_12449986,0.0,0.0,100.0,0.0
U_31146720,0.0,0.0,100.0,0.0
U_34966256,100.0,0.0,0.0,0.0
U_16883351,0.0,100.0,0.0,0.0
U_35849662,0.0,0.0,100.0,0.0
U_35891110,0.0,0.0,0.0,100.0
U_35892224,100.0,0.0,0.0,0.0
U_35892225,100.0,0.0,0.0,0.0
U_33211729,0.0,0.0,100.0,0.0
U_35885281,75.0,25.0,0.0,0.0
U_34023336,0.0,0.0,100.0,0.0
U_35763376,100.0,0.0,0.0,0.0
U_27405206,100.0,0.0,0.0,0.0
U_33128478,100.0,0.0,0.0,0.0
U_7221548,100.0,0.0,0.0,0.0
U_16550565,0.0,0.0,40.0,40.0
U_29093939,100.0,0.0,0.0,0.0
U_34208968,0.0,100.0,0.0,0.0
U_5953303,100.0,0.0,0.0,0.0
U_34688961,100.0,0.0,0.0,0.0
U_4606569,0.0,0.0,83.33333333333334,16.666666666666664
U_29100771,0.0,33.33333333333333,66.66666666666666,0.0
U_33400322,50.0,0.0,50.0,0.0
U_16290589,0.0,0.0,100.0,0.0
U_34530037,0.0,0.0,0.0,100.0
U_19947712,75.0,25.0,0.0,0.0
U_29422755,0.0,0.0,100.0,0.0
U_17462153,100.0,0.0,0.0,0.0
U_35402042,100.0,0.0,0.0,0.0
U_34935765,0.0,0.0,100.0,0.0
U_35648898,0.0,50.0,50.0,0.0
U_33735085,60.0,20.0,20.0,0.0
U_16370010,66.66666666666666,0.0,0.0,33.33333333333333
U_35588482,100.0,0.0,0.0,0.0
U_34407582,15.384615384615385,7.6923076923076925,53.84615384615385,15.384615384615385
U_35908012,0.0,0.0,50.0,0.0
U_32241682,100.0,0.0,0.0,0.0
U_28935407,50.0,50.0,0.0,0.0
U_12602438,100.0,0.0,0.0,0.0
U_33517957,0.0,4.3478260869565215,60.86956521739131,4.3478260869565215
U_35416041,0.0,0.0,100.0,0.0
U_22773294,60.0,40.0,0.0,0.0
U_35874547,100.0,0.0,0.0,0.0
U_7747031,50.0,50.0,0.0,0.0
U_12298642,0.0,100.0,0.0,0.0
U_35756443,0.0,0.0,50.0,0.0
U_35532925,100.0,0.0,0.0,0.0
U_35149638,88.88888888888889,0.0,11.11111111111111,0.0
U_35910187,100.0,0.0,0.0,0.0
U_31094835,100.0,0.0,0.0,0.0
U_35905294,0.0,100.0,0.0,0.0
U_34170767,57.14285714285714,0.0,42.857142857142854,0.0
U_11045436,100.0,0.0,0.0,0.0
U_16137407,54.54545454545454,4.545454545454546,31.818181818181817,9.090909090909092
U_33782431,0.0,0.0,100.0,0.0
U_30604365,100.0,0.0,0.0,0.0
U_32520647,100.0,0.0,0.0,0.0
U_16156123,0.0,0.0,100.0,0.0
U_35932251,0.0,100.0,0.0,0.0
U_34192331,0.0,100.0,0.0,0.0
U_10917931,0.0,14.285714285714285,85.71428571428571,0.0
U_2217737,10.0,40.0,0.0,50.0
U_35928214,0.0,0.0,17.24137931034483,0.0
U_14693233,100.0,0.0,0.0,0.0
U_33302391,0.0,0.0,100.0,0.0
U_12936939,0.0,100.0,0.0,0.0
U_23537227,50.0,50.0,0.0,0.0
U_33461338,100.0,0.0,0.0,0.0
U_33796907,0.0,100.0,0.0,0.0
U_35120212,100.0,0.0,0.0,0.0
U_35934837,100.0,0.0,0.0,0.0
U_35957522,94.11764705882352,0.0,5.88235294117647,0.0
U_35908965,0.0,0.0,100.0,0.0
U_35944337,33.33333333333333,0.0,0.0,66.66666666666666
U_108477,29.545454545454547,27.27272727272727,20.454545454545457,11.363636363636363
U_35959781,76.92307692307693,0.0,23.076923076923077,0.0
U_35476078,100.0,0.0,0.0,0.0
U_35666480,0.0,0.0,100.0,0.0
U_35668960,33.33333333333333,0.0,0.0,0.0
U_35961186,100.0,0.0,0.0,0.0
U_33908281,0.0,100.0,0.0,0.0
U_29621123,0.0,100.0,0.0,0.0
U_33456607,0.0,0.0,66.66666666666666,33.33333333333333
U_4367011,100.0,0.0,0.0,0.0
U_14634035,100.0,0.0,0.0,0.0
U_34556017,0.0,0.0,0.0,50.0
U_16622020,66.66666666666666,33.33333333333333,0.0,0.0
U_35858451,100.0,0.0,0.0,0.0
U_33988005,0.0,0.0,0.0,100.0
U_24154155,0.0,0.0,100.0,0.0
U_562251,0.0,50.0,50.0,0.0
U_11615999,25.0,0.0,50.0,0.0
U_14066803,100.0,0.0,0.0,0.0
U_31232166,100.0,0.0,0.0,0.0
U_35906784,0.0,0.0,50.0,50.0
U_35981777,0.0,0.0,0.0,100.0
U_32427107,100.0,0.0,0.0,0.0
U_4172453,0.0,0.0,100.0,0.0
U_35528360,0.0,0.0,100.0,0.0
U_30420385,100.0,0.0,0.0,0.0
U_35539327,0.0,0.0,100.0,0.0
U_35236500,100.0,0.0,0.0,0.0
U_1698582,100.0,0.0,0.0,0.0
U_30821779,9.090909090909092,6.0606060606060606,57.57575757575758,15.151515151515152
U_11550535,25.0,0.0,75.0,0.0
U_35984156,0.0,33.33333333333333,66.66666666666666,0.0
U_35771266,0.0,0.0,0.0,0.0
U_33317210,100.0,0.0,0.0,0.0
U_13560722,66.66666666666666,0.0,33.33333333333333,0.0
U_5959191,100.0,0.0,0.0,0.0
U_35900611,100.0,0.0,0.0,0.0
U_11008628,27.77777777777778,0.0,16.666666666666664,0.0
U_35032659,0.0,66.66666666666666,33.33333333333333,0.0
U_34309677,0.0,0.0,100.0,0.0
U_35863151,100.0,0.0,0.0,0.0
U_19286972,25.0,12.5,62.5,0.0
U_29660370,100.0,0.0,0.0,0.0
U_12932231,66.66666666666666,0.0,33.33333333333333,0.0
U_13955868,71.42857142857143,14.285714285714285,14.285714285714285,0.0
U_34687239,0.0,0.0,100.0,0.0
U_35989250,0.0,0.0,100.0,0.0
U_31994552,0.0,0.0,75.0,25.0
U_8753644,0.0,0.0,0.0,100.0
U_34274910,0.0,100.0,0.0,0.0
U_35242748,0.0,66.66666666666666,0.0,33.33333333333333
U_35995008,100.0,0.0,0.0,0.0
U_34275576,0.0,33.33333333333333,66.66666666666666,0.0
U_33974161,100.0,0.0,0.0,0.0
U_34067849,0.0,0.0,100.0,0.0
U_16490027,85.71428571428571,14.285714285714285,0.0,0.0
U_18307001,25.0,75.0,0.0,0.0
U_19873083,100.0,0.0,0.0,0.0
U_1269071,100.0,0.0,0.0,0.0
U_36011759,0.0,0.0,80.0,0.0
U_7535566,25.0,37.5,37.5,0.0
U_20219859,100.0,0.0,0.0,0.0
U_36013429,0.0,0.0,100.0,0.0
U_34408630,55.55555555555556,33.33333333333333,11.11111111111111,0.0
U_15859395,100.0,0.0,0.0,0.0
U_36013461,0.0,0.0,75.0,25.0
U_13581811,100.0,0.0,0.0,0.0
U_36013051,0.0,0.0,100.0,0.0
U_29578841,0.0,100.0,0.0,0.0
U_34698833,0.0,0.0,0.0,0.0
U_34362141,0.0,0.0,100.0,0.0
U_12364376,100.0,0.0,0.0,0.0
U_36010294,100.0,0.0,0.0,0.0
U_35956329,100.0,0.0,0.0,0.0
U_3513472,20.0,40.0,40.0,0.0
U_36025701,100.0,0.0,0.0,0.0
U_2920723,38.46153846153847,0.0,61.53846153846154,0.0
U_36025066,50.0,0.0,50.0,0.0
U_12708881,100.0,0.0,0.0,0.0
U_35286299,0.0,0.0,0.0,0.0
U_35857454,0.0,0.0,100.0,0.0
U_31992326,100.0,0.0,0.0,0.0
U_33192049,50.0,25.0,25.0,0.0
U_34105454,0.0,100.0,0.0,0.0
U_35827814,0.0,0.0,100.0,0.0
U_35366402,42.857142857142854,42.857142857142854,14.285714285714285,0.0
U_14590858,100.0,0.0,0.0,0.0
U_36031156,100.0,0.0,0.0,0.0
U_36032120,100.0,0.0,0.0,0.0
U_36028324,100.0,0.0,0.0,0.0
U_15086453,97.43589743589743,0.0,2.564102564102564,0.0
U_35544216,0.0,0.0,100.0,0.0
U_36005274,100.0,0.0,0.0,0.0
U_22827325,0.0,0.0,100.0,0.0
U_33954278,100.0,0.0,0.0,0.0
U_36032783,100.0,0.0,0.0,0.0
U_34278847,0.0,0.0,100.0,0.0
U_36033367,100.0,0.0,0.0,0.0
U_382146,0.0,50.0,50.0,0.0
U_34102040,100.0,0.0,0.0,0.0
U_33167079,0.0,0.0,100.0,0.0
U_36033985,100.0,0.0,0.0,0.0
U_34488991,0.0,1.5037593984962405,9.774436090225564,1.5037593984962405
U_36034633,100.0,0.0,0.0,0.0
U_31741681,100.0,0.0,0.0,0.0
U_35988175,100.0,0.0,0.0,0.0
U_19255665,0.0,50.0,50.0,0.0
U_34788310,100.0,0.0,0.0,0.0
U_35223687,100.0,0.0,0.0,0.0
U_36040384,0.0,33.33333333333333,66.66666666666666,0.0
U_19950635,0.0,100.0,0.0,0.0
U_36006091,0.0,0.0,100.0,0.0
U_34548439,0.0,12.5,75.0,6.25
U_19116549,14.285714285714285,71.42857142857143,14.285714285714285,0.0
U_9027801,100.0,0.0,0.0,0.0
U_14150705,100.0,0.0,0.0,0.0
U_36041467,0.0,0.0,100.0,0.0
U_35723803,0.0,0.0,100.0,0.0
U_14444526,0.0,0.0,100.0,0.0
U_36029030,80.0,20.0,0.0,0.0
U_35799773,66.66666666666666,33.33333333333333,0.0,0.0
U_36041648,90.0,0.0,10.0,0.0
U_7269389,66.66666666666666,33.33333333333333,0.0,0.0
U_36043065,62.5,8.333333333333332,29.166666666666668,0.0
U_36026953,55.55555555555556,11.11111111111111,33.33333333333333,0.0
U_36043512,85.71428571428571,0.0,14.285714285714285,0.0
U_27991720,100.0,0.0,0.0,0.0
U_32830504,98.96907216494846,1.0309278350515463,0.0,0.0
U_33797083,28.57142857142857,14.285714285714285,0.0,42.857142857142854
U_35141256,0.0,0.0,56.25,0.0
U_35208669,100.0,0.0,0.0,0.0
U_35492291,0.0,0.0,100.0,0.0
U_35956518,0.0,0.0,0.0,0.0
U_17258685,100.0,0.0,0.0,0.0
U_13341098,0.0,0.0,50.0,0.0
U_96949,100.0,0.0,0.0,0.0
U_35994775,0.0,0.0,0.0,100.0
U_7276481,66.66666666666666,22.22222222222222,11.11111111111111,0.0
U_16047686,100.0,0.0,0.0,0.0
U_34429654,66.66666666666666,0.0,33.33333333333333,0.0
U_19285327,0.0,0.0,100.0,0.0
U_27359797,100.0,0.0,0.0,0.0
U_11188529,50.0,50.0,0.0,0.0
U_35861594,0.0,33.33333333333333,66.66666666666666,0.0
U_34042868,22.22222222222222,0.0,66.66666666666666,11.11111111111111
U_13997069,85.71428571428571,0.0,14.285714285714285,0.0
U_34320904,0.0,0.0,100.0,0.0
U_35663004,12.0,52.0,24.0,4.0
U_35988736,100.0,0.0,0.0,0.0
U_29181364,0.0,33.33333333333333,47.61904761904761,9.523809523809524
U_36052199,20.0,40.0,20.0,20.0
U_16800980,50.0,0.0,50.0,0.0
U_12139941,100.0,0.0,0.0,0.0
U_36053593,60.0,0.0,40.0,0.0
U_36053509,0.0,0.0,100.0,0.0
U_36045469,0.0,0.0,0.0,100.0
U_29641923,100.0,0.0,0.0,0.0
U_36054325,100.0,0.0,0.0,0.0
U_7183853,100.0,0.0,0.0,0.0
U_36041389,100.0,0.0,0.0,0.0
U_35725045,0.0,0.0,0.0,100.0
U_35287438,66.66666666666666,0.0,33.33333333333333,0.0
U_36055542,50.0,0.0,0.0,50.0
U_31184700,80.0,20.0,0.0,0.0
U_335437,66.66666666666666,33.33333333333333,0.0,0.0
U_36005749,100.0,0.0,0.0,0.0
U_33974749,0.0,0.0,100.0,0.0
U_29208720,100.0,0.0,0.0,0.0
U_36049670,100.0,0.0,0.0,0.0
U_8661644,0.0,0.0,0.0,100.0
U_36057662,86.66666666666667,0.0,0.0,0.0
U_30722247,100.0,0.0,0.0,0.0
U_36056388,100.0,0.0,0.0,0.0
U_34412312,0.0,44.44444444444444,55.55555555555556,0.0
U_33916522,100.0,0.0,0.0,0.0
U_36038621,100.0,0.0,0.0,0.0
U_35901360,0.0,0.0,75.0,25.0
U_35665996,0.0,0.0,100.0,0.0
U_36059838,0.0,0.0,100.0,0.0
U_7217023,100.0,0.0,0.0,0.0
U_36032485,100.0,0.0,0.0,0.0
U_11042626,23.076923076923077,0.0,15.384615384615385,0.0
U_35656567,0.0,0.0,100.0,0.0
U_35907115,50.0,0.0,0.0,0.0
U_18073093,22.22222222222222,0.0,77.77777777777779,0.0
U_34394304,0.0,0.0,50.0,0.0
U_34161585,100.0,0.0,0.0,0.0
U_3335979,100.0,0.0,0.0,0.0
U_3441669,0.0,0.0,100.0,0.0
U_27916553,100.0,0.0,0.0,0.0
U_35656874,33.33333333333333,66.66666666666666,0.0,0.0
U_36055457,100.0,0.0,0.0,0.0
U_36039932,0.0,0.0,100.0,0.0
U_36072960,33.33333333333333,0.0,50.0,16.666666666666664
U_35474524,66.66666666666666,33.33333333333333,0.0,0.0
U_10917941,100.0,0.0,0.0,0.0
U_32122375,100.0,0.0,0.0,0.0
U_11169947,66.66666666666666,0.0,0.0,33.33333333333333
U_35848096,0.0,33.33333333333333,66.66666666666666,0.0
U_35908255,0.0,0.0,100.0,0.0
U_36072224,100.0,0.0,0.0,0.0
U_35876100,0.0,0.0,100.0,0.0
U_35408726,0.0,0.0,100.0,0.0
U_36069915,100.0,0.0,0.0,0.0
U_36073309,100.0,0.0,0.0,0.0
U_31398167,100.0,0.0,0.0,0.0
U_19247496,50.0,16.666666666666664,16.666666666666664,0.0
U_16115097,100.0,0.0,0.0,0.0
U_18505609,0.0,0.0,100.0,0.0
U_5206807,100.0,0.0,0.0,0.0
U_26312977,100.0,0.0,0.0,0.0
U_640304,100.0,0.0,0.0,0.0
U_16232337,100.0,0.0,0.0,0.0
U_35957922,100.0,0.0,0.0,0.0
U_36070842,0.0,100.0,0.0,0.0
U_34878569,100.0,0.0,0.0,0.0
U_36074257,0.0,0.0,100.0,0.0
U_35633911,0.0,25.0,75.0,0.0
U_32521420,100.0,0.0,0.0,0.0
U_32495092,0.0,0.0,100.0,0.0
U_23162758,0.0,0.0,50.0,0.0
U_36075621,100.0,0.0,0.0,0.0
U_36075254,0.0,0.0,100.0,0.0
U_36074809,9.090909090909092,9.090909090909092,54.54545454545454,0.0
U_36075545,66.66666666666666,0.0,33.33333333333333,0.0
U_30340672,100.0,0.0,0.0,0.0
U_36070615,100.0,0.0,0.0,0.0
U_35595002,0.0,50.0,50.0,0.0
U_15419543,100.0,0.0,0.0,0.0
U_8316833,0.0,0.0,100.0,0.0
U_36076123,100.0,0.0,0.0,0.0
U_29337182,66.66666666666666,33.33333333333333,0.0,0.0
U_36070948,33.33333333333333,0.0,33.33333333333333,33.33333333333333
U_28525916,100.0,0.0,0.0,0.0
U_30995328,0.0,100.0,0.0,0.0
U_33882678,0.0,4.918032786885246,29.508196721311474,16.39344262295082
U_36052754,0.0,0.0,75.0,0.0
U_36078822,80.0,20.0,0.0,0.0
U_35706129,0.0,0.0,100.0,0.0
U_35528175,0.0,0.0,100.0,0.0
U_36079881,0.0,0.0,90.9090909090909,9.090909090909092
U_34320384,50.0,50.0,0.0,0.0
U_32065944,0.0,0.0,100.0,0.0
U_20239977,27.27272727272727,54.54545454545454,18.181818181818183,0.0
U_36081153,71.42857142857143,28.57142857142857,0.0,0.0
U_36081406,0.0,0.0,100.0,0.0
U_12644467,100.0,0.0,0.0,0.0
U_36076510,100.0,0.0,0.0,0.0
U_36082085,100.0,0.0,0.0,0.0
U_16185979,100.0,0.0,0.0,0.0
U_36010313,100.0,0.0,0.0,0.0
U_29246553,50.0,0.0,50.0,0.0
U_36078903,0.0,0.0,100.0,0.0
U_17605687,100.0,0.0,0.0,0.0
U_10323355,0.0,0.0,100.0,0.0
U_36082690,100.0,0.0,0.0,0.0
U_11060776,100.0,0.0,0.0,0.0
U_18444502,50.0,0.0,0.0,50.0
U_34073754,100.0,0.0,0.0,0.0
U_35359643,0.0,100.0,0.0,0.0
U_35988457,100.0,0.0,0.0,0.0
U_35930692,100.0,0.0,0.0,0.0
U_34651657,0.0,0.0,0.0,100.0
U_36091108,85.71428571428571,0.0,14.285714285714285,0.0
U_36098053,75.0,0.0,25.0,0.0
U_36082509,50.0,25.0,25.0,0.0
U_13239246,88.23529411764706,5.88235294117647,5.88235294117647,0.0
U_27413761,100.0,0.0,0.0,0.0
U_1983950,100.0,0.0,0.0,0.0
U_15512487,0.0,0.0,100.0,0.0
U_15562199,0.0,0.0,100.0,0.0
U_36073217,72.72727272727273,0.0,27.27272727272727,0.0
U_14956038,75.0,0.0,10.0,5.0
U_35999460,0.0,0.0,100.0,0.0
U_36044533,0.0,0.0,100.0,0.0
U_13421011,100.0,0.0,0.0,0.0
U_34198964,62.5,25.0,12.5,0.0
U_36074849,100.0,0.0,0.0,0.0
U_20932281,100.0,0.0,0.0,0.0
U_15365651,50.0,40.0,10.0,0.0
U_32842296,50.0,50.0,0.0,0.0
U_36116252,25.0,0.0,75.0,0.0
U_36123500,100.0,0.0,0.0,0.0
U_36098952,0.0,0.0,100.0,0.0
U_30976038,100.0,0.0,0.0,0.0
U_34120837,77.77777777777779,0.0,22.22222222222222,0.0
U_36115479,100.0,0.0,0.0,0.0
U_34195445,100.0,0.0,0.0,0.0
U_36124840,0.0,0.0,33.33333333333333,0.0
U_33908316,0.0,0.0,50.0,50.0
U_24670284,100.0,0.0,0.0,0.0
U_12651754,100.0,0.0,0.0,0.0
U_24744149,100.0,0.0,0.0,0.0
U_29655870,66.66666666666666,0.0,33.33333333333333,0.0
U_225943,0.0,0.0,0.0,100.0
U_33414594,0.0,0.0,100.0,0.0
U_36141487,100.0,0.0,0.0,0.0
U_32427685,0.0,25.0,70.0,0.0
U_36141947,100.0,0.0,0.0,0.0
U_7513325,50.0,0.0,50.0,0.0
U_23439299,0.0,0.0,0.0,100.0
U_34834822,100.0,0.0,0.0,0.0
U_36005205,100.0,0.0,0.0,0.0
U_11357373,33.33333333333333,33.33333333333333,33.33333333333333,0.0
U_12661456,85.71428571428571,0.0,14.285714285714285,0.0
U_8280674,100.0,0.0,0.0,0.0
U_12510998,66.66666666666666,33.33333333333333,0.0,0.0
U_35908309,0.0,0.0,100.0,0.0
U_13421052,0.0,0.0,33.33333333333333,0.0
U_34697724,100.0,0.0,0.0,0.0
U_15763687,100.0,0.0,0.0,0.0
U_36156175,100.0,0.0,0.0,0.0
U_35489706,0.0,0.0,44.44444444444444,5.555555555555555
U_3840777,100.0,0.0,0.0,0.0
U_7274995,100.0,0.0,0.0,0.0
U_16020198,40.0,15.0,25.0,0.0
U_36078788,100.0,0.0,0.0,0.0
U_31772027,0.0,33.33333333333333,33.33333333333333,0.0
U_22736817,100.0,0.0,0.0,0.0
U_2368107,100.0,0.0,0.0,0.0
U_36073487,100.0,0.0,0.0,0.0
U_14678416,100.0,0.0,0.0,0.0
U_36152571,100.0,0.0,0.0,0.0
U_33891631,100.0,0.0,0.0,0.0
U_6070908,0.0,100.0,0.0,0.0
U_35265568,100.0,0.0,0.0,0.0
U_34275598,100.0,0.0,0.0,0.0
U_36160500,100.0,0.0,0.0,0.0
U_35164637,0.0,0.0,100.0,0.0
U_19951699,100.0,0.0,0.0,0.0
U_35127173,100.0,0.0,0.0,0.0
U_35707438,100.0,0.0,0.0,0.0
U_33393045,83.33333333333334,8.333333333333332,8.333333333333332,0.0
U_30145531,0.0,0.0,100.0,0.0
U_35875479,100.0,0.0,0.0,0.0
U_34221571,100.0,0.0,0.0,0.0
U_36168399,100.0,0.0,0.0,0.0
U_32439254,0.0,0.0,100.0,0.0
U_34436982,0.0,5.555555555555555,33.33333333333333,0.0
U_13617173,100.0,0.0,0.0,0.0
U_34385222,0.0,0.0,100.0,0.0
U_8810283,100.0,0.0,0.0,0.0
U_30523121,100.0,0.0,0.0,0.0
U_33881557,100.0,0.0,0.0,0.0
U_29336522,33.33333333333333,0.0,66.66666666666666,0.0
U_12859900,100.0,0.0,0.0,0.0
U_34912870,100.0,0.0,0.0,0.0
U_10912649,100.0,0.0,0.0,0.0
U_26356190,0.0,25.0,75.0,0.0
U_34198771,100.0,0.0,0.0,0.0
U_16401298,33.33333333333333,33.33333333333333,33.33333333333333,0.0
U_36164919,0.0,0.0,100.0,0.0
U_5221653,50.0,50.0,0.0,0.0
U_10914300,100.0,0.0,0.0,0.0
U_15135822,90.0,0.0,10.0,0.0
U_36185765,100.0,0.0,0.0,0.0
U_36162534,50.0,50.0,0.0,0.0
U_16335305,25.0,0.0,50.0,25.0
U_36018994,0.0,66.66666666666666,33.33333333333333,0.0
U_15063641,0.0,0.0,100.0,0.0
U_35929437,100.0,0.0,0.0,0.0
U_24302868,0.0,0.0,100.0,0.0
U_32415620,22.22222222222222,11.11111111111111,44.44444444444444,22.22222222222222
U_32234191,66.66666666666666,0.0,33.33333333333333,0.0
U_35218132,0.0,0.0,100.0,0.0
U_24641670,100.0,0.0,0.0,0.0
U_34232861,0.0,0.0,100.0,0.0
U_13106032,0.0,0.0,100.0,0.0
U_22117050,100.0,0.0,0.0,0.0
U_6755464,0.0,85.71428571428571,0.0,14.285714285714285
U_33396540,0.0,100.0,0.0,0.0
U_10950061,0.0,100.0,0.0,0.0
U_12987263,0.0,0.0,100.0,0.0
U_4361394,0.0,21.27659574468085,34.04255319148936,4.25531914893617
U_35766962,12.5,12.5,12.5,12.5
U_34106234,0.0,20.0,40.0,40.0
U_36203344,100.0,0.0,0.0,0.0
U_34044870,0.0,16.666666666666664,66.66666666666666,0.0
U_32077929,45.45454545454545,9.090909090909092,9.090909090909092,9.090909090909092
U_11842347,40.0,45.0,15.0,0.0
U_36186095,0.0,0.0,100.0,0.0
U_35759575,100.0,0.0,0.0,0.0
U_34582790,0.0,0.0,100.0,0.0
U_36204067,100.0,0.0,0.0,0.0
U_7820452,100.0,0.0,0.0,0.0
U_36197617,0.0,0.0,100.0,0.0
U_35797410,100.0,0.0,0.0,0.0
U_12431793,83.33333333333334,0.0,16.666666666666664,0.0
U_31211706,0.0,0.0,100.0,0.0
U_16637098,0.0,44.44444444444444,55.55555555555556,0.0
U_31461883,0.0,0.0,60.0,40.0
U_35242996,100.0,0.0,0.0,0.0
U_7452066,70.0,0.0,30.0,0.0
U_18079017,33.33333333333333,0.0,66.66666666666666,0.0
U_36200113,100.0,0.0,0.0,0.0
U_36161148,0.0,87.5,12.5,0.0
U_806871,50.0,0.0,0.0,50.0
U_36069667,60.0,0.0,40.0,0.0
U_33462767,100.0,0.0,0.0,0.0
U_14821490,100.0,0.0,0.0,0.0
U_34765570,66.66666666666666,33.33333333333333,0.0,0.0
U_36200183,100.0,0.0,0.0,0.0
U_5197685,66.66666666666666,0.0,33.33333333333333,0.0
U_35928382,50.0,25.0,25.0,0.0
U_17707378,100.0,0.0,0.0,0.0
U_34032261,0.0,50.0,50.0,0.0
U_33956899,100.0,0.0,0.0,0.0
U_36134313,100.0,0.0,0.0,0.0
U_34304801,0.0,0.0,0.0,100.0
U_36162280,100.0,0.0,0.0,0.0
U_25873310,100.0,0.0,0.0,0.0
U_36214658,93.4640522875817,1.3071895424836601,3.9215686274509802,0.0
U_32068692,40.0,40.0,20.0,0.0
U_29102515,0.0,100.0,0.0,0.0
U_36172292,0.0,12.5,62.5,0.0
U_29749021,100.0,0.0,0.0,0.0
U_34124008,0.0,0.0,0.0,100.0
U_36188582,0.0,0.0,88.88888888888889,11.11111111111111
U_36215065,100.0,0.0,0.0,0.0
U_30908996,42.857142857142854,28.57142857142857,14.285714285714285,14.285714285714285
U_35223903,100.0,0.0,0.0,0.0
U_36161960,100.0,0.0,0.0,0.0
U_12630862,100.0,0.0,0.0,0.0
U_36215357,79.38144329896907,0.0,20.618556701030926,0.0
U_35685970,33.33333333333333,0.0,66.66666666666666,0.0
U_36215422,100.0,0.0,0.0,0.0
U_36215532,100.0,0.0,0.0,0.0
U_27949948,0.0,0.0,94.11764705882352,0.0
U_36073652,100.0,0.0,0.0,0.0
U_26428506,100.0,0.0,0.0,0.0
U_30687090,0.0,0.0,100.0,0.0
U_12060212,0.0,0.0,100.0,0.0
U_36215846,100.0,0.0,0.0,0.0
U_36238045,100.0,0.0,0.0,0.0
U_36080208,0.0,3.125,18.75,12.5
U_36202467,50.0,50.0,0.0,0.0
U_23489024,50.0,0.0,50.0,0.0
U_11717875,33.33333333333333,0.0,66.66666666666666,0.0
U_13417409,100.0,0.0,0.0,0.0
U_34044821,0.0,0.0,66.66666666666666,0.0
U_2320109,0.0,0.0,100.0,0.0
U_34745319,0.0,50.0,50.0,0.0
U_30917525,100.0,0.0,0.0,0.0
U_29757979,100.0,0.0,0.0,0.0
U_36157366,0.0,20.0,80.0,0.0
U_6689417,100.0,0.0,0.0,0.0
U_12852981,100.0,0.0,0.0,0.0
U_31274874,0.0,66.66666666666666,11.11111111111111,11.11111111111111
U_35286819,0.0,0.0,100.0,0.0
U_35919675,0.0,0.0,25.0,75.0
U_36195049,0.0,0.0,100.0,0.0
U_29426656,14.285714285714285,42.857142857142854,14.285714285714285,28.57142857142857
U_36265471,0.0,9.090909090909092,72.72727272727273,0.0
U_35782240,100.0,0.0,0.0,0.0
U_781914,100.0,0.0,0.0,0.0
U_36202951,100.0,0.0,0.0,0.0
U_19973751,100.0,0.0,0.0,0.0
U_33882714,0.0,0.0,100.0,0.0
U_4161512,100.0,0.0,0.0,0.0
U_34922300,0.0,0.0,100.0,0.0
U_22887581,83.33333333333334,16.666666666666664,0.0,0.0
U_34343087,33.33333333333333,66.66666666666666,0.0,0.0
U_35219373,100.0,0.0,0.0,0.0
U_36275753,100.0,0.0,0.0,0.0
U_90772,0.0,0.0,100.0,0.0
U_11641030,0.0,0.0,100.0,0.0
U_33118078,56.25,25.0,18.75,0.0
U_36265783,0.0,0.0,100.0,0.0
U_27871224,100.0,0.0,0.0,0.0
U_36278453,100.0,0.0,0.0,0.0
U_2638059,100.0,0.0,0.0,0.0
U_36278486,0.0,0.0,66.66666666666666,33.33333333333333
U_33639294,66.66666666666666,0.0,33.33333333333333,0.0
U_36215858,0.0,62.5,37.5,0.0
U_35770186,55.55555555555556,0.0,33.33333333333333,11.11111111111111
U_6809238,75.0,0.0,25.0,0.0
U_34385228,100.0,0.0,0.0,0.0
U_30209333,0.0,0.0,80.0,0.0
U_31034120,0.0,25.0,62.5,0.0
U_34813289,0.0,0.0,100.0,0.0
U_2031414,100.0,0.0,0.0,0.0
U_7270600,0.0,100.0,0.0,0.0
U_36285349,50.0,0.0,50.0,0.0
U_25714373,60.0,0.0,20.0,20.0
U_23325319,100.0,0.0,0.0,0.0
U_30633720,100.0,0.0,0.0,0.0
U_4365449,100.0,0.0,0.0,0.0
U_390415,75.0,0.0,25.0,0.0
U_35382831,0.0,0.0,100.0,0.0
U_17450925,0.0,0.0,100.0,0.0
U_15423330,0.0,0.0,66.66666666666666,25.0
U_2799611,100.0,0.0,0.0,0.0
U_36141581,0.0,0.0,100.0,0.0
U_15399657,90.9090909090909,9.090909090909092,0.0,0.0
U_36110913,100.0,0.0,0.0,0.0
U_12626356,25.0,0.0,75.0,0.0
U_36285847,50.0,0.0,0.0,50.0
U_23913313,100.0,0.0,0.0,0.0
U_14962427,80.0,0.0,20.0,0.0
U_33318741,100.0,0.0,0.0,0.0
U_12453515,100.0,0.0,0.0,0.0
U_12645366,100.0,0.0,0.0,0.0
U_36027332,0.0,0.0,0.0,100.0
U_34669417,0.0,0.0,50.0,50.0
U_36288058,0.0,0.0,0.0,100.0
U_36071290,0.0,16.666666666666664,66.66666666666666,0.0
U_36281526,66.66666666666666,0.0,33.33333333333333,0.0
U_24171773,50.0,0.0,50.0,0.0
U_32551468,100.0,0.0,0.0,0.0
U_36277048,0.0,33.33333333333333,66.66666666666666,0.0
U_36018216,100.0,0.0,0.0,0.0
U_36160710,25.0,75.0,0.0,0.0
U_36289050,98.33333333333333,0.0,0.5555555555555556,0.0
U_35984043,0.0,0.0,80.0,20.0
U_35758248,0.0,0.0,100.0,0.0
U_36289732,100.0,0.0,0.0,0.0
U_21340021,0.0,100.0,0.0,0.0
U_35560938,0.0,10.0,60.0,0.0
U_33646224,0.0,0.0,100.0,0.0
U_35767016,0.0,0.0,100.0,0.0
U_36051857,75.0,0.0,25.0,0.0
U_7478307,100.0,0.0,0.0,0.0
U_14526891,100.0,0.0,0.0,0.0
U_36289137,100.0,0.0,0.0,0.0
U_6906981,0.0,100.0,0.0,0.0
U_7899614,100.0,0.0,0.0,0.0
U_22148842,0.0,0.0,100.0,0.0
U_36304562,0.0,0.0,100.0,0.0
U_35993355,100.0,0.0,0.0,0.0
U_34350906,0.0,33.33333333333333,33.33333333333333,0.0
U_32550505,66.66666666666666,33.33333333333333,0.0,0.0
U_36305135,100.0,0.0,0.0,0.0
U_29082514,87.5,0.0,12.5,0.0
U_11452825,0.0,0.0,100.0,0.0
U_30955356,100.0,0.0,0.0,0.0
U_12418676,0.0,14.285714285714285,57.14285714285714,0.0
U_18160564,100.0,0.0,0.0,0.0
U_35668036,100.0,0.0,0.0,0.0
U_36273743,0.0,100.0,0.0,0.0
U_35887736,100.0,0.0,0.0,0.0
U_19261728,100.0,0.0,0.0,0.0
U_34568138,0.0,0.0,100.0,0.0
U_25877922,100.0,0.0,0.0,0.0
U_28269149,100.0,0.0,0.0,0.0
U_36305921,0.0,0.0,66.66666666666666,33.33333333333333
U_13808649,55.55555555555556,44.44444444444444,0.0,0.0
U_4066626,100.0,0.0,0.0,0.0
U_28404036,100.0,0.0,0.0,0.0
U_36253986,0.0,0.0,100.0,0.0
U_36283892,0.0,100.0,0.0,0.0
U_6678328,100.0,0.0,0.0,0.0
U_20221105,0.0,0.0,100.0,0.0
U_29930875,100.0,0.0,0.0,0.0
U_36288572,100.0,0.0,0.0,0.0
U_36311897,50.0,0.0,50.0,0.0
U_25886730,100.0,0.0,0.0,0.0
U_36312679,64.70588235294117,29.411764705882355,5.88235294117647,0.0
U_36319738,100.0,0.0,0.0,0.0
U_36308358,70.58823529411765,2.3529411764705883,25.882352941176475,0.0
U_31866530,100.0,0.0,0.0,0.0
U_34903932,100.0,0.0,0.0,0.0
U_35393279,100.0,0.0,0.0,0.0
U_36310039,0.0,0.0,100.0,0.0
U_36324621,0.0,0.0,14.285714285714285,7.142857142857142
U_36325354,100.0,0.0,0.0,0.0
U_34170698,0.0,20.0,80.0,0.0
U_34265003,100.0,0.0,0.0,0.0
U_36280634,80.83067092651757,1.9169329073482428,10.86261980830671,0.0
U_12926658,100.0,0.0,0.0,0.0
U_36327372,50.0,0.0,50.0,0.0
U_15025090,100.0,0.0,0.0,0.0
U_36327410,100.0,0.0,0.0,0.0
U_15361966,100.0,0.0,0.0,0.0
U_23700719,0.0,0.0,100.0,0.0
U_8325101,50.0,0.0,50.0,0.0
U_36328740,100.0,0.0,0.0,0.0
U_35852912,0.0,0.0,100.0,0.0
U_4595415,100.0,0.0,0.0,0.0
U_36329249,18.181818181818183,0.0,45.45454545454545,27.27272727272727
U_26353256,100.0,0.0,0.0,0.0
U_36329647,100.0,0.0,0.0,0.0
U_36153128,0.0,0.0,100.0,0.0
U_36141133,100.0,0.0,0.0,0.0
U_434384,0.0,0.0,100.0,0.0
U_34923250,0.0,0.0,58.333333333333336,0.0
U_12541711,25.0,25.0,0.0,25.0
U_32080592,75.0,0.0,25.0,0.0
U_11598190,50.0,0.0,50.0,0.0
U_36332507,100.0,0.0,0.0,0.0
U_36162768,100.0,0.0,0.0,0.0
U_36332466,100.0,0.0,0.0,0.0
U_34379674,100.0,0.0,0.0,0.0
U_16205935,50.0,0.0,0.0,50.0
U_14748793,100.0,0.0,0.0,0.0
U_36061688,0.0,0.0,100.0,0.0
U_35693728,0.0,0.0,50.0,50.0
U_35286572,100.0,0.0,0.0,0.0
U_30287406,100.0,0.0,0.0,0.0
U_14280767,0.0,100.0,0.0,0.0
U_36332214,100.0,0.0,0.0,0.0
U_36338723,0.0,2.459016393442623,84.42622950819673,12.295081967213115
U_35931140,0.0,0.0,0.0,0.0
U_35104481,0.0,0.0,100.0,0.0
U_33009143,100.0,0.0,0.0,0.0
U_34333652,100.0,0.0,0.0,0.0
U_36280258,90.0,10.0,0.0,0.0
U_33832538,0.0,100.0,0.0,0.0
U_35223748,100.0,0.0,0.0,0.0
U_35989462,100.0,0.0,0.0,0.0
U_30987532,100.0,0.0,0.0,0.0
U_36337682,0.0,0.0,100.0,0.0
U_36211180,60.0,20.0,20.0,0.0
U_36273606,100.0,0.0,0.0,0.0
U_36023566,0.0,0.0,100.0,0.0
U_35600498,0.0,0.0,100.0,0.0
U_36347425,50.0,0.0,25.0,25.0
U_31073048,60.0,0.0,0.0,0.0
U_36346100,0.0,0.0,100.0,0.0
U_29153169,83.33333333333334,0.0,16.666666666666664,0.0
U_12475114,100.0,0.0,0.0,0.0
U_36353200,100.0,0.0,0.0,0.0
U_35710808,0.0,0.0,100.0,0.0
U_15403183,100.0,0.0,0.0,0.0
U_30368271,33.33333333333333,6.666666666666667,46.666666666666664,0.0
U_36289047,100.0,0.0,0.0,0.0
U_35340934,0.0,0.0,100.0,0.0
U_18679199,0.0,2.8938906752411575,13.826366559485532,0.6430868167202572
U_30299756,0.0,0.0,100.0,0.0
U_36339246,100.0,0.0,0.0,0.0
U_15858535,100.0,0.0,0.0,0.0
U_34540642,0.0,0.0,100.0,0.0
U_6510151,0.0,0.0,100.0,0.0
U_28566340,28.57142857142857,14.285714285714285,57.14285714285714,0.0
U_36313946,0.0,0.0,100.0,0.0
U_12870837,100.0,0.0,0.0,0.0
U_35627787,0.0,0.0,50.0,12.5
U_19784670,0.0,50.0,50.0,0.0
U_15288853,100.0,0.0,0.0,0.0
U_34127162,0.0,0.0,100.0,0.0
U_36304639,0.0,100.0,0.0,0.0
U_7890848,75.0,0.0,0.0,25.0
U_36290983,100.0,0.0,0.0,0.0
U_36357871,0.0,100.0,0.0,0.0
U_36361247,0.0,100.0,0.0,0.0
U_36363475,75.0,25.0,0.0,0.0
U_36355697,100.0,0.0,0.0,0.0
U_16009331,0.0,33.33333333333333,66.66666666666666,0.0
U_35392121,0.0,0.0,100.0,0.0
U_1308839,0.0,0.0,0.0,100.0
U_30638813,100.0,0.0,0.0,0.0
U_4951016,25.0,0.0,75.0,0.0
U_29657425,100.0,0.0,0.0,0.0
U_3047321,100.0,0.0,0.0,0.0
U_35754505,0.0,0.0,100.0,0.0
U_36364784,0.0,0.0,50.0,50.0
U_34347820,0.0,0.0,83.33333333333334,16.666666666666664
U_525613,0.0,0.0,100.0,0.0
U_7368816,100.0,0.0,0.0,0.0
U_35597621,100.0,0.0,0.0,0.0
U_14817017,100.0,0.0,0.0,0.0
U_22114351,100.0,0.0,0.0,0.0
U_3667945,100.0,0.0,0.0,0.0
U_34701343,100.0,0.0,0.0,0.0
U_34764684,18.181818181818183,27.27272727272727,27.27272727272727,9.090909090909092
U_36337717,100.0,0.0,0.0,0.0
U_36307753,100.0,0.0,0.0,0.0
U_35689144,93.87755102040816,0.0,6.122448979591836,0.0
U_36364791,50.0,0.0,50.0,0.0
U_35832908,0.0,10.0,35.0,0.0
U_31769963,62.5,0.0,37.5,0.0
U_36330687,0.0,8.783783783783784,31.756756756756754,1.3513513513513513
U_29690475,100.0,0.0,0.0,0.0
U_34538471,0.0,0.0,100.0,0.0
U_14034379,66.66666666666666,0.0,33.33333333333333,0.0
U_34498379,0.0,0.0,0.0,100.0
U_36360801,0.0,0.0,100.0,0.0
U_12148419,100.0,0.0,0.0,0.0
U_34382103,0.0,0.0,100.0,0.0
U_24652339,40.0,20.0,40.0,0.0
U_3677674,0.0,33.33333333333333,0.0,33.33333333333333
U_34541043,100.0,0.0,0.0,0.0
U_35852109,100.0,0.0,0.0,0.0
U_4397886,0.0,100.0,0.0,0.0
U_14282937,33.33333333333333,0.0,66.66666666666666,0.0
U_15347324,100.0,0.0,0.0,0.0
U_33862147,100.0,0.0,0.0,0.0
U_19882638,0.0,0.0,50.0,50.0
U_13160952,0.0,0.0,100.0,0.0
U_26994505,100.0,0.0,0.0,0.0
U_13130324,4.761904761904762,19.047619047619047,76.19047619047619,0.0
U_36373468,100.0,0.0,0.0,0.0
U_15343527,100.0,0.0,0.0,0.0
U_36373565,0.0,0.0,100.0,0.0
U_28523524,100.0,0.0,0.0,0.0
U_1071801,84.21052631578947,15.789473684210526,0.0,0.0
U_9209892,50.0,50.0,0.0,0.0
U_31168485,100.0,0.0,0.0,0.0
U_34074964,0.0,0.0,100.0,0.0
U_34681809,0.0,0.0,100.0,0.0
U_36184135,100.0,0.0,0.0,0.0
U_31124226,71.66666666666667,0.0,23.333333333333332,5.0
U_18544439,100.0,0.0,0.0,0.0
U_35383354,100.0,0.0,0.0,0.0
U_24755090,100.0,0.0,0.0,0.0
U_15427092,100.0,0.0,0.0,0.0
U_36072812,100.0,0.0,0.0,0.0
U_36373930,0.0,0.0,100.0,0.0
U_36377789,100.0,0.0,0.0,0.0
U_34277609,0.0,0.0,100.0,0.0
U_35848517,40.0,40.0,20.0,0.0
U_657000,100.0,0.0,0.0,0.0
U_33790214,0.0,0.0,100.0,0.0
U_28119715,100.0,0.0,0.0,0.0
U_36380546,0.0,0.0,100.0,0.0
U_35657642,100.0,0.0,0.0,0.0
U_32557954,100.0,0.0,0.0,0.0
U_8316676,100.0,0.0,0.0,0.0
U_36381263,50.0,0.0,50.0,0.0
U_35257672,93.75,0.0,6.25,0.0
U_35755267,66.66666666666666,0.0,33.33333333333333,0.0
U_35286013,0.0,0.0,100.0,0.0
U_26620717,100.0,0.0,0.0,0.0
U_36113971,94.5945945945946,0.0,5.405405405405405,0.0
U_36381489,100.0,0.0,0.0,0.0
U_36288256,0.0,0.0,60.0,0.0
U_36133190,80.0,20.0,0.0,0.0
U_15394255,100.0,0.0,0.0,0.0
U_33881544,66.66666666666666,0.0,33.33333333333333,0.0
U_34173057,0.0,0.0,100.0,0.0
U_33569863,75.0,25.0,0.0,0.0
U_34076801,100.0,0.0,0.0,0.0
U_36384141,100.0,0.0,0.0,0.0
U_29709757,0.0,88.88888888888889,0.0,11.11111111111111
U_31018660,0.0,0.0,0.0,100.0
U_28487310,0.0,50.0,50.0,0.0
U_35295895,100.0,0.0,0.0,0.0
U_36384036,66.66666666666666,33.33333333333333,0.0,0.0
U_36196379,0.0,0.0,100.0,0.0
U_12173657,100.0,0.0,0.0,0.0
U_35242541,0.0,0.0,100.0,0.0
U_36385596,0.0,0.0,100.0,0.0
U_511177,100.0,0.0,0.0,0.0
U_36358297,0.0,0.0,100.0,0.0
U_36339527,0.0,0.0,100.0,0.0
U_2082725,0.0,0.0,100.0,0.0
U_36385664,100.0,0.0,0.0,0.0
U_29437569,100.0,0.0,0.0,0.0
U_36386700,100.0,0.0,0.0,0.0
U_36386768,0.0,0.0,100.0,0.0
U_34317587,0.0,0.0,100.0,0.0
U_36142219,0.0,33.33333333333333,66.66666666666666,0.0
U_36158954,50.0,25.0,25.0,0.0
U_29724756,50.0,0.0,50.0,0.0
U_34319732,0.0,0.0,100.0,0.0
U_36387670,100.0,0.0,0.0,0.0
U_2200434,100.0,0.0,0.0,0.0
U_36387813,0.0,0.0,50.0,0.0
U_36338946,0.0,0.0,81.81818181818183,13.636363636363635
U_13735447,0.0,66.66666666666666,33.33333333333333,0.0
U_29882721,100.0,0.0,0.0,0.0
U_36389038,100.0,0.0,0.0,0.0
U_33221335,18.181818181818183,54.54545454545454,0.0,27.27272727272727
U_35532341,0.0,10.526315789473683,57.89473684210527,0.0
U_23308500,60.0,0.0,40.0,0.0
U_30112659,71.42857142857143,14.285714285714285,14.285714285714285,0.0
U_34834224,100.0,0.0,0.0,0.0
U_24713934,100.0,0.0,0.0,0.0
U_33908321,0.0,100.0,0.0,0.0
U_282733,0.0,0.0,100.0,0.0
U_18452182,100.0,0.0,0.0,0.0
U_394583,0.0,100.0,0.0,0.0
U_35213022,25.0,25.0,50.0,0.0
U_36390766,90.9090909090909,0.0,9.090909090909092,0.0
U_35851393,0.0,0.0,100.0,0.0
U_29608216,100.0,0.0,0.0,0.0
U_34928692,100.0,0.0,0.0,0.0
U_34319647,0.0,0.0,100.0,0.0
U_36391262,100.0,0.0,0.0,0.0
U_36391464,100.0,0.0,0.0,0.0
U_30848793,0.0,0.0,100.0,0.0
U_36081833,28.57142857142857,14.285714285714285,57.14285714285714,0.0
U_33849687,100.0,0.0,0.0,0.0
U_36387468,100.0,0.0,0.0,0.0
U_2200529,100.0,0.0,0.0,0.0
U_33594840,0.0,0.0,100.0,0.0
U_36391718,50.0,0.0,50.0,0.0
U_36289562,100.0,0.0,0.0,0.0
U_18419500,50.0,50.0,0.0,0.0
U_26605785,0.0,7.6923076923076925,92.3076923076923,0.0
U_36389231,80.0,0.0,20.0,0.0
U_35161625,100.0,0.0,0.0,0.0
U_9823157,0.0,100.0,0.0,0.0
U_35518091,84.61538461538461,0.0,15.384615384615385,0.0
U_8068545,0.0,0.0,100.0,0.0
U_17218179,100.0,0.0,0.0,0.0
U_36337318,0.0,0.0,100.0,0.0
U_36373796,100.0,0.0,0.0,0.0
U_12707114,33.33333333333333,33.33333333333333,33.33333333333333,0.0
U_14109505,0.0,100.0,0.0,0.0
U_13098972,0.0,0.0,100.0,0.0
U_36395610,84.61538461538461,0.0,15.384615384615385,0.0
U_36396986,50.0,0.0,50.0,0.0
U_35265167,0.0,50.0,50.0,0.0
U_36390271,100.0,0.0,0.0,0.0
U_14906226,33.33333333333333,33.33333333333333,0.0,33.33333333333333
U_17963018,0.0,0.0,100.0,0.0
U_36381147,0.0,100.0,0.0,0.0
U_33988778,0.0,0.0,100.0,0.0
U_28679021,100.0,0.0,0.0,0.0
U_36342955,0.0,0.0,100.0,0.0
U_36400866,100.0,0.0,0.0,0.0
U_36401009,100.0,0.0,0.0,0.0
U_2200510,0.0,0.0,100.0,0.0
U_15413304,0.0,0.0,66.66666666666666,33.33333333333333
U_31041459,33.33333333333333,0.0,33.33333333333333,0.0
U_5109762,100.0,0.0,0.0,0.0
U_34652605,50.0,50.0,0.0,0.0
U_31166776,0.0,0.0,0.0,100.0
U_11762637,0.0,0.0,100.0,0.0
U_36403228,100.0,0.0,0.0,0.0
U_35688454,100.0,0.0,0.0,0.0
U_8406258,100.0,0.0,0.0,0.0
U_36403473,100.0,0.0,0.0,0.0
U_35249305,0.0,0.0,0.0,100.0
U_35687159,100.0,0.0,0.0,0.0
U_36402170,0.0,0.0,100.0,0.0
U_36384124,100.0,0.0,0.0,0.0
U_36390373,100.0,0.0,0.0,0.0
U_36403563,0.0,0.0,100.0,0.0
U_35805769,0.0,0.0,100.0,0.0
U_31399527,12.5,12.5,62.5,0.0
U_36367328,62.5,25.0,0.0,12.5
U_34834600,100.0,0.0,0.0,0.0
U_32928317,100.0,0.0,0.0,0.0
U_34218586,100.0,0.0,0.0,0.0
U_28988732,100.0,0.0,0.0,0.0
U_28796969,100.0,0.0,0.0,0.0
U_2200463,0.0,0.0,100.0,0.0
U_35730399,100.0,0.0,0.0,0.0
U_36207600,0.0,0.0,100.0,0.0
U_2200560,100.0,0.0,0.0,0.0
U_34049028,100.0,0.0,0.0,0.0
U_32338578,100.0,0.0,0.0,0.0
U_34246359,100.0,0.0,0.0,0.0
U_25267352,0.0,0.0,100.0,0.0
U_19232010,100.0,0.0,0.0,0.0
U_36407062,100.0,0.0,0.0,0.0
U_36355533,100.0,0.0,0.0,0.0
U_36407767,100.0,0.0,0.0,0.0
U_896897,0.0,0.0,100.0,0.0
U_28898996,50.0,25.0,25.0,0.0
U_36407059,0.0,0.0,100.0,0.0
U_14097055,0.0,100.0,0.0,0.0
U_34622953,100.0,0.0,0.0,0.0
U_32063370,100.0,0.0,0.0,0.0
U_36376727,0.0,0.0,0.0,100.0
U_12448444,100.0,0.0,0.0,0.0
U_14249904,50.0,0.0,25.0,25.0
U_33973282,100.0,0.0,0.0,0.0
U_13159571,97.47899159663865,2.5210084033613445,0.0,0.0
U_36194205,100.0,0.0,0.0,0.0
U_35216151,0.0,0.0,80.0,20.0
U_36408557,100.0,0.0,0.0,0.0
U_21151129,100.0,0.0,0.0,0.0
U_35981156,0.0,0.0,100.0,0.0
U_36408300,0.0,100.0,0.0,0.0
U_35280375,76.66666666666667,0.0,6.666666666666667,10.0
U_36058940,100.0,0.0,0.0,0.0
U_35693612,67.74193548387096,4.838709677419355,19.35483870967742,6.451612903225806
U_33745035,0.0,0.0,100.0,0.0
U_33162452,0.0,0.0,100.0,0.0
U_32239076,0.0,33.33333333333333,66.66666666666666,0.0
U_36415477,100.0,0.0,0.0,0.0
U_35852854,0.0,0.0,100.0,0.0
U_34892339,0.0,0.0,80.0,20.0
U_36286986,80.0,20.0,0.0,0.0
U_33967741,100.0,0.0,0.0,0.0
U_36418270,100.0,0.0,0.0,0.0
U_31757942,0.0,0.0,100.0,0.0
U_27271119,66.66666666666666,33.33333333333333,0.0,0.0
U_34120090,100.0,0.0,0.0,0.0
U_36423118,42.857142857142854,0.0,57.14285714285714,0.0
U_14117182,0.0,100.0,0.0,0.0
U_33520988,0.0,0.0,100.0,0.0
U_34278494,0.0,0.0,100.0,0.0
U_36407615,100.0,0.0,0.0,0.0
U_28069459,0.0,0.0,100.0,0.0
U_34161227,0.0,0.0,100.0,0.0
U_35076703,100.0,0.0,0.0,0.0
U_36082142,100.0,0.0,0.0,0.0
U_34582207,0.0,0.0,66.66666666666666,0.0
U_36426215,76.92307692307693,7.6923076923076925,15.384615384615385,0.0
U_36098457,66.66666666666666,0.0,33.33333333333333,0.0
U_9117005,62.5,18.75,18.75,0.0
U_4077538,83.33333333333334,8.333333333333332,8.333333333333332,0.0
U_13558657,100.0,0.0,0.0,0.0
U_36427461,0.0,0.0,100.0,0.0
U_5573101,0.0,0.0,0.0,100.0
U_35077157,0.0,16.666666666666664,66.66666666666666,8.333333333333332
U_4363279,60.0,20.0,20.0,0.0
U_36325675,0.0,0.0,100.0,0.0
U_36433494,100.0,0.0,0.0,0.0
U_35359773,0.0,0.0,0.0,100.0
U_34288939,100.0,0.0,0.0,0.0
U_16987177,100.0,0.0,0.0,0.0
U_33849663,100.0,0.0,0.0,0.0
U_17208552,0.0,0.0,100.0,0.0
U_40782,100.0,0.0,0.0,0.0
U_25244812,0.0,0.0,100.0,0.0
U_13328803,100.0,0.0,0.0,0.0
U_36363776,0.0,0.0,100.0,0.0
U_29456838,0.0,0.0,100.0,0.0
U_8815913,25.0,25.0,25.0,25.0
U_36439185,50.0,0.0,50.0,0.0
U_31933335,70.58823529411765,11.76470588235294,17.647058823529413,0.0
U_25703619,66.66666666666666,0.0,11.11111111111111,0.0
U_35771961,16.666666666666664,0.0,33.33333333333333,50.0
U_36440444,100.0,0.0,0.0,0.0
U_2078108,100.0,0.0,0.0,0.0
U_20019556,0.0,9.090909090909092,54.54545454545454,0.0
U_32330937,100.0,0.0,0.0,0.0
U_36439212,100.0,0.0,0.0,0.0
U_35909054,0.0,0.0,0.0,100.0
U_35100158,0.0,0.0,100.0,0.0
U_36397997,50.0,50.0,0.0,0.0
U_36205028,100.0,0.0,0.0,0.0
U_4742155,100.0,0.0,0.0,0.0
U_36443387,0.0,0.0,100.0,0.0
U_17452123,0.0,0.0,66.66666666666666,33.33333333333333
U_32521516,50.0,0.0,50.0,0.0
U_36409101,0.0,0.0,100.0,0.0
U_36442186,100.0,0.0,0.0,0.0
U_33147769,0.0,100.0,0.0,0.0
U_35731093,100.0,0.0,0.0,0.0
U_9858456,100.0,0.0,0.0,0.0
U_11336545,66.66666666666666,13.333333333333334,20.0,0.0
U_36444134,75.0,0.0,25.0,0.0
U_36444116,0.0,100.0,0.0,0.0
U_34583283,0.0,100.0,0.0,0.0
U_36440116,100.0,0.0,0.0,0.0
U_22731126,100.0,0.0,0.0,0.0
U_36445528,0.0,0.0,100.0,0.0
U_18255200,0.0,0.0,0.0,0.0
U_36403915,0.0,0.0,100.0,0.0
U_36445461,100.0,0.0,0.0,0.0
U_36446088,100.0,0.0,0.0,0.0
U_13265563,100.0,0.0,0.0,0.0
U_15081100,50.0,0.0,50.0,0.0
U_34212646,0.0,0.0,100.0,0.0
U_36447214,100.0,0.0,0.0,0.0
U_32330508,100.0,0.0,0.0,0.0
U_17281012,50.0,0.0,25.0,0.0
U_7178813,100.0,0.0,0.0,0.0
U_35971926,100.0,0.0,0.0,0.0
U_36436933,100.0,0.0,0.0,0.0
U_32501019,100.0,0.0,0.0,0.0
U_35907474,100.0,0.0,0.0,0.0
U_34778285,100.0,0.0,0.0,0.0
U_36448020,0.0,0.0,66.66666666666666,33.33333333333333
U_36287845,0.0,0.0,100.0,0.0
U_36438907,0.0,0.0,100.0,0.0
U_36448018,50.0,50.0,0.0,0.0
U_25238698,66.66666666666666,0.0,0.0,0.0
U_5932860,0.0,100.0,0.0,0.0
U_145875,50.0,50.0,0.0,0.0
U_35526944,0.0,100.0,0.0,0.0
U_32338069,100.0,0.0,0.0,0.0
U_35278979,75.0,0.0,25.0,0.0
U_36449024,83.33333333333334,16.666666666666664,0.0,0.0
U_11076116,100.0,0.0,0.0,0.0
U_1252752,100.0,0.0,0.0,0.0
U_36340172,0.0,0.0,100.0,0.0
U_30592197,0.0,0.0,100.0,0.0
U_36449371,100.0,0.0,0.0,0.0
U_15113739,0.0,0.0,100.0,0.0
U_36449818,75.0,8.333333333333332,16.666666666666664,0.0
U_35975882,0.0,0.0,100.0,0.0
U_36448133,0.0,0.0,0.0,100.0
U_17443955,50.0,0.0,50.0,0.0
U_6041912,73.91304347826086,4.3478260869565215,21.73913043478261,0.0
U_36391453,100.0,0.0,0.0,0.0
U_36011884,0.0,0.0,100.0,0.0
U_36442307,0.0,50.0,0.0,0.0
U_35475775,0.0,100.0,0.0,0.0
U_33256037,0.0,0.0,100.0,0.0
U_36455726,100.0,0.0,0.0,0.0
U_9774073,50.0,50.0,0.0,0.0
U_35800828,100.0,0.0,0.0,0.0
U_35578947,100.0,0.0,0.0,0.0
U_35752569,33.33333333333333,0.0,0.0,33.33333333333333
U_12864505,0.0,0.0,100.0,0.0
U_35370272,100.0,0.0,0.0,0.0
U_35102590,100.0,0.0,0.0,0.0
U_9899244,100.0,0.0,0.0,0.0
U_36116693,0.0,0.0,100.0,0.0
U_36461577,100.0,0.0,0.0,0.0
U_32330430,100.0,0.0,0.0,0.0
U_3509406,66.66666666666666,0.0,33.33333333333333,0.0
U_27949459,100.0,0.0,0.0,0.0
U_7255678,100.0,0.0,0.0,0.0
U_35291795,100.0,0.0,0.0,0.0
U_36401917,0.0,0.0,100.0,0.0
U_36429070,0.0,0.0,40.0,0.0
U_36428888,50.0,20.0,30.0,0.0
U_2843055,100.0,0.0,0.0,0.0
U_12466115,0.0,0.0,100.0,0.0
U_36464502,100.0,0.0,0.0,0.0
U_36396446,50.0,0.0,50.0,0.0
U_36463884,100.0,0.0,0.0,0.0
U_7247658,100.0,0.0,0.0,0.0
U_34318195,0.0,0.0,100.0,0.0
U_15489951,80.0,20.0,0.0,0.0
U_337443,20.0,40.0,40.0,0.0
U_31691820,100.0,0.0,0.0,0.0
U_11158463,50.0,0.0,25.0,0.0
U_16107820,100.0,0.0,0.0,0.0
U_4407668,100.0,0.0,0.0,0.0
U_36470385,100.0,0.0,0.0,0.0
U_36470165,100.0,0.0,0.0,0.0
U_33888285,0.0,0.0,100.0,0.0
U_36435535,0.0,0.0,100.0,0.0
U_34566577,100.0,0.0,0.0,0.0
U_36446363,0.0,0.0,0.0,0.0
U_27371526,100.0,0.0,0.0,0.0
U_35048372,100.0,0.0,0.0,0.0
U_34168431,100.0,0.0,0.0,0.0
U_36474282,100.0,0.0,0.0,0.0
U_35783535,0.0,100.0,0.0,0.0
U_16332524,100.0,0.0,0.0,0.0
U_16125430,100.0,0.0,0.0,0.0
U_14137770,66.66666666666666,0.0,33.33333333333333,0.0
U_30146636,100.0,0.0,0.0,0.0
U_36422778,73.33333333333333,0.0,26.666666666666668,0.0
U_36475279,100.0,0.0,0.0,0.0
U_12983160,100.0,0.0,0.0,0.0
U_36477533,0.0,0.0,50.0,50.0
U_36472651,0.0,0.0,100.0,0.0
U_36298339,99.17355371900827,0.0,0.0,0.0
U_36477853,98.46153846153847,0.0,0.7692307692307693,0.0
U_36368667,0.0,0.0,100.0,0.0
U_34198977,0.0,0.0,100.0,0.0
U_34295773,100.0,0.0,0.0,0.0
U_36407548,100.0,0.0,0.0,0.0
U_31137392,100.0,0.0,0.0,0.0
U_36478755,100.0,0.0,0.0,0.0
U_34048599,0.0,0.0,100.0,0.0
U_29962251,0.0,0.0,0.0,100.0
U_17879164,0.0,0.0,100.0,0.0
U_16049207,100.0,0.0,0.0,0.0
U_36390685,100.0,0.0,0.0,0.0
U_36197217,33.33333333333333,0.0,66.66666666666666,0.0
U_13770764,0.0,100.0,0.0,0.0
U_36481444,0.0,0.0,100.0,0.0
U_31032181,0.0,0.0,100.0,0.0
U_11498601,0.0,0.0,100.0,0.0
U_36472300,100.0,0.0,0.0,0.0
U_36472408,100.0,0.0,0.0,0.0
U_35809644,0.0,0.0,80.0,20.0
U_36483434,65.15151515151516,19.696969696969695,15.151515151515152,0.0
U_34694750,0.0,0.0,100.0,0.0
U_36483534,100.0,0.0,0.0,0.0
U_33916490,100.0,0.0,0.0,0.0
U_34001442,0.0,0.0,100.0,0.0
U_36457816,0.0,0.0,100.0,0.0
U_35490134,0.0,100.0,0.0,0.0
U_36485564,0.0,0.0,0.0,100.0
U_36486722,50.0,0.0,50.0,0.0
U_593105,86.20689655172413,3.4482758620689653,6.896551724137931,0.0
U_33175017,0.0,50.0,25.0,25.0
U_36457842,100.0,0.0,0.0,0.0
U_36461583,0.0,0.0,100.0,0.0
U_36487438,100.0,0.0,0.0,0.0
U_33986010,100.0,0.0,0.0,0.0
U_36279307,0.0,0.0,100.0,0.0
U_13054193,0.0,100.0,0.0,0.0
U_33900481,100.0,0.0,0.0,0.0
U_36407151,100.0,0.0,0.0,0.0
U_36477587,100.0,0.0,0.0,0.0
U_34888987,50.0,50.0,0.0,0.0
U_36482983,0.0,0.0,100.0,0.0
U_12984395,50.0,33.33333333333333,11.11111111111111,0.0
U_17111916,0.0,16.666666666666664,33.33333333333333,0.0
U_30427216,66.66666666666666,33.33333333333333,0.0,0.0
U_16031426,0.0,0.0,0.0,100.0
U_32590734,0.0,11.76470588235294,0.0,5.88235294117647
U_15545671,100.0,0.0,0.0,0.0
U_13744390,66.66666666666666,0.0,33.33333333333333,0.0
U_36296151,0.0,0.0,100.0,0.0
U_36484802,77.27272727272727,3.0303030303030303,16.666666666666664,0.0
U_36449645,0.0,20.0,60.0,0.0
U_11362552,0.0,0.0,100.0,0.0
U_36490466,100.0,0.0,0.0,0.0
U_35907923,25.0,0.0,25.0,50.0
U_22743815,95.65217391304348,0.0,4.3478260869565215,0.0
U_36422224,0.0,0.0,100.0,0.0
U_36491346,0.0,67.64705882352942,32.35294117647059,0.0
U_33948379,100.0,0.0,0.0,0.0
U_36491746,0.0,0.0,100.0,0.0
U_35504973,0.0,0.0,100.0,0.0
U_34204462,0.0,0.0,100.0,0.0
U_33860552,69.23076923076923,0.0,30.76923076923077,0.0
U_15194658,0.0,0.0,100.0,0.0
U_11498602,0.0,0.0,100.0,0.0
U_36491116,0.0,0.0,100.0,0.0
U_22267254,0.0,100.0,0.0,0.0
U_36474445,100.0,0.0,0.0,0.0
U_24855475,0.0,0.0,100.0,0.0
U_15065144,0.0,0.0,100.0,0.0
U_30410085,100.0,0.0,0.0,0.0
U_26658053,0.0,0.0,100.0,0.0
U_36471107,100.0,0.0,0.0,0.0
U_36494274,100.0,0.0,0.0,0.0
U_27028267,0.0,0.0,100.0,0.0
U_30093116,46.666666666666664,46.666666666666664,6.666666666666667,0.0
U_1054481,20.0,0.0,40.0,40.0
U_36073261,100.0,0.0,0.0,0.0
U_36426754,0.0,0.0,100.0,0.0
U_36345798,100.0,0.0,0.0,0.0
U_35031296,100.0,0.0,0.0,0.0
U_34324262,0.0,0.0,100.0,0.0
U_24740019,0.0,0.0,100.0,0.0
U_35758619,0.0,0.0,100.0,0.0
U_7233596,50.0,50.0,0.0,0.0
U_13900344,0.0,0.0,100.0,0.0
U_36507658,91.30434782608695,4.3478260869565215,4.3478260869565215,0.0
U_13157967,0.0,0.0,100.0,0.0
U_35160384,0.0,0.0,100.0,0.0
U_36512917,100.0,0.0,0.0,0.0
U_36447303,0.0,100.0,0.0,0.0
U_34274997,100.0,0.0,0.0,0.0
U_36400878,87.5,0.0,12.5,0.0
U_1288601,100.0,0.0,0.0,0.0
U_33746136,33.33333333333333,16.666666666666664,33.33333333333333,16.666666666666664
U_35569886,100.0,0.0,0.0,0.0
U_35688688,50.0,0.0,50.0,0.0
U_36306095,100.0,0.0,0.0,0.0
U_13554480,100.0,0.0,0.0,0.0
U_36516449,66.66666666666666,0.0,33.33333333333333,0.0
U_35827001,10.344827586206897,31.03448275862069,44.827586206896555,10.344827586206897
U_36516018,100.0,0.0,0.0,0.0
U_36517340,85.71428571428571,0.0,14.285714285714285,0.0
U_36478365,0.0,0.0,100.0,0.0
U_36403852,100.0,0.0,0.0,0.0
U_36448585,100.0,0.0,0.0,0.0
U_36517403,100.0,0.0,0.0,0.0
U_36478267,25.0,0.0,75.0,0.0
U_27440650,75.0,0.0,25.0,0.0
U_30313254,0.0,0.0,100.0,0.0
U_36519924,80.0,0.0,20.0,0.0
U_36082080,100.0,0.0,0.0,0.0
U_1185633,0.0,100.0,0.0,0.0
U_35693799,25.0,0.0,75.0,0.0
U_35953786,0.0,33.33333333333333,66.66666666666666,0.0
U_13935902,0.0,0.0,100.0,0.0
U_36520585,100.0,0.0,0.0,0.0
U_4408847,5.88235294117647,52.94117647058824,29.411764705882355,0.0
U_29016284,100.0,0.0,0.0,0.0
U_15495597,0.0,33.33333333333333,33.33333333333333,33.33333333333333
U_31070644,0.0,100.0,0.0,0.0
U_29142100,100.0,0.0,0.0,0.0
U_11069998,100.0,0.0,0.0,0.0
U_29751163,88.88888888888889,0.0,0.0,0.0
U_31039617,100.0,0.0,0.0,0.0
U_28689797,100.0,0.0,0.0,0.0
U_15834758,92.3076923076923,0.0,7.6923076923076925,0.0
U_15262804,40.0,60.0,0.0,0.0
U_13220187,50.0,50.0,0.0,0.0
U_2200438,100.0,0.0,0.0,0.0
U_36528578,96.15384615384616,0.0,0.0,0.0
U_36487545,0.0,0.0,100.0,0.0
U_36522249,0.0,0.0,7.6923076923076925,0.0
U_36483145,100.0,0.0,0.0,0.0
U_35104237,20.0,20.0,40.0,20.0
U_32685807,100.0,0.0,0.0,0.0
U_36528982,54.36893203883495,41.74757281553398,0.0,0.9708737864077669
U_36526090,100.0,0.0,0.0,0.0
U_5074966,100.0,0.0,0.0,0.0
U_33952322,100.0,0.0,0.0,0.0
U_30019647,90.0,0.0,0.0,0.0
U_35687943,60.0,0.0,0.0,0.0
U_33508854,0.0,0.0,50.0,50.0
U_34810637,0.0,0.0,0.0,0.0
U_15452103,100.0,0.0,0.0,0.0
U_36198191,0.0,0.0,100.0,0.0
U_36515610,100.0,0.0,0.0,0.0
U_3680340,100.0,0.0,0.0,0.0
U_36486756,66.66666666666666,29.629629629629626,3.7037037037037033,0.0
U_35098241,0.0,0.0,100.0,0.0
U_29212707,100.0,0.0,0.0,0.0
U_36531505,0.0,0.0,0.0,0.0
U_34275173,100.0,0.0,0.0,0.0
U_36408818,40.0,0.0,60.0,0.0
U_33643101,83.33333333333334,0.0,16.666666666666664,0.0
U_30930169,0.0,50.0,50.0,0.0
U_33900502,100.0,0.0,0.0,0.0
U_36532156,83.33333333333334,0.0,16.666666666666664,0.0
U_36531652,100.0,0.0,0.0,0.0
U_29410735,0.0,0.0,50.0,50.0
U_18080629,100.0,0.0,0.0,0.0
U_31680893,0.0,0.0,72.72727272727273,0.0
U_36186786,100.0,0.0,0.0,0.0
U_36548529,83.33333333333334,16.666666666666664,0.0,0.0
U_33190196,71.42857142857143,14.285714285714285,7.142857142857142,7.142857142857142
U_46695,50.0,0.0,0.0,50.0
U_4021258,50.0,0.0,50.0,0.0
U_36406322,100.0,0.0,0.0,0.0
U_36547534,100.0,0.0,0.0,0.0
U_16222078,100.0,0.0,0.0,0.0
U_30395489,100.0,0.0,0.0,0.0
U_15507035,50.0,0.0,50.0,0.0
U_34688145,0.0,60.0,40.0,0.0
U_31083423,100.0,0.0,0.0,0.0
U_31870223,100.0,0.0,0.0,0.0
U_30823161,0.0,0.0,0.0,50.0
U_34274819,0.0,0.0,100.0,0.0
U_29424473,100.0,0.0,0.0,0.0
U_18487559,0.0,0.0,70.0,0.0
U_36554211,3.7037037037037033,0.0,20.37037037037037,0.0
U_36426736,100.0,0.0,0.0,0.0
U_36549502,100.0,0.0,0.0,0.0
U_35527095,100.0,0.0,0.0,0.0
U_36456655,80.0,0.0,20.0,0.0
U_26695084,100.0,0.0,0.0,0.0
U_31173739,100.0,0.0,0.0,0.0
U_1141720,100.0,0.0,0.0,0.0
U_36160020,100.0,0.0,0.0,0.0
U_28152287,100.0,0.0,0.0,0.0
U_5791920,0.0,16.666666666666664,58.333333333333336,0.0
U_36429091,0.0,100.0,0.0,0.0
U_36185080,100.0,0.0,0.0,0.0
U_35548036,0.0,0.0,100.0,0.0
U_36005684,100.0,0.0,0.0,0.0
U_34294725,100.0,0.0,0.0,0.0
U_36473583,76.92307692307693,7.6923076923076925,7.6923076923076925,0.0
U_35642036,100.0,0.0,0.0,0.0
U_35640259,0.0,100.0,0.0,0.0
U_1079500,100.0,0.0,0.0,0.0
U_36186241,100.0,0.0,0.0,0.0
U_34385211,0.0,0.0,100.0,0.0
U_35102801,0.0,0.0,100.0,0.0
U_36567696,0.0,0.0,0.0,0.0
U_36552405,0.0,0.0,100.0,0.0
U_35989122,100.0,0.0,0.0,0.0
U_36545236,100.0,0.0,0.0,0.0
U_36568151,66.66666666666666,0.0,33.33333333333333,0.0
U_24756819,0.0,0.0,100.0,0.0
U_36554267,0.0,0.0,100.0,0.0
U_35551230,0.0,23.52941176470588,23.52941176470588,11.76470588235294
U_36571653,100.0,0.0,0.0,0.0
U_36139885,0.0,0.0,100.0,0.0
U_36404113,100.0,0.0,0.0,0.0
U_25938666,0.0,0.0,0.0,100.0
U_4161477,100.0,0.0,0.0,0.0
U_36572930,100.0,0.0,0.0,0.0
U_36440484,72.22222222222221,22.22222222222222,5.555555555555555,0.0
U_36450309,0.0,0.0,100.0,0.0
U_30058646,0.0,16.666666666666664,33.33333333333333,0.0
U_35768037,0.0,0.0,83.33333333333334,16.666666666666664
U_8073167,37.5,12.5,50.0,0.0
U_34217742,33.33333333333333,66.66666666666666,0.0,0.0
U_3574966,100.0,0.0,0.0,0.0
U_36448433,0.0,0.0,100.0,0.0
U_35162630,100.0,0.0,0.0,0.0
U_36567551,0.0,0.0,100.0,0.0
U_36575821,100.0,0.0,0.0,0.0
U_36391746,100.0,0.0,0.0,0.0
U_36553684,100.0,0.0,0.0,0.0
U_7013652,90.47619047619048,0.0,9.523809523809524,0.0
U_1631177,0.0,100.0,0.0,0.0
U_11899604,50.0,50.0,0.0,0.0
U_36338883,0.0,0.0,33.33333333333333,0.0
U_32056871,100.0,0.0,0.0,0.0
U_35723704,0.0,30.303030303030305,36.36363636363637,9.090909090909092
U_30684958,100.0,0.0,0.0,0.0
U_35979,33.33333333333333,50.0,16.666666666666664,0.0
U_17106480,100.0,0.0,0.0,0.0
U_36215098,100.0,0.0,0.0,0.0
U_36029811,0.0,0.0,100.0,0.0
U_12931807,0.0,0.0,0.0,100.0
U_36508553,0.0,0.0,0.0,100.0
U_36563960,60.0,40.0,0.0,0.0
U_36305657,0.0,16.666666666666664,83.33333333333334,0.0
U_12313072,100.0,0.0,0.0,0.0
U_35161441,100.0,0.0,0.0,0.0
U_36390746,0.0,0.0,66.66666666666666,33.33333333333333
U_11618423,0.0,0.0,100.0,0.0
U_36043159,0.0,0.0,0.0,100.0
U_34343602,0.0,0.0,100.0,0.0
U_34007113,0.0,0.0,25.0,0.0
U_27713443,0.0,33.33333333333333,16.666666666666664,33.33333333333333
U_36437163,0.0,0.0,100.0,0.0
U_15391069,85.71428571428571,0.0,0.0,0.0
U_36550173,0.0,0.0,28.846153846153843,69.23076923076923
U_710520,0.0,0.0,50.0,0.0
U_161661,100.0,0.0,0.0,0.0
U_35741176,0.0,0.0,100.0,0.0
U_36276366,0.0,0.0,100.0,0.0
U_22131768,100.0,0.0,0.0,0.0
U_36414825,100.0,0.0,0.0,0.0
U_36549878,50.0,0.0,50.0,0.0
U_36589551,100.0,0.0,0.0,0.0
U_31060946,20.0,10.0,60.0,10.0
U_36583380,0.0,0.0,100.0,0.0
U_32058020,60.0,33.33333333333333,6.666666666666667,0.0
U_2796930,100.0,0.0,0.0,0.0
U_36564860,0.0,0.0,100.0,0.0
U_27279207,0.0,0.0,50.0,50.0
U_35164871,100.0,0.0,0.0,0.0
U_3490136,40.0,0.0,60.0,0.0
U_8119350,0.0,0.0,100.0,0.0
U_13045979,0.0,0.0,0.0,100.0
U_36340150,0.0,0.0,100.0,0.0
U_8349004,0.0,100.0,0.0,0.0
U_36604820,100.0,0.0,0.0,0.0
U_13953884,100.0,0.0,0.0,0.0
U_36576199,100.0,0.0,0.0,0.0
U_36140356,100.0,0.0,0.0,0.0
U_36100113,0.0,0.0,66.66666666666666,0.0
U_32851866,100.0,0.0,0.0,0.0
U_12931473,66.66666666666666,0.0,33.33333333333333,0.0
U_22814634,0.0,100.0,0.0,0.0
U_34408492,0.0,0.0,50.0,50.0
U_34703384,0.0,0.22727272727272727,2.6136363636363633,0.0
U_36529357,86.66666666666667,10.0,3.3333333333333335,0.0
U_31280644,100.0,0.0,0.0,0.0
U_8933975,50.0,0.0,50.0,0.0
U_36605090,100.0,0.0,0.0,0.0
U_36531994,0.0,18.181818181818183,72.72727272727273,9.090909090909092
U_14151111,100.0,0.0,0.0,0.0
U_35761335,0.0,0.0,50.0,0.0
U_36373694,50.0,0.0,50.0,0.0
U_16615903,0.0,0.0,100.0,0.0
U_36114169,100.0,0.0,0.0,0.0
U_32085702,100.0,0.0,0.0,0.0
U_31193713,0.0,0.0,0.0,100.0
U_35233,0.0,0.0,100.0,0.0
U_36284449,100.0,0.0,0.0,0.0
U_2742297,100.0,0.0,0.0,0.0
U_36269559,100.0,0.0,0.0,0.0
U_18008798,0.0,100.0,0.0,0.0
U_28097522,0.0,0.0,27.27272727272727,0.0
U_13381710,100.0,0.0,0.0,0.0
U_36461005,100.0,0.0,0.0,0.0
U_12951932,100.0,0.0,0.0,0.0
U_36577898,0.0,0.0,100.0,0.0
U_36288254,100.0,0.0,0.0,0.0
U_36611820,50.0,0.0,0.0,0.0
U_30573696,100.0,0.0,0.0,0.0
U_2619248,100.0,0.0,0.0,0.0
U_36612013,0.0,0.0,100.0,0.0
U_24911023,0.0,0.0,0.0,0.0
U_36502969,100.0,0.0,0.0,0.0
U_15507906,0.0,0.0,66.66666666666666,0.0
U_36069432,60.0,20.0,20.0,0.0
U_36578017,100.0,0.0,0.0,0.0
U_161677,100.0,0.0,0.0,0.0
U_28994832,66.66666666666666,0.0,0.0,0.0
U_36348722,0.0,0.0,100.0,0.0
U_25838112,0.0,0.0,0.0,0.0
U_32570877,100.0,0.0,0.0,0.0
U_36618648,0.0,0.0,100.0,0.0
U_36619117,100.0,0.0,0.0,0.0
U_14956019,40.0,20.0,30.0,0.0
U_36619183,43.75,12.5,43.75,0.0
U_36436998,100.0,0.0,0.0,0.0
U_12467476,9.090909090909092,63.63636363636363,18.181818181818183,9.090909090909092
U_15388948,25.0,0.0,75.0,0.0
U_36620035,100.0,0.0,0.0,0.0
U_11791060,50.0,50.0,0.0,0.0
U_14273147,100.0,0.0,0.0,0.0
U_36621115,100.0,0.0,0.0,0.0
U_13376288,100.0,0.0,0.0,0.0
U_36467375,0.0,33.33333333333333,66.66666666666666,0.0
U_36552456,0.0,0.0,0.0,100.0
U_36621765,100.0,0.0,0.0,0.0
U_35975653,0.0,0.0,100.0,0.0
U_35371689,100.0,0.0,0.0,0.0
U_36490313,0.0,0.0,100.0,0.0
U_34003534,40.0,0.0,60.0,0.0
U_36519893,100.0,0.0,0.0,0.0
U_36604292,100.0,0.0,0.0,0.0
U_12647678,41.37931034482759,24.137931034482758,20.689655172413794,0.0
U_34477310,0.0,0.0,100.0,0.0
U_12461414,50.0,0.0,33.33333333333333,16.666666666666664
U_14084245,66.66666666666666,33.33333333333333,0.0,0.0
U_24685664,0.0,0.0,33.33333333333333,33.33333333333333
U_35268405,0.0,100.0,0.0,0.0
U_34248320,0.0,0.0,100.0,0.0
U_36616685,100.0,0.0,0.0,0.0
U_36626414,100.0,0.0,0.0,0.0
U_31093769,100.0,0.0,0.0,0.0
U_16549176,75.0,25.0,0.0,0.0
U_36289587,0.0,100.0,0.0,0.0
U_17067259,100.0,0.0,0.0,0.0
U_36625740,100.0,0.0,0.0,0.0
U_25898114,50.0,0.0,33.33333333333333,0.0
U_33508714,100.0,0.0,0.0,0.0
U_28432979,75.0,25.0,0.0,0.0
U_4956519,0.0,0.0,0.0,100.0
U_34694013,0.0,0.0,75.0,25.0
U_29779388,0.0,0.0,100.0,0.0
U_36207740,20.0,40.0,40.0,0.0
U_28904623,50.0,0.0,25.0,0.0
U_35933504,0.0,0.0,100.0,0.0
U_13178111,50.0,0.0,0.0,0.0
U_34038431,0.0,55.55555555555556,22.22222222222222,11.11111111111111
U_4879107,93.75,1.0416666666666665,3.125,1.0416666666666665
U_26967139,0.0,100.0,0.0,0.0
U_35213486,0.0,0.0,100.0,0.0
U_33320600,0.0,0.0,100.0,0.0
U_36381407,0.0,0.0,100.0,0.0
U_36576482,100.0,0.0,0.0,0.0
U_14909654,0.0,0.0,100.0,0.0
U_33163374,82.35294117647058,5.88235294117647,5.88235294117647,5.88235294117647
U_36289380,100.0,0.0,0.0,0.0
U_26414115,100.0,0.0,0.0,0.0
U_36443583,100.0,0.0,0.0,0.0
U_6573818,0.0,33.33333333333333,33.33333333333333,33.33333333333333
U_36363493,0.0,0.0,100.0,0.0
U_35525459,100.0,0.0,0.0,0.0
U_5623218,66.66666666666666,0.0,33.33333333333333,0.0
U_16029638,100.0,0.0,0.0,0.0
U_36371691,33.33333333333333,0.0,66.66666666666666,0.0
U_1703033,100.0,0.0,0.0,0.0
U_36114984,0.0,0.0,100.0,0.0
U_36531866,0.0,0.0,0.0,0.0
U_31773773,100.0,0.0,0.0,0.0
U_1535553,100.0,0.0,0.0,0.0
U_36417179,0.0,0.0,62.5,25.0
U_24778827,33.33333333333333,33.33333333333333,0.0,0.0
U_36417642,0.0,0.0,37.5,12.5
U_36531966,0.0,0.0,75.0,0.0
U_36491629,0.0,0.0,0.0,100.0
U_34936929,0.0,0.0,0.0,100.0
U_36610626,100.0,0.0,0.0,0.0
U_35187092,0.0,0.0,100.0,0.0
U_36481882,0.0,0.0,37.5,62.5
U_33913657,0.0,0.0,100.0,0.0
U_36430007,0.0,0.0,14.035087719298245,0.0
U_19220007,0.0,0.0,100.0,0.0
U_36631014,68.75,0.0,12.5,6.25
U_12566623,0.0,0.0,100.0,0.0
U_36160264,0.0,0.0,100.0,0.0
U_36625572,50.0,25.0,0.0,0.0
U_35660408,0.0,0.0,0.0,0.0
U_36611674,66.66666666666666,0.0,0.0,33.33333333333333
U_36387159,57.14285714285714,42.857142857142854,0.0,0.0
U_36641645,0.0,0.0,100.0,0.0
U_14952079,100.0,0.0,0.0,0.0
U_36264028,0.0,0.0,100.0,0.0
U_36645618,0.0,0.0,100.0,0.0
U_81025,0.0,0.0,0.0,0.0
U_35766568,100.0,0.0,0.0,0.0
U_34535034,0.0,0.0,100.0,0.0
U_6488153,50.0,0.0,50.0,0.0
U_33166962,0.0,0.0,100.0,0.0
U_34317636,0.0,0.0,100.0,0.0
U_26369056,100.0,0.0,0.0,0.0
U_12374591,100.0,0.0,0.0,0.0
U_36647348,0.0,0.0,0.0,100.0
U_36619252,0.0,0.0,20.0,40.0
U_36647374,33.33333333333333,0.0,66.66666666666666,0.0
U_36309980,100.0,0.0,0.0,0.0
U_36647838,0.0,0.0,60.0,20.0
U_36642913,50.0,0.0,0.0,0.0
U_36605760,0.0,0.0,80.0,0.0
U_30786110,100.0,0.0,0.0,0.0
U_29813938,0.0,0.0,100.0,0.0
U_36582079,100.0,0.0,0.0,0.0
U_34441297,0.0,0.0,0.0,100.0
U_35677801,100.0,0.0,0.0,0.0
U_36650820,100.0,0.0,0.0,0.0
U_29774832,0.0,0.0,100.0,0.0
U_34321871,0.0,50.0,50.0,0.0
U_29579987,33.33333333333333,0.0,66.66666666666666,0.0
U_19938029,100.0,0.0,0.0,0.0
U_36158450,0.0,0.0,100.0,0.0
U_36651550,100.0,0.0,0.0,0.0
U_14963516,0.0,0.0,0.0,100.0
U_22272495,0.0,0.0,100.0,0.0
U_4288761,0.0,0.0,100.0,0.0
U_36429216,100.0,0.0,0.0,0.0
U_14066676,100.0,0.0,0.0,0.0
U_32929906,0.0,80.0,20.0,0.0
U_35980493,50.0,25.0,25.0,0.0
U_36626890,100.0,0.0,0.0,0.0
U_36441919,85.71428571428571,0.0,14.285714285714285,0.0
U_10722496,100.0,0.0,0.0,0.0
U_36625886,0.0,0.0,100.0,0.0
U_34968319,0.0,0.0,100.0,0.0
U_34923803,0.0,0.0,100.0,0.0
U_22870080,100.0,0.0,0.0,0.0
U_35224301,0.0,0.0,100.0,0.0
U_29604200,73.91304347826086,17.391304347826086,8.695652173913043,0.0
U_16630319,100.0,0.0,0.0,0.0
U_36654904,100.0,0.0,0.0,0.0
U_30840340,100.0,0.0,0.0,0.0
U_36655350,100.0,0.0,0.0,0.0
U_36651073,0.0,100.0,0.0,0.0
U_36651781,100.0,0.0,0.0,0.0
U_36655856,0.0,0.0,100.0,0.0
U_36629575,100.0,0.0,0.0,0.0
U_36366194,20.0,50.0,30.0,0.0
U_16135131,0.0,0.0,100.0,0.0
U_36493792,50.0,50.0,0.0,0.0
U_33849354,75.0,25.0,0.0,0.0
U_30555973,0.0,0.0,100.0,0.0
U_35875643,0.0,0.0,100.0,0.0
U_35827217,0.0,0.0,100.0,0.0
U_34922287,0.0,50.0,50.0,0.0
U_15218677,0.0,0.0,100.0,0.0
U_6904846,0.0,0.0,100.0,0.0
U_36564505,77.77777777777779,22.22222222222222,0.0,0.0
U_25797010,100.0,0.0,0.0,0.0
U_35534684,0.0,0.0,100.0,0.0
U_35100982,0.0,0.0,100.0,0.0
U_36402650,0.0,0.0,100.0,0.0
U_33792545,100.0,0.0,0.0,0.0
U_36655910,100.0,0.0,0.0,0.0
U_15377915,60.0,20.0,20.0,0.0
U_25892512,0.0,0.0,100.0,0.0
U_19898619,0.0,50.0,50.0,0.0
U_19288188,100.0,0.0,0.0,0.0
U_33902195,16.666666666666664,0.0,50.0,16.666666666666664
U_36332462,0.0,0.0,66.66666666666666,33.33333333333333
U_36050742,0.0,100.0,0.0,0.0
U_35283157,100.0,0.0,0.0,0.0
U_36098937,0.0,0.0,80.0,0.0
U_33951782,0.0,0.0,100.0,0.0
U_36663015,100.0,0.0,0.0,0.0
U_2612954,100.0,0.0,0.0,0.0
U_35860848,100.0,0.0,0.0,0.0
U_23311662,0.0,0.0,100.0,0.0
U_35724406,0.0,0.0,100.0,0.0
U_26588144,100.0,0.0,0.0,0.0
U_12459288,100.0,0.0,0.0,0.0
U_28457305,42.857142857142854,57.14285714285714,0.0,0.0
U_12085500,100.0,0.0,0.0,0.0
U_36598110,100.0,0.0,0.0,0.0
U_35259587,0.0,0.0,0.0,0.0
U_17206687,100.0,0.0,0.0,0.0
U_36675294,100.0,0.0,0.0,0.0
U_36679712,0.0,100.0,0.0,0.0
U_36434543,0.0,100.0,0.0,0.0
U_36606823,0.0,0.0,100.0,0.0
U_34411913,100.0,0.0,0.0,0.0
U_34570464,100.0,0.0,0.0,0.0
U_3961794,0.0,0.0,100.0,0.0
U_5017956,100.0,0.0,0.0,0.0
U_36254490,100.0,0.0,0.0,0.0
U_34582045,0.0,0.0,100.0,0.0
U_36248877,0.0,0.0,100.0,0.0
U_36684213,0.0,0.0,83.33333333333334,16.666666666666664
U_36116849,0.0,0.0,100.0,0.0
U_36612545,100.0,0.0,0.0,0.0
U_36689818,25.0,25.0,0.0,50.0
U_36126208,0.0,0.0,100.0,0.0
U_16753720,0.0,0.0,100.0,0.0
U_12288366,0.0,0.0,100.0,0.0
U_7879527,0.0,0.0,100.0,0.0
U_36564336,0.0,66.66666666666666,0.0,0.0
U_13316827,0.0,0.0,100.0,0.0
U_36662857,0.0,0.0,0.0,66.66666666666666
U_17103734,0.0,0.0,50.0,50.0
U_19330112,0.0,50.0,50.0,0.0
U_2842331,100.0,0.0,0.0,0.0
U_36289640,100.0,0.0,0.0,0.0
U_12726594,100.0,0.0,0.0,0.0
U_2007310,0.0,100.0,0.0,0.0
U_36681836,0.0,0.0,100.0,0.0
U_36563845,57.14285714285714,14.285714285714285,28.57142857142857,0.0
U_13324165,0.0,20.0,60.0,20.0
U_31397361,100.0,0.0,0.0,0.0
U_36408555,0.0,0.0,100.0,0.0
U_10408295,100.0,0.0,0.0,0.0
U_30405815,0.0,0.0,50.0,0.0
U_36211791,100.0,0.0,0.0,0.0
U_10935455,75.0,25.0,0.0,0.0
U_36502822,0.0,0.0,100.0,0.0
U_36672122,0.0,0.0,0.0,100.0
U_29207435,100.0,0.0,0.0,0.0
U_35827621,100.0,0.0,0.0,0.0
U_29157149,66.66666666666666,0.0,11.11111111111111,22.22222222222222
U_12569898,0.0,0.0,75.0,25.0
U_14333262,100.0,0.0,0.0,0.0
U_36612299,83.33333333333334,0.0,16.666666666666664,0.0
U_28727723,23.076923076923077,0.0,30.76923076923077,0.0
U_31691107,0.0,100.0,0.0,0.0
U_10385148,0.0,0.0,100.0,0.0
U_1975305,88.23529411764706,11.76470588235294,0.0,0.0
U_17487227,0.0,0.0,60.0,0.0
U_36374304,78.26086956521739,13.043478260869565,4.3478260869565215,0.0
U_36681690,0.0,47.368421052631575,52.63157894736842,0.0
U_36706531,80.0,20.0,0.0,0.0
U_36705052,0.0,0.0,100.0,0.0
U_34797635,60.0,20.0,20.0,0.0
U_16382455,50.0,0.0,50.0,0.0
U_694304,75.0,25.0,0.0,0.0
U_36092700,0.0,0.0,0.0,100.0
U_7439067,14.285714285714285,0.0,57.14285714285714,0.0
U_35407985,0.0,0.0,100.0,0.0
U_34161634,100.0,0.0,0.0,0.0
U_36598897,50.0,0.0,50.0,0.0
U_253517,100.0,0.0,0.0,0.0
U_13966387,75.0,25.0,0.0,0.0
U_24712191,85.71428571428571,0.0,14.285714285714285,0.0
U_16142222,50.0,0.0,50.0,0.0
U_37048,80.0,0.0,20.0,0.0
U_3023105,100.0,0.0,0.0,0.0
U_36716073,100.0,0.0,0.0,0.0
U_36499391,0.0,66.66666666666666,33.33333333333333,0.0
U_36101068,0.0,25.0,50.0,25.0
U_12225442,0.0,0.0,100.0,0.0
U_35758642,50.0,0.0,25.0,25.0
U_36497018,0.0,3.0927835051546393,78.35051546391753,0.0
U_14459427,100.0,0.0,0.0,0.0
U_36711066,0.0,50.0,50.0,0.0
U_36288516,100.0,0.0,0.0,0.0
U_3901852,0.0,0.0,100.0,0.0
U_36722664,0.0,0.0,100.0,0.0
U_14831095,0.0,0.0,0.0,0.0
U_2598236,100.0,0.0,0.0,0.0
U_18557188,0.0,33.33333333333333,44.44444444444444,0.0
U_32587706,0.0,0.0,100.0,0.0
U_6498610,100.0,0.0,0.0,0.0
U_36723257,0.0,0.0,0.0,100.0
U_8931430,100.0,0.0,0.0,0.0
U_36705804,100.0,0.0,0.0,0.0
U_350588,0.0,14.285714285714285,57.14285714285714,14.285714285714285
U_31093647,100.0,0.0,0.0,0.0
U_32253312,0.0,100.0,0.0,0.0
U_36248353,98.59154929577466,1.4084507042253522,0.0,0.0
U_36384740,100.0,0.0,0.0,0.0
U_24657497,73.33333333333333,0.0,20.0,0.0
U_36540602,0.0,0.0,100.0,0.0
U_14228084,0.0,100.0,0.0,0.0
U_36449343,0.0,100.0,0.0,0.0
U_31110184,0.0,0.0,100.0,0.0
U_7241813,100.0,0.0,0.0,0.0
U_36727544,0.0,0.0,100.0,0.0
U_36657012,50.0,0.0,50.0,0.0
U_29884181,0.0,0.0,100.0,0.0
U_36731606,0.0,0.0,0.0,0.0
U_19888234,0.0,0.0,100.0,0.0
U_25760113,40.0,40.0,20.0,0.0
U_36679684,100.0,0.0,0.0,0.0
U_32872364,0.0,0.0,0.0,0.0
U_34208393,50.0,50.0,0.0,0.0
U_32384513,100.0,0.0,0.0,0.0
U_11243606,100.0,0.0,0.0,0.0
U_35305310,100.0,0.0,0.0,0.0
U_10903399,100.0,0.0,0.0,0.0
U_36735132,80.0,0.0,20.0,0.0
U_36569853,0.0,50.0,50.0,0.0
U_33403797,0.0,0.0,100.0,0.0
U_33520977,100.0,0.0,0.0,0.0
U_14035177,100.0,0.0,0.0,0.0
U_13515129,100.0,0.0,0.0,0.0
U_9373458,100.0,0.0,0.0,0.0
U_15399229,100.0,0.0,0.0,0.0
U_17606264,0.0,0.0,100.0,0.0
U_36736665,100.0,0.0,0.0,0.0
U_1922359,0.0,0.0,100.0,0.0
U_14773453,0.0,0.0,100.0,0.0
U_36287637,0.0,0.0,100.0,0.0
U_36490392,0.0,0.0,100.0,0.0
U_16133698,0.0,0.0,100.0,0.0
U_36727445,66.66666666666666,33.33333333333333,0.0,0.0
U_33946079,0.0,0.0,100.0,0.0
U_33524108,100.0,0.0,0.0,0.0
U_35795217,0.0,0.0,100.0,0.0
U_36737344,100.0,0.0,0.0,0.0
U_29816545,100.0,0.0,0.0,0.0
U_35093696,0.0,0.0,0.0,0.0
U_29189399,100.0,0.0,0.0,0.0
U_36631946,0.0,0.0,100.0,0.0
U_1577387,83.33333333333334,16.666666666666664,0.0,0.0
U_26635981,100.0,0.0,0.0,0.0
U_6445452,100.0,0.0,0.0,0.0
U_13733844,0.0,100.0,0.0,0.0
U_25844563,100.0,0.0,0.0,0.0
U_35724212,0.0,0.0,66.66666666666666,16.666666666666664
U_4525444,0.0,100.0,0.0,0.0
U_11711711,100.0,0.0,0.0,0.0
U_35356996,0.0,0.0,66.66666666666666,0.0
U_36154842,0.0,0.0,0.0,0.0
U_36744595,75.0,0.0,25.0,0.0
U_13231012,66.66666666666666,0.0,33.33333333333333,0.0
U_36724790,0.0,0.0,25.0,25.0
U_12632544,50.0,0.0,0.0,0.0
U_36742233,84.0,0.0,0.0,4.0
U_36737057,66.66666666666666,0.0,33.33333333333333,0.0
U_36748957,0.0,0.0,66.66666666666666,33.33333333333333
U_35764759,0.0,29.166666666666668,41.66666666666667,0.0
U_36390624,16.666666666666664,83.33333333333334,0.0,0.0
U_13469703,0.0,0.0,100.0,0.0
U_36434211,0.0,0.0,0.0,0.0
U_5272857,100.0,0.0,0.0,0.0
U_36567583,0.0,0.0,100.0,0.0
U_36448343,0.0,0.0,100.0,0.0
U_36605899,100.0,0.0,0.0,0.0
U_33181234,100.0,0.0,0.0,0.0
U_36434485,100.0,0.0,0.0,0.0
U_5848484,6.896551724137931,0.0,93.10344827586206,0.0
U_34345524,100.0,0.0,0.0,0.0
U_36749636,0.0,100.0,0.0,0.0
U_34334190,0.0,0.0,100.0,0.0
U_11601807,33.33333333333333,0.0,16.666666666666664,8.333333333333332
U_28738237,50.0,0.0,50.0,0.0
U_775952,100.0,0.0,0.0,0.0
U_36567536,0.0,0.0,100.0,0.0
U_14440207,100.0,0.0,0.0,0.0
U_36760892,100.0,0.0,0.0,0.0
U_35287376,0.0,0.0,100.0,0.0
U_5228558,100.0,0.0,0.0,0.0
U_36758190,0.0,0.0,66.66666666666666,0.0
U_1153434,0.0,100.0,0.0,0.0
U_15360735,0.0,50.0,50.0,0.0
U_32085232,100.0,0.0,0.0,0.0
U_36765471,100.0,0.0,0.0,0.0
U_24893630,100.0,0.0,0.0,0.0
U_36767335,0.0,0.0,100.0,0.0
U_5340576,0.0,0.0,33.33333333333333,66.66666666666666
U_18307867,50.0,0.0,50.0,0.0
U_11990302,100.0,0.0,0.0,0.0
U_13823003,66.66666666666666,33.33333333333333,0.0,0.0
U_18397233,0.0,100.0,0.0,0.0
U_36337578,0.0,40.0,60.0,0.0
U_36483153,0.0,0.0,100.0,0.0
U_35828662,0.0,0.0,66.66666666666666,33.33333333333333
U_36772227,100.0,0.0,0.0,0.0
U_36714154,91.66666666666666,8.333333333333332,0.0,0.0
U_8338822,100.0,0.0,0.0,0.0
U_36772363,81.81818181818183,0.0,18.181818181818183,0.0
U_26337528,100.0,0.0,0.0,0.0
U_36737279,0.0,0.0,66.66666666666666,0.0
U_36772766,0.0,0.0,100.0,0.0
U_36773082,0.0,0.0,100.0,0.0
U_19802179,50.0,50.0,0.0,0.0
U_36736476,0.0,0.0,100.0,0.0
U_35973944,0.0,0.0,100.0,0.0
U_36213999,0.0,0.0,0.0,0.0
U_33164175,25.0,75.0,0.0,0.0
U_36774572,75.0,25.0,0.0,0.0
U_36542979,0.0,0.0,100.0,0.0
U_31074227,83.33333333333334,0.0,16.666666666666664,0.0
U_36774980,0.0,0.0,0.0,12.5
U_35793256,0.0,0.0,50.0,50.0
U_36775422,64.28571428571429,0.0,21.428571428571427,14.285714285714285
U_36775437,0.0,0.0,100.0,0.0
U_36775487,0.0,100.0,0.0,0.0
U_295548,0.0,0.0,0.0,100.0
U_6102771,0.0,100.0,0.0,0.0
U_34833249,0.0,7.6923076923076925,46.15384615384615,0.0
U_36766139,50.0,25.0,0.0,25.0
U_36745497,100.0,0.0,0.0,0.0
U_13467717,100.0,0.0,0.0,0.0
U_5825603,0.0,0.0,100.0,0.0
U_16391592,42.857142857142854,0.0,57.14285714285714,0.0
U_8439668,100.0,0.0,0.0,0.0
U_30934820,0.0,100.0,0.0,0.0
U_34266916,0.0,0.0,100.0,0.0
U_36781842,58.333333333333336,33.33333333333333,8.333333333333332,0.0
U_25382445,0.0,0.0,100.0,0.0
U_31255312,100.0,0.0,0.0,0.0
U_36767360,0.0,0.0,100.0,0.0
U_24854327,100.0,0.0,0.0,0.0
U_36429888,0.0,66.66666666666666,0.0,33.33333333333333
U_18251123,50.0,50.0,0.0,0.0
U_32928860,0.0,100.0,0.0,0.0
U_33915752,0.0,0.0,60.0,0.0
U_3312875,100.0,0.0,0.0,0.0
U_36713490,58.82352941176471,17.647058823529413,5.88235294117647,0.0
U_36444789,0.0,0.0,100.0,0.0
U_33973602,0.0,0.0,100.0,0.0
U_35588004,0.0,0.0,100.0,0.0
U_36684285,0.0,0.0,100.0,0.0
U_1040210,0.0,0.0,100.0,0.0
U_2659177,100.0,0.0,0.0,0.0
U_14815046,0.0,100.0,0.0,0.0
U_2642673,0.0,0.0,66.66666666666666,0.0
U_36776092,100.0,0.0,0.0,0.0
U_14954360,0.0,66.66666666666666,33.33333333333333,0.0
U_36782597,100.0,0.0,0.0,0.0
U_26964897,0.0,0.0,100.0,0.0
U_36812310,0.0,33.33333333333333,33.33333333333333,33.33333333333333
U_35875510,0.0,0.0,0.0,25.0
U_16174086,0.0,0.0,100.0,0.0
U_35548759,100.0,0.0,0.0,0.0
U_16353339,70.0,0.0,30.0,0.0
U_4606986,90.9090909090909,9.090909090909092,0.0,0.0
U_35740707,100.0,0.0,0.0,0.0
U_34053823,100.0,0.0,0.0,0.0
U_19207569,50.0,50.0,0.0,0.0
U_19809597,100.0,0.0,0.0,0.0
U_36435227,0.0,0.0,100.0,0.0
U_36816552,0.0,0.0,100.0,0.0
U_4363136,0.0,100.0,0.0,0.0
U_34099501,100.0,0.0,0.0,0.0
U_36339390,0.0,0.0,100.0,0.0
U_34121688,0.0,0.0,100.0,0.0
U_36500571,100.0,0.0,0.0,0.0
U_15498488,100.0,0.0,0.0,0.0
U_33916208,0.0,0.0,100.0,0.0
U_36773579,58.333333333333336,29.166666666666668,12.5,0.0
U_29818604,100.0,0.0,0.0,0.0
U_36761477,100.0,0.0,0.0,0.0
U_12545471,36.36363636363637,27.27272727272727,36.36363636363637,0.0
U_34582540,100.0,0.0,0.0,0.0
U_36042932,0.0,0.0,100.0,0.0
U_33977139,100.0,0.0,0.0,0.0
U_4363196,100.0,0.0,0.0,0.0
U_32472318,0.0,0.0,100.0,0.0
U_17167762,0.0,0.0,100.0,0.0
U_36753868,20.0,0.0,20.0,60.0
U_18523348,0.0,0.0,100.0,0.0
U_36834759,100.0,0.0,0.0,0.0
U_317829,19.230769230769234,57.692307692307686,15.384615384615385,0.0
U_36646146,0.0,0.0,100.0,0.0
U_11771233,100.0,0.0,0.0,0.0
U_36656917,100.0,0.0,0.0,0.0
U_33895384,0.0,0.0,77.77777777777779,0.0
U_13677716,50.0,50.0,0.0,0.0
U_35959720,100.0,0.0,0.0,0.0
U_35825184,0.0,0.0,0.0,0.0
U_36836875,0.0,0.0,66.66666666666666,33.33333333333333
U_18506796,0.0,0.0,0.0,100.0
U_2041332,50.0,50.0,0.0,0.0
U_36838660,92.0,0.0,8.0,0.0
U_33754022,0.0,16.666666666666664,0.0,16.666666666666664
U_36739786,0.0,0.0,100.0,0.0
U_36592987,0.0,0.0,100.0,0.0
U_33895422,0.0,0.0,100.0,0.0
U_11519791,100.0,0.0,0.0,0.0
U_36585110,0.0,0.0,0.0,100.0
U_36819548,100.0,0.0,0.0,0.0
U_36772544,75.0,0.0,25.0,0.0
U_30046303,100.0,0.0,0.0,0.0
U_30708135,75.0,5.0,15.0,0.0
U_34349273,0.0,0.0,100.0,0.0
U_15744336,0.0,0.0,100.0,0.0
U_1131468,66.66666666666666,16.666666666666664,0.0,0.0
U_35900987,0.0,0.0,75.0,25.0
U_33587488,0.0,0.0,100.0,0.0
U_22107106,50.0,0.0,0.0,50.0
U_36446196,0.0,0.0,100.0,0.0
U_13061840,100.0,0.0,0.0,0.0
U_32096254,0.0,0.0,33.33333333333333,66.66666666666666
U_31020477,0.0,100.0,0.0,0.0
U_28779148,83.33333333333334,0.0,0.0,0.0
U_4965648,100.0,0.0,0.0,0.0
U_36238255,0.0,16.666666666666664,83.33333333333334,0.0
U_36857326,100.0,0.0,0.0,0.0
U_18471720,100.0,0.0,0.0,0.0
U_14817107,50.0,50.0,0.0,0.0
U_10930382,100.0,0.0,0.0,0.0
U_35943609,0.0,0.0,50.0,0.0
U_36859803,38.88888888888889,11.11111111111111,16.666666666666664,5.555555555555555
U_4596507,100.0,0.0,0.0,0.0
U_36858925,0.0,0.0,100.0,0.0
U_36859661,100.0,0.0,0.0,0.0
U_36844003,80.0,20.0,0.0,0.0
U_30898353,100.0,0.0,0.0,0.0
U_36836919,0.0,0.0,100.0,0.0
U_32612715,0.0,25.0,25.0,25.0
U_35987823,75.0,0.0,25.0,0.0
U_13686368,0.0,0.0,100.0,0.0
U_7301173,65.21739130434783,13.043478260869565,8.695652173913043,0.0
U_31194868,20.0,53.333333333333336,26.666666666666668,0.0
U_34539815,0.0,0.0,0.0,100.0
U_30012618,40.0,40.0,0.0,0.0
U_33321134,0.0,100.0,0.0,0.0
U_31030822,25.0,50.0,25.0,0.0
U_4363137,50.0,50.0,0.0,0.0
U_36865045,100.0,0.0,0.0,0.0
U_36784699,0.0,0.0,100.0,0.0
U_32298257,0.0,0.0,60.0,0.0
U_36763387,0.0,20.0,0.0,0.0
U_32330375,100.0,0.0,0.0,0.0
U_34687328,0.0,0.0,71.42857142857143,0.0
U_36462713,100.0,0.0,0.0,0.0
U_33126899,100.0,0.0,0.0,0.0
U_29066576,76.19047619047619,9.523809523809524,14.285714285714285,0.0
U_34937997,0.0,50.0,50.0,0.0
U_33012619,0.0,0.0,100.0,0.0
U_34814330,0.0,0.0,100.0,0.0
U_36739306,0.0,0.0,0.0,100.0
U_36740098,0.0,0.0,100.0,0.0
U_36863478,0.0,0.0,100.0,0.0
U_4596515,100.0,0.0,0.0,0.0
U_16826344,100.0,0.0,0.0,0.0
U_4363250,57.14285714285714,0.0,28.57142857142857,0.0
U_35148917,0.0,0.0,100.0,0.0
U_29922264,100.0,0.0,0.0,0.0
U_19118528,100.0,0.0,0.0,0.0
U_36865569,0.0,0.0,85.71428571428571,7.142857142857142
U_34436183,0.0,0.0,100.0,0.0
U_35795577,0.0,0.0,100.0,0.0
U_35287987,0.0,100.0,0.0,0.0
U_36650533,0.0,5.0,20.0,0.0
U_32536049,100.0,0.0,0.0,0.0
U_13578425,100.0,0.0,0.0,0.0
U_36872826,100.0,0.0,0.0,0.0
U_36871509,57.14285714285714,14.285714285714285,28.57142857142857,0.0
U_12096531,100.0,0.0,0.0,0.0
U_34707218,0.0,0.0,0.0,100.0
U_15064591,100.0,0.0,0.0,0.0
U_32538685,100.0,0.0,0.0,0.0
U_11138778,0.0,0.0,50.0,0.0
U_30849840,70.66666666666667,0.0,6.666666666666667,0.0
U_7669589,0.0,100.0,0.0,0.0
U_36695967,100.0,0.0,0.0,0.0
U_36865897,100.0,0.0,0.0,0.0
U_36569481,83.33333333333334,16.666666666666664,0.0,0.0
U_5496281,0.0,0.0,100.0,0.0
U_35902025,0.0,0.0,100.0,0.0
U_36552632,0.0,14.285714285714285,0.0,14.285714285714285
U_32907282,100.0,0.0,0.0,0.0
U_2100696,100.0,0.0,0.0,0.0
U_19859686,0.0,0.0,100.0,0.0
U_35845412,0.0,0.0,100.0,0.0
U_33414211,0.0,0.0,0.0,100.0
U_35798813,0.0,0.0,100.0,0.0
U_34350783,58.333333333333336,8.333333333333332,16.666666666666664,0.0
U_36628542,90.47619047619048,0.0,3.571428571428571,2.380952380952381
U_36878173,27.27272727272727,36.36363636363637,27.27272727272727,0.0
U_36395768,100.0,0.0,0.0,0.0
U_36879127,100.0,0.0,0.0,0.0
U_36871643,100.0,0.0,0.0,0.0
U_36386943,0.0,0.0,100.0,0.0
U_36561379,0.0,0.0,100.0,0.0
U_22257142,28.57142857142857,0.0,28.57142857142857,0.0
U_14218497,60.0,0.0,40.0,0.0
U_35752875,0.0,0.0,66.66666666666666,33.33333333333333
U_36861858,0.0,0.0,0.0,0.0
U_23145447,100.0,0.0,0.0,0.0
U_36880294,80.0,0.0,20.0,0.0
U_28777494,100.0,0.0,0.0,0.0
U_28411571,0.0,0.0,100.0,0.0
U_34013593,77.77777777777779,0.0,11.11111111111111,0.0
U_2737820,0.0,0.0,100.0,0.0
U_18507902,0.0,100.0,0.0,0.0
U_34164494,0.0,0.0,100.0,0.0
U_2104704,66.66666666666666,33.33333333333333,0.0,0.0
U_36392998,0.0,0.0,100.0,0.0
U_36876738,100.0,0.0,0.0,0.0
U_12931492,33.33333333333333,66.66666666666666,0.0,0.0
U_22845407,58.82352941176471,17.647058823529413,23.52941176470588,0.0
U_36657221,33.33333333333333,0.0,0.0,66.66666666666666
U_34668200,0.0,0.0,33.33333333333333,0.0
U_15296141,75.0,25.0,0.0,0.0
U_36884447,100.0,0.0,0.0,0.0
U_33164875,0.0,66.66666666666666,33.33333333333333,0.0
U_36884910,100.0,0.0,0.0,0.0
U_36883196,0.0,0.0,100.0,0.0
U_34157737,100.0,0.0,0.0,0.0
U_32733164,0.0,0.0,100.0,0.0
U_36554716,0.0,0.0,40.0,20.0
U_36776520,100.0,0.0,0.0,0.0
U_34189718,0.0,0.0,50.0,0.0
U_36887251,90.0,0.0,10.0,0.0
U_29338841,100.0,0.0,0.0,0.0
U_30839379,100.0,0.0,0.0,0.0
U_36069377,50.0,50.0,0.0,0.0
U_33907110,100.0,0.0,0.0,0.0
U_36359261,0.0,0.0,100.0,0.0
U_34114209,0.0,0.0,100.0,0.0
U_34583271,0.0,0.0,100.0,0.0
U_34614994,0.0,0.0,100.0,0.0
U_36890389,100.0,0.0,0.0,0.0
U_35238958,0.0,0.0,100.0,0.0
U_32059295,100.0,0.0,0.0,0.0
U_2099218,0.0,0.0,100.0,0.0
U_34216967,0.0,0.0,0.0,100.0
U_36575283,0.0,0.0,100.0,0.0
U_36887120,100.0,0.0,0.0,0.0
U_36890259,0.0,11.11111111111111,33.33333333333333,0.0
U_36890944,100.0,0.0,0.0,0.0
U_36072418,0.0,0.0,100.0,0.0
U_1165404,100.0,0.0,0.0,0.0
U_36872192,80.0,0.0,20.0,0.0
U_15161393,100.0,0.0,0.0,0.0
U_36892400,33.33333333333333,33.33333333333333,0.0,33.33333333333333
U_10438168,100.0,0.0,0.0,0.0
U_15075438,76.92307692307693,15.384615384615385,0.0,0.0
U_34814288,0.0,0.0,100.0,0.0
U_36893069,100.0,0.0,0.0,0.0
U_36557679,0.0,0.0,100.0,0.0
U_36774922,100.0,0.0,0.0,0.0
U_15323828,100.0,0.0,0.0,0.0
U_25873278,100.0,0.0,0.0,0.0
U_36732610,0.0,0.0,100.0,0.0
U_8231365,73.5632183908046,0.0,5.747126436781609,5.747126436781609
U_36884600,50.0,0.0,25.0,0.0
U_36893651,100.0,0.0,0.0,0.0
U_33142140,100.0,0.0,0.0,0.0
U_36894482,0.0,0.0,100.0,0.0
U_36460449,0.0,2.272727272727273,18.181818181818183,79.54545454545455
U_35264131,0.0,100.0,0.0,0.0
U_30045943,0.0,0.0,100.0,0.0
U_36893122,80.0,0.0,10.0,0.0
U_36214108,0.0,33.33333333333333,0.0,33.33333333333333
U_36739148,50.0,50.0,0.0,0.0
U_34501929,100.0,0.0,0.0,0.0
U_36102907,0.0,0.0,100.0,0.0
U_28954587,100.0,0.0,0.0,0.0
U_13261661,0.0,100.0,0.0,0.0
U_34346633,0.0,0.0,100.0,0.0
U_36896321,0.0,16.666666666666664,16.666666666666664,0.0
U_4596432,100.0,0.0,0.0,0.0
U_36894937,0.0,0.0,100.0,0.0
U_36421100,0.0,16.666666666666664,83.33333333333334,0.0
U_36896885,100.0,0.0,0.0,0.0
U_13345414,100.0,0.0,0.0,0.0
U_10036290,0.0,0.0,33.33333333333333,0.0
U_4938250,0.0,100.0,0.0,0.0
U_35119158,100.0,0.0,0.0,0.0
U_29789876,100.0,0.0,0.0,0.0
U_11502336,0.0,15.384615384615385,53.84615384615385,7.6923076923076925
U_36884181,66.66666666666666,0.0,33.33333333333333,0.0
U_22754757,100.0,0.0,0.0,0.0
U_36898171,100.0,0.0,0.0,0.0
U_36883635,0.0,0.0,0.0,100.0
U_32590576,0.0,0.0,0.0,0.0
U_36338780,0.0,0.0,0.0,0.0
U_36767800,40.0,20.0,40.0,0.0
U_33396350,0.0,0.0,100.0,0.0
U_13094248,0.0,100.0,0.0,0.0
U_36746777,0.0,25.0,75.0,0.0
U_13735101,100.0,0.0,0.0,0.0
U_36722738,50.0,50.0,0.0,0.0
U_10911323,50.0,50.0,0.0,0.0
U_36657807,0.0,0.0,25.0,0.0
U_28112079,100.0,0.0,0.0,0.0
U_33190398,100.0,0.0,0.0,0.0
U_36900525,100.0,0.0,0.0,0.0
U_36900540,66.66666666666666,0.0,33.33333333333333,0.0
U_36873777,100.0,0.0,0.0,0.0
U_36406721,100.0,0.0,0.0,0.0
U_36902374,0.0,0.0,0.0,100.0
U_6759547,100.0,0.0,0.0,0.0
U_30264253,100.0,0.0,0.0,0.0
U_29139687,100.0,0.0,0.0,0.0
U_36908192,0.0,33.33333333333333,66.66666666666666,0.0
U_20312819,100.0,0.0,0.0,0.0
U_36331397,100.0,0.0,0.0,0.0
U_11576507,50.0,25.0,25.0,0.0
U_18315214,100.0,0.0,0.0,0.0
U_36910277,0.0,80.0,20.0,0.0
U_14107170,87.5,0.0,12.5,0.0
U_36080540,0.0,0.0,100.0,0.0
U_32287893,0.0,0.0,100.0,0.0
U_36911802,0.0,0.0,100.0,0.0
U_36911231,0.0,0.0,100.0,0.0
U_36448409,0.0,0.0,100.0,0.0
U_18679243,0.0,0.0,100.0,0.0
U_8110105,0.0,0.0,100.0,0.0
U_28509018,66.66666666666666,33.33333333333333,0.0,0.0
U_31136504,0.0,0.0,75.0,25.0
U_8881048,100.0,0.0,0.0,0.0
U_24141480,0.0,100.0,0.0,0.0
U_12575407,100.0,0.0,0.0,0.0
U_36915794,0.0,66.66666666666666,33.33333333333333,0.0
U_14621904,0.0,0.0,0.0,0.0
U_36690635,100.0,0.0,0.0,0.0
U_34347764,0.0,84.0909090909091,14.393939393939394,0.7575757575757576
U_10032370,100.0,0.0,0.0,0.0
U_7644404,0.0,0.0,100.0,0.0
U_36919007,0.0,0.0,0.0,100.0
U_10979596,0.0,0.0,100.0,0.0
U_36920938,0.0,0.0,100.0,0.0
U_979426,100.0,0.0,0.0,0.0
U_36920153,100.0,0.0,0.0,0.0
U_36924190,100.0,0.0,0.0,0.0
U_34286646,0.0,0.0,100.0,0.0
U_36851301,100.0,0.0,0.0,0.0
U_33951865,0.0,0.0,100.0,0.0
U_36925417,0.0,0.0,100.0,0.0
U_36924433,0.0,38.88888888888889,22.22222222222222,5.555555555555555
U_36853430,100.0,0.0,0.0,0.0
U_12231943,100.0,0.0,0.0,0.0
U_20834524,0.0,0.0,100.0,0.0
U_36403731,50.0,0.0,50.0,0.0
U_33957625,0.0,0.0,100.0,0.0
U_22727574,0.0,0.0,100.0,0.0
U_22739603,0.0,0.0,100.0,0.0
U_14163150,0.0,42.857142857142854,57.14285714285714,0.0
U_29581533,0.0,10.0,60.0,20.0
U_15839160,100.0,0.0,0.0,0.0
U_36927968,100.0,0.0,0.0,0.0
U_36909884,0.0,0.0,66.66666666666666,0.0
U_35101419,0.0,0.0,100.0,0.0
U_16227895,100.0,0.0,0.0,0.0
U_32257485,100.0,0.0,0.0,0.0
U_17154166,100.0,0.0,0.0,0.0
U_31403748,100.0,0.0,0.0,0.0
U_36351010,0.0,0.0,16.666666666666664,0.0
U_14850090,100.0,0.0,0.0,0.0
U_28064518,0.0,0.0,100.0,0.0
U_36886807,0.0,0.0,20.0,40.0
U_36860775,100.0,0.0,0.0,0.0
U_31134579,100.0,0.0,0.0,0.0
U_36338694,0.0,0.0,100.0,0.0
U_35764039,100.0,0.0,0.0,0.0
U_16313367,50.0,0.0,50.0,0.0
U_15300569,100.0,0.0,0.0,0.0
U_15102146,100.0,0.0,0.0,0.0
U_14844426,90.0,0.0,10.0,0.0
U_5217558,100.0,0.0,0.0,0.0
U_36517263,0.0,0.0,100.0,0.0
U_36889535,100.0,0.0,0.0,0.0
U_36932936,80.32786885245902,3.278688524590164,16.39344262295082,0.0
U_36891345,0.0,0.0,0.0,0.0
U_14068580,100.0,0.0,0.0,0.0
U_36099035,0.0,0.0,100.0,0.0
U_12437672,100.0,0.0,0.0,0.0
U_81673,100.0,0.0,0.0,0.0
U_26978084,71.42857142857143,14.285714285714285,9.523809523809524,4.761904761904762
U_35756452,0.0,4.761904761904762,52.38095238095239,19.047619047619047
U_15455977,100.0,0.0,0.0,0.0
U_35931206,0.0,0.0,100.0,0.0
U_13160943,0.0,0.0,0.0,0.0
U_36932485,100.0,0.0,0.0,0.0
U_13061882,100.0,0.0,0.0,0.0
U_35557633,0.0,0.0,100.0,0.0
U_34325583,0.0,14.285714285714285,85.71428571428571,0.0
U_36934403,100.0,0.0,0.0,0.0
U_32497463,42.857142857142854,42.857142857142854,14.285714285714285,0.0
U_8255261,100.0,0.0,0.0,0.0
U_13442373,66.66666666666666,0.0,33.33333333333333,0.0
U_15385590,80.0,20.0,0.0,0.0
U_33848889,100.0,0.0,0.0,0.0
U_34968473,0.0,0.0,100.0,0.0
U_31210605,100.0,0.0,0.0,0.0
U_23581123,72.72727272727273,27.27272727272727,0.0,0.0
U_6662391,100.0,0.0,0.0,0.0
U_11625793,100.0,0.0,0.0,0.0
U_36343681,0.0,0.0,55.55555555555556,11.11111111111111
U_34937973,100.0,0.0,0.0,0.0
U_371863,100.0,0.0,0.0,0.0
U_34692824,0.0,0.0,100.0,0.0
U_36919421,100.0,0.0,0.0,0.0
U_34627046,100.0,0.0,0.0,0.0
U_16124361,66.66666666666666,0.0,0.0,0.0
U_12875520,100.0,0.0,0.0,0.0
U_36912159,100.0,0.0,0.0,0.0
U_34317168,0.0,0.0,100.0,0.0
U_35505327,0.0,0.0,100.0,0.0
U_1211204,50.0,0.0,50.0,0.0
U_36904147,0.0,0.0,75.0,25.0
U_30200649,0.0,0.0,66.66666666666666,16.666666666666664
U_34506863,100.0,0.0,0.0,0.0
U_28331317,100.0,0.0,0.0,0.0
U_31186352,0.0,0.0,100.0,0.0
U_290277,100.0,0.0,0.0,0.0
U_36932422,0.0,0.0,100.0,0.0
U_9548473,0.0,0.0,100.0,0.0
U_33895312,0.0,0.0,100.0,0.0
U_36955350,0.0,0.0,0.0,0.0
U_12630928,100.0,0.0,0.0,0.0
U_18314308,100.0,0.0,0.0,0.0
U_31680280,0.0,0.0,0.0,0.0
U_36469351,0.0,0.0,42.857142857142854,0.0
U_28915804,100.0,0.0,0.0,0.0
U_35772561,100.0,0.0,0.0,0.0
U_34244462,0.0,0.0,100.0,0.0
U_5070382,0.0,0.0,0.0,100.0
U_36594183,100.0,0.0,0.0,0.0
U_5129886,100.0,0.0,0.0,0.0
U_34323839,0.0,0.0,100.0,0.0
U_34809430,100.0,0.0,0.0,0.0
U_36185540,0.0,0.0,100.0,0.0
U_16339610,7.142857142857142,50.0,42.857142857142854,0.0
U_36885753,66.66666666666666,0.0,33.33333333333333,0.0
U_32614271,0.0,0.0,100.0,0.0
U_32590587,0.0,0.0,100.0,0.0
U_142301,100.0,0.0,0.0,0.0
U_36077275,0.0,100.0,0.0,0.0
U_6785035,100.0,0.0,0.0,0.0
U_36934170,100.0,0.0,0.0,0.0
U_36531875,0.0,50.0,25.0,0.0
U_13628522,0.0,66.66666666666666,16.666666666666664,0.0
U_36833666,6.666666666666667,20.0,33.33333333333333,6.666666666666667
U_36741260,0.0,0.0,66.66666666666666,0.0
U_31554820,100.0,0.0,0.0,0.0
U_36920091,50.0,50.0,0.0,0.0
U_36346548,0.0,0.0,80.0,0.0
U_17776484,60.71428571428571,10.714285714285714,17.857142857142858,3.571428571428571
U_36964985,50.0,0.0,50.0,0.0
U_35162860,100.0,0.0,0.0,0.0
U_33795484,100.0,0.0,0.0,0.0
U_16104308,75.0,25.0,0.0,0.0
U_36934119,100.0,0.0,0.0,0.0
U_22232766,77.77777777777779,0.0,22.22222222222222,0.0
U_13260019,50.0,50.0,0.0,0.0
U_29611469,0.0,0.0,100.0,0.0
U_36472177,0.0,9.090909090909092,72.72727272727273,0.0
U_1330883,0.0,100.0,0.0,0.0
U_32252262,100.0,0.0,0.0,0.0
U_24698211,0.0,0.0,100.0,0.0
U_28157334,0.0,0.0,100.0,0.0
U_34070238,100.0,0.0,0.0,0.0
U_14621940,0.0,0.0,100.0,0.0
U_36970118,50.0,50.0,0.0,0.0
U_5737351,0.0,0.0,100.0,0.0
U_18510442,0.0,25.0,75.0,0.0
U_5374591,100.0,0.0,0.0,0.0
U_2028725,100.0,0.0,0.0,0.0
U_35851421,100.0,0.0,0.0,0.0
U_19904398,100.0,0.0,0.0,0.0
U_32307196,90.9090909090909,0.0,9.090909090909092,0.0
U_32685306,0.0,0.0,100.0,0.0
U_36964944,0.0,33.33333333333333,33.33333333333333,0.0
U_1908753,0.0,50.0,50.0,0.0
U_28074543,100.0,0.0,0.0,0.0
U_1109312,100.0,0.0,0.0,0.0
U_36971530,0.0,33.33333333333333,66.66666666666666,0.0
U_36956797,0.0,0.0,100.0,0.0
U_7759964,0.0,0.0,100.0,0.0
U_35534963,100.0,0.0,0.0,0.0
U_36880459,100.0,0.0,0.0,0.0
U_32027917,0.0,100.0,0.0,0.0
U_36934257,100.0,0.0,0.0,0.0
U_36973724,83.33333333333334,16.666666666666664,0.0,0.0
U_35140104,0.0,0.0,100.0,0.0
U_34287927,0.0,0.0,100.0,0.0
U_32420313,0.0,0.0,33.33333333333333,0.0
U_36973569,100.0,0.0,0.0,0.0
U_34295801,100.0,0.0,0.0,0.0
U_36974409,0.0,0.0,100.0,0.0
U_36973644,0.0,100.0,0.0,0.0
U_3859373,87.5,12.5,0.0,0.0
U_35763353,0.0,0.0,100.0,0.0
U_33895306,0.0,20.0,80.0,0.0
U_33587465,0.0,0.0,100.0,0.0
U_36962500,0.0,0.0,0.0,100.0
U_15198992,100.0,0.0,0.0,0.0
U_3557401,0.0,50.0,50.0,0.0
U_31163407,57.14285714285714,2.857142857142857,34.285714285714285,2.857142857142857
U_36241544,0.0,14.285714285714285,57.14285714285714,0.0
U_35868281,0.0,0.0,100.0,0.0
U_30809855,100.0,0.0,0.0,0.0
U_15574333,0.0,0.0,100.0,0.0
U_30451009,100.0,0.0,0.0,0.0
U_36996010,25.0,50.0,25.0,0.0
U_36483135,0.0,0.0,100.0,0.0
U_34356440,0.0,0.0,100.0,0.0
U_36385185,0.0,100.0,0.0,0.0
U_34378497,0.0,0.0,100.0,0.0
U_36033709,0.0,0.0,100.0,0.0
U_34347679,0.0,100.0,0.0,0.0
U_36997928,100.0,0.0,0.0,0.0
U_13619305,0.0,100.0,0.0,0.0
U_26342141,100.0,0.0,0.0,0.0
U_35222089,100.0,0.0,0.0,0.0
U_36940257,100.0,0.0,0.0,0.0
U_36749089,100.0,0.0,0.0,0.0
U_182027,100.0,0.0,0.0,0.0
U_26598684,100.0,0.0,0.0,0.0
U_36840207,0.0,0.0,100.0,0.0
U_729201,87.5,4.166666666666666,4.166666666666666,4.166666666666666
U_34493890,0.0,0.0,75.0,25.0
U_68878,100.0,0.0,0.0,0.0
U_34487066,0.0,9.523809523809524,76.19047619047619,9.523809523809524
U_15258660,87.5,12.5,0.0,0.0
U_9802616,100.0,0.0,0.0,0.0
U_26376342,50.0,0.0,50.0,0.0
U_35287033,0.0,0.0,66.66666666666666,22.22222222222222
U_18257089,39.21568627450981,54.90196078431373,1.9607843137254901,0.0
U_36372818,0.0,0.0,100.0,0.0
U_32746597,0.0,0.0,100.0,0.0
U_34799066,50.0,50.0,0.0,0.0
U_34265356,0.0,0.0,100.0,0.0
U_29587804,0.0,0.0,0.0,0.0
U_22829481,40.0,20.0,40.0,0.0
U_5426389,42.857142857142854,35.714285714285715,14.285714285714285,7.142857142857142
U_16573514,100.0,0.0,0.0,0.0
U_34541465,83.33333333333334,0.0,16.666666666666664,0.0
U_36304349,100.0,0.0,0.0,0.0
U_36722475,100.0,0.0,0.0,0.0
U_36829547,100.0,0.0,0.0,0.0
U_6239105,0.0,100.0,0.0,0.0
U_36432011,0.0,0.0,100.0,0.0
U_35852905,0.0,0.0,70.0,0.0
U_23129814,66.66666666666666,0.0,33.33333333333333,0.0
U_36976180,11.11111111111111,3.7037037037037033,14.814814814814813,0.0
U_37012382,0.0,0.0,83.33333333333334,16.666666666666664
U_12910705,100.0,0.0,0.0,0.0
U_36910212,0.0,0.0,66.66666666666666,33.33333333333333
U_37020664,100.0,0.0,0.0,0.0
U_4362918,100.0,0.0,0.0,0.0
U_31505846,0.0,0.0,100.0,0.0
U_36974280,100.0,0.0,0.0,0.0
U_37022214,0.0,0.0,0.0,100.0
U_21152392,100.0,0.0,0.0,0.0
U_35958028,0.0,0.0,100.0,0.0
U_34738685,90.0,10.0,0.0,0.0
U_36908276,0.0,0.0,50.0,50.0
U_33863392,100.0,0.0,0.0,0.0
U_35734852,0.0,0.0,0.0,0.0
U_31116154,100.0,0.0,0.0,0.0
U_31430312,0.0,0.0,100.0,0.0
U_30976636,66.66666666666666,0.0,33.33333333333333,0.0
U_11791110,100.0,0.0,0.0,0.0
U_31228526,100.0,0.0,0.0,0.0
U_35712200,0.0,100.0,0.0,0.0
U_36611524,88.88888888888889,11.11111111111111,0.0,0.0
U_16595245,100.0,0.0,0.0,0.0
U_36788966,100.0,0.0,0.0,0.0
U_31067586,0.0,100.0,0.0,0.0
U_28517341,0.0,0.0,100.0,0.0
U_36377764,0.0,0.0,100.0,0.0
U_36932793,100.0,0.0,0.0,0.0
U_34583000,0.0,0.0,100.0,0.0
U_35516978,0.0,50.0,0.0,50.0
U_34078958,0.0,100.0,0.0,0.0
U_36560994,25.0,0.0,25.0,25.0
U_22805621,0.0,0.0,100.0,0.0
U_5479985,100.0,0.0,0.0,0.0
U_33809923,57.14285714285714,14.285714285714285,28.57142857142857,0.0
U_36786046,0.0,0.0,100.0,0.0
U_16698507,100.0,0.0,0.0,0.0
U_36401710,0.0,33.33333333333333,22.22222222222222,33.33333333333333
U_30384144,33.33333333333333,33.33333333333333,33.33333333333333,0.0
U_32204398,0.0,0.0,50.0,50.0
U_31405460,0.0,0.0,100.0,0.0
U_19772904,100.0,0.0,0.0,0.0
U_12849987,100.0,0.0,0.0,0.0
U_37045702,100.0,0.0,0.0,0.0
U_30898335,100.0,0.0,0.0,0.0
U_31163856,100.0,0.0,0.0,0.0
U_16361051,0.0,0.0,100.0,0.0
U_34339093,0.0,0.0,100.0,0.0
U_35678063,100.0,0.0,0.0,0.0
U_33618540,0.0,41.66666666666667,58.333333333333336,0.0
U_37049520,66.66666666666666,0.0,16.666666666666664,16.666666666666664
U_34538522,0.0,0.0,86.66666666666667,13.333333333333334
U_36652915,0.0,15.0,15.0,0.0
U_37050984,100.0,0.0,0.0,0.0
U_36282807,100.0,0.0,0.0,0.0
U_37052882,100.0,0.0,0.0,0.0
U_13408018,100.0,0.0,0.0,0.0
U_36783383,0.0,0.0,100.0,0.0
U_22772085,0.0,0.0,100.0,0.0
U_37017855,0.0,0.0,60.0,30.0
U_37055580,100.0,0.0,0.0,0.0
U_15452081,0.0,50.0,50.0,0.0
U_36057402,33.33333333333333,0.0,66.66666666666666,0.0
U_37057767,66.66666666666666,0.0,33.33333333333333,0.0
U_37045953,100.0,0.0,0.0,0.0
U_36482780,0.0,0.0,100.0,0.0
U_31278791,100.0,0.0,0.0,0.0
U_22799010,0.0,0.0,0.0,0.0
U_37058840,0.0,0.0,80.0,20.0
U_34691890,0.0,0.0,100.0,0.0
U_35761097,0.0,0.0,100.0,0.0
U_10943575,100.0,0.0,0.0,0.0
U_36489114,100.0,0.0,0.0,0.0
U_36998294,100.0,0.0,0.0,0.0
U_34066462,0.0,0.0,100.0,0.0
U_15497472,0.0,100.0,0.0,0.0
U_31067539,100.0,0.0,0.0,0.0
U_33985497,100.0,0.0,0.0,0.0
U_30967254,0.0,100.0,0.0,0.0
U_36452400,0.0,0.0,100.0,0.0
U_30430030,50.0,0.0,50.0,0.0
U_7381069,100.0,0.0,0.0,0.0
U_31414893,0.0,0.0,100.0,0.0
U_15056044,0.0,100.0,0.0,0.0
U_11503930,0.0,0.0,100.0,0.0
U_33914752,100.0,0.0,0.0,0.0
U_31992883,0.0,0.0,100.0,0.0
U_37059765,0.0,0.0,100.0,0.0
U_12631153,100.0,0.0,0.0,0.0
U_36583503,0.0,50.0,50.0,0.0
U_35128358,0.0,0.0,40.0,0.0
U_37060688,100.0,0.0,0.0,0.0
U_29722109,0.0,0.0,100.0,0.0
U_36531842,0.0,0.0,100.0,0.0
U_36439958,0.0,0.0,100.0,0.0
U_36933071,0.0,0.0,100.0,0.0
U_12996723,0.0,0.0,100.0,0.0
U_34127246,0.0,0.0,100.0,0.0
U_37058768,0.0,0.0,100.0,0.0
U_32931387,0.0,0.0,33.33333333333333,0.0
U_36610171,0.0,0.0,100.0,0.0
U_37073067,100.0,0.0,0.0,0.0
U_18674773,100.0,0.0,0.0,0.0
U_32060429,80.0,0.0,20.0,0.0
U_12148332,100.0,0.0,0.0,0.0
U_16271059,100.0,0.0,0.0,0.0
U_35641271,0.0,0.0,100.0,0.0
U_5057825,0.0,0.0,100.0,0.0
U_37047611,0.0,0.0,100.0,0.0
U_36881407,0.0,0.0,100.0,0.0
U_15273927,100.0,0.0,0.0,0.0
U_34306558,0.0,0.0,75.0,0.0
U_37081139,0.0,0.0,0.0,0.0
U_30293007,100.0,0.0,0.0,0.0
U_36340297,100.0,0.0,0.0,0.0
U_34553672,0.0,100.0,0.0,0.0
U_35535152,0.0,0.0,100.0,0.0
U_30985436,33.33333333333333,0.0,0.0,66.66666666666666
U_22888605,100.0,0.0,0.0,0.0
U_34158117,100.0,0.0,0.0,0.0
U_36872013,0.0,0.0,10.0,0.0
U_28334607,0.0,0.0,100.0,0.0
U_36395450,100.0,0.0,0.0,0.0
U_19868418,100.0,0.0,0.0,0.0
U_37084940,80.0,20.0,0.0,0.0
U_4596678,80.64516129032258,0.0,16.93548387096774,2.4193548387096775
U_29014738,100.0,0.0,0.0,0.0
U_36671206,100.0,0.0,0.0,0.0
U_16598102,100.0,0.0,0.0,0.0
U_37086503,100.0,0.0,0.0,0.0
U_22140985,100.0,0.0,0.0,0.0
U_1801567,100.0,0.0,0.0,0.0
U_36381134,0.0,0.0,50.0,0.0
U_2046141,0.0,100.0,0.0,0.0
U_2480078,100.0,0.0,0.0,0.0
U_37081642,0.0,0.0,100.0,0.0
U_16053344,0.0,0.0,100.0,0.0
U_35201676,0.0,0.0,100.0,0.0
U_33167109,0.0,0.0,80.0,10.0
U_35929789,0.0,0.0,50.0,0.0
U_36974361,0.0,100.0,0.0,0.0
U_16407832,100.0,0.0,0.0,0.0
U_13409930,0.0,20.0,60.0,0.0
U_34939904,0.0,0.0,100.0,0.0
U_34013710,100.0,0.0,0.0,0.0
U_36739294,100.0,0.0,0.0,0.0
U_30421138,0.0,0.0,100.0,0.0
U_36867698,100.0,0.0,0.0,0.0
U_34063649,0.0,0.0,100.0,0.0
U_37094456,0.0,0.0,0.0,0.0
U_8517257,0.0,0.0,100.0,0.0
U_19919124,100.0,0.0,0.0,0.0
U_36858612,100.0,0.0,0.0,0.0
U_36368079,0.0,0.0,100.0,0.0
U_36100191,0.0,0.0,100.0,0.0
U_37091197,0.0,0.0,100.0,0.0
U_36339351,100.0,0.0,0.0,0.0
U_36099113,0.0,0.0,100.0,0.0
U_36894921,100.0,0.0,0.0,0.0
U_28862187,0.0,0.0,100.0,0.0
U_36850904,0.0,0.0,100.0,0.0
U_17212438,100.0,0.0,0.0,0.0
U_6687255,100.0,0.0,0.0,0.0
U_4912237,100.0,0.0,0.0,0.0
U_34486588,0.0,0.0,100.0,0.0
U_17967460,100.0,0.0,0.0,0.0
U_36578896,0.0,0.0,100.0,0.0
U_36354891,0.0,0.0,100.0,0.0
U_15509204,0.0,0.0,100.0,0.0
U_34175892,60.0,0.0,40.0,0.0
U_37099181,92.0,4.0,4.0,0.0
U_32583310,100.0,0.0,0.0,0.0
U_14744794,0.0,0.0,100.0,0.0
U_36387203,100.0,0.0,0.0,0.0
U_18112091,100.0,0.0,0.0,0.0
U_13698398,0.0,0.0,100.0,0.0
U_35264057,100.0,0.0,0.0,0.0
U_37061020,50.0,0.0,0.0,50.0
U_36470260,0.0,0.0,100.0,0.0
U_15276245,79.16666666666666,0.0,20.833333333333336,0.0
U_36884760,100.0,0.0,0.0,0.0
U_34846206,0.0,0.0,100.0,0.0
U_28282262,0.0,0.0,100.0,0.0
U_11576707,100.0,0.0,0.0,0.0
U_37095021,100.0,0.0,0.0,0.0
U_12408623,100.0,0.0,0.0,0.0
U_36547546,0.0,0.0,100.0,0.0
U_37101853,25.0,50.0,25.0,0.0
U_31792525,100.0,0.0,0.0,0.0
U_35718786,0.0,0.0,100.0,0.0
U_35191778,0.0,0.0,100.0,0.0
U_37102983,100.0,0.0,0.0,0.0
U_37034307,100.0,0.0,0.0,0.0
U_20019109,0.0,0.0,100.0,0.0
U_15763030,66.66666666666666,0.0,33.33333333333333,0.0
U_33776377,0.0,0.0,50.0,50.0
U_29983574,0.0,0.0,23.25581395348837,5.426356589147287
U_35287416,0.0,0.0,66.66666666666666,0.0
U_29648795,0.0,0.0,100.0,0.0
U_37085598,100.0,0.0,0.0,0.0
U_36080734,0.0,0.0,100.0,0.0
U_29035798,100.0,0.0,0.0,0.0
U_35243106,0.0,0.0,85.71428571428571,14.285714285714285
U_35339350,100.0,0.0,0.0,0.0
U_14908873,100.0,0.0,0.0,0.0
U_33783363,0.0,0.0,100.0,0.0
U_36055831,0.0,0.0,100.0,0.0
U_37077823,100.0,0.0,0.0,0.0
U_37088111,0.0,0.0,54.54545454545454,27.27272727272727
U_37103009,0.0,0.0,100.0,0.0
U_36134635,0.0,0.0,28.57142857142857,14.285714285714285
U_19381775,100.0,0.0,0.0,0.0
U_10784874,100.0,0.0,0.0,0.0
U_25281638,100.0,0.0,0.0,0.0
U_12480014,100.0,0.0,0.0,0.0
U_13163837,100.0,0.0,0.0,0.0
U_36966711,100.0,0.0,0.0,0.0
U_37052443,0.0,0.0,100.0,0.0
U_37108505,0.0,0.0,100.0,0.0
U_28631662,0.0,0.0,0.0,100.0
U_37056678,0.0,0.0,100.0,0.0
U_37109393,100.0,0.0,0.0,0.0
U_37110557,40.0,0.0,40.0,20.0
U_15268424,0.0,50.0,50.0,0.0
U_36873562,0.0,0.0,100.0,0.0
U_37110699,8.333333333333332,41.66666666666667,16.666666666666664,33.33333333333333
U_36764476,0.0,0.0,0.0,100.0
U_27786645,66.66666666666666,33.33333333333333,0.0,0.0
U_32383465,0.0,0.0,100.0,0.0
U_37111381,0.0,55.55555555555556,11.11111111111111,33.33333333333333
U_35929796,0.0,0.0,100.0,0.0
U_29982466,90.9090909090909,9.090909090909092,0.0,0.0
U_36860379,100.0,0.0,0.0,0.0
U_36650918,0.0,0.0,0.0,100.0
U_17690114,48.148148148148145,11.11111111111111,29.629629629629626,3.7037037037037033
U_37111247,100.0,0.0,0.0,0.0
U_11502688,0.0,66.66666666666666,0.0,0.0
U_31072467,0.0,0.0,100.0,0.0
U_36654874,0.0,0.0,0.0,0.0
U_34213968,0.0,0.0,100.0,0.0
U_33745206,0.0,0.0,100.0,0.0
U_16306489,0.0,0.0,100.0,0.0
U_36681183,25.0,25.0,50.0,0.0
U_37114333,0.0,0.0,0.0,100.0
U_19218888,100.0,0.0,0.0,0.0
U_36380986,0.0,0.0,100.0,0.0
U_31413715,0.0,0.0,66.66666666666666,0.0
U_36023612,100.0,0.0,0.0,0.0
U_341216,100.0,0.0,0.0,0.0
U_36041322,0.0,0.0,100.0,0.0
U_37104016,0.0,0.0,75.0,0.0
U_36779186,0.0,0.0,66.66666666666666,33.33333333333333
U_14240302,100.0,0.0,0.0,0.0
U_31086510,100.0,0.0,0.0,0.0
U_37039533,0.0,0.0,46.666666666666664,0.0
U_37024140,0.0,0.0,100.0,0.0
U_35532754,0.0,100.0,0.0,0.0
U_37095332,100.0,0.0,0.0,0.0
U_37081150,0.0,0.0,100.0,0.0
U_36429746,0.0,0.0,0.0,33.33333333333333
U_15201073,0.0,0.0,100.0,0.0
U_37116595,50.0,50.0,0.0,0.0
U_37118363,33.33333333333333,0.0,33.33333333333333,0.0
U_4603241,100.0,0.0,0.0,0.0
U_16043768,100.0,0.0,0.0,0.0
U_33908150,100.0,0.0,0.0,0.0
U_33895392,0.0,0.0,100.0,0.0
U_37098692,0.0,0.0,75.0,25.0
U_37119080,68.18181818181817,13.636363636363635,13.636363636363635,4.545454545454546
U_36920110,0.0,0.0,0.0,100.0
U_26339032,100.0,0.0,0.0,0.0
U_16704237,100.0,0.0,0.0,0.0
U_33413758,0.0,50.0,0.0,50.0
U_36919423,0.0,0.0,100.0,0.0
U_30956610,0.0,0.0,100.0,0.0
U_34832859,0.0,20.0,70.0,0.0
U_32826767,0.0,0.0,100.0,0.0
U_37120778,37.5,0.0,37.5,12.5
U_37119170,0.0,0.0,100.0,0.0
U_31111359,100.0,0.0,0.0,0.0
U_36657921,100.0,0.0,0.0,0.0
U_33916095,0.0,0.0,100.0,0.0
U_34930482,0.0,0.0,75.0,25.0
U_35712195,0.0,0.0,100.0,0.0
U_16190378,0.0,0.0,100.0,0.0
U_7438109,0.0,0.0,100.0,0.0
U_14151821,83.33333333333334,16.666666666666664,0.0,0.0
U_14530670,100.0,0.0,0.0,0.0
U_10952116,100.0,0.0,0.0,0.0
U_32250410,80.0,0.0,10.0,10.0
U_33760395,66.66666666666666,11.11111111111111,11.11111111111111,11.11111111111111
U_1355296,0.0,100.0,0.0,0.0
U_37124828,0.0,0.0,100.0,0.0
U_12476449,100.0,0.0,0.0,0.0
U_35442396,0.0,50.0,50.0,0.0
U_35956450,0.0,0.0,100.0,0.0
U_36773044,100.0,0.0,0.0,0.0
U_36644399,0.0,0.0,100.0,0.0
U_31520195,0.0,44.44444444444444,55.55555555555556,0.0
U_36441248,0.0,0.0,100.0,0.0
U_15385846,4.0,34.0,57.99999999999999,2.0
U_37123985,0.0,100.0,0.0,0.0
U_34000589,28.57142857142857,0.0,42.857142857142854,0.0
U_36268879,100.0,0.0,0.0,0.0
U_1581208,100.0,0.0,0.0,0.0
U_12573188,100.0,0.0,0.0,0.0
U_37060577,0.0,0.0,100.0,0.0
U_36936528,0.0,80.0,0.0,20.0
U_22764194,0.0,0.0,50.0,50.0
U_31040033,100.0,0.0,0.0,0.0
U_29912757,100.0,0.0,0.0,0.0
U_31464742,0.0,50.0,0.0,50.0
U_7075,71.42857142857143,14.285714285714285,14.285714285714285,0.0
U_35956524,0.0,0.0,100.0,0.0
U_12233423,100.0,0.0,0.0,0.0
U_37088412,100.0,0.0,0.0,0.0
U_30783762,100.0,0.0,0.0,0.0
U_37140142,0.0,11.11111111111111,88.88888888888889,0.0
U_34153766,0.0,0.0,100.0,0.0
U_37006227,0.0,0.0,100.0,0.0
U_15063036,100.0,0.0,0.0,0.0
U_33784090,50.0,50.0,0.0,0.0
U_36752962,0.0,0.0,100.0,0.0
U_33960156,0.0,0.0,100.0,0.0
U_37098388,0.0,33.33333333333333,66.66666666666666,0.0
U_36995004,80.0,0.0,20.0,0.0
U_37141613,100.0,0.0,0.0,0.0
U_33302839,100.0,0.0,0.0,0.0
U_35608453,100.0,0.0,0.0,0.0
U_31415384,0.0,0.0,100.0,0.0
U_36113533,100.0,0.0,0.0,0.0
U_34340336,100.0,0.0,0.0,0.0
U_37103229,60.0,0.0,40.0,0.0
U_37140010,0.0,0.0,100.0,0.0
U_22762455,66.66666666666666,33.33333333333333,0.0,0.0
U_36996959,0.0,0.0,100.0,0.0
U_31209797,100.0,0.0,0.0,0.0
U_31655766,0.0,0.0,100.0,0.0
U_19861399,0.0,0.0,100.0,0.0
U_36867194,50.0,0.0,50.0,0.0
U_33791244,100.0,0.0,0.0,0.0
U_37142212,83.33333333333334,16.666666666666664,0.0,0.0
U_37146903,50.0,50.0,0.0,0.0
U_33587502,0.0,0.0,100.0,0.0
U_16332070,100.0,0.0,0.0,0.0
U_36396286,0.0,0.0,100.0,0.0
U_37058020,0.0,0.0,100.0,0.0
U_14902760,100.0,0.0,0.0,0.0
U_16148017,25.0,50.0,25.0,0.0
U_36886794,25.0,0.0,25.0,0.0
U_34811648,100.0,0.0,0.0,0.0
U_35802630,0.0,0.0,100.0,0.0
U_37149255,100.0,0.0,0.0,0.0
U_37149099,100.0,0.0,0.0,0.0
U_1109321,100.0,0.0,0.0,0.0
U_36707025,100.0,0.0,0.0,0.0
U_26694820,100.0,0.0,0.0,0.0
U_37119781,100.0,0.0,0.0,0.0
U_34620967,0.0,0.0,0.0,100.0
U_34877290,71.42857142857143,14.285714285714285,0.0,0.0
U_37149551,0.0,0.0,100.0,0.0
U_36289173,100.0,0.0,0.0,0.0
U_15456543,0.0,100.0,0.0,0.0
U_37151025,100.0,0.0,0.0,0.0
U_15429235,100.0,0.0,0.0,0.0
U_36432570,0.0,0.0,25.0,0.0
U_36603098,0.0,0.0,100.0,0.0
U_16114253,91.17647058823529,0.0,8.823529411764707,0.0
U_36162108,80.0,20.0,0.0,0.0
U_33959938,0.0,0.0,0.0,0.0
U_37155381,0.0,0.0,25.0,75.0
U_611740,75.0,25.0,0.0,0.0
U_11898150,100.0,0.0,0.0,0.0
U_32879089,0.0,50.0,50.0,0.0
U_37132372,0.0,11.11111111111111,55.55555555555556,0.0
U_34923218,0.0,0.0,100.0,0.0
U_33974366,0.0,100.0,0.0,0.0
U_37084864,75.0,25.0,0.0,0.0
U_37125783,0.0,0.0,50.0,50.0
U_37158120,100.0,0.0,0.0,0.0
U_34815723,0.0,0.0,100.0,0.0
U_37130002,50.0,50.0,0.0,0.0
U_10385186,0.0,100.0,0.0,0.0
U_37161217,100.0,0.0,0.0,0.0
U_32162358,100.0,0.0,0.0,0.0
U_31015369,0.0,25.0,75.0,0.0
U_16088658,0.0,0.0,100.0,0.0
U_36704577,0.0,0.0,100.0,0.0
U_33350387,0.0,0.0,100.0,0.0
U_36286838,100.0,0.0,0.0,0.0
U_5995656,75.0,0.0,25.0,0.0
U_36946319,0.0,0.0,100.0,0.0
U_37104714,0.0,0.0,100.0,0.0
U_30388213,100.0,0.0,0.0,0.0
U_11537501,50.0,50.0,0.0,0.0
U_28490235,100.0,0.0,0.0,0.0
U_31521169,0.0,12.5,75.0,0.0
U_19971262,0.0,0.0,100.0,0.0
U_37136790,0.0,20.0,80.0,0.0
U_10935194,0.0,0.0,100.0,0.0
U_27568772,100.0,0.0,0.0,0.0
U_37143919,0.0,0.0,0.0,0.0
U_37052605,0.0,0.0,100.0,0.0
U_36491399,0.0,0.0,100.0,0.0
U_37144825,0.0,100.0,0.0,0.0
U_34579323,0.0,100.0,0.0,0.0
U_15914528,0.0,0.0,100.0,0.0
U_15356208,50.0,25.0,25.0,0.0
U_37165884,95.83333333333334,0.0,4.166666666666666,0.0
U_35726328,100.0,0.0,0.0,0.0
U_31275092,0.0,50.0,0.0,50.0
U_36499857,80.0,0.0,20.0,0.0
U_15502754,0.0,50.0,50.0,0.0
U_37167745,0.0,0.0,100.0,0.0
U_3388101,100.0,0.0,0.0,0.0
U_37168798,100.0,0.0,0.0,0.0
U_37168831,90.0,0.0,10.0,0.0
U_11828855,0.0,25.0,75.0,0.0
U_32260319,0.0,0.0,100.0,0.0
U_37168263,50.0,50.0,0.0,0.0
U_14495536,100.0,0.0,0.0,0.0
U_37124269,0.0,0.0,100.0,0.0
U_36851366,33.33333333333333,66.66666666666666,0.0,0.0
U_14827262,100.0,0.0,0.0,0.0
U_34338843,0.0,0.0,100.0,0.0
U_37171144,0.0,0.0,100.0,0.0
U_33908106,0.0,0.0,100.0,0.0
U_37060187,0.0,0.0,100.0,0.0
U_36050174,0.0,0.0,0.0,100.0
U_37113821,0.0,0.0,100.0,0.0
U_33526336,66.66666666666666,0.0,33.33333333333333,0.0
U_36459166,0.0,0.0,100.0,0.0
U_34760800,0.0,0.0,100.0,0.0
U_33953106,0.0,0.0,100.0,0.0
U_19876189,0.0,0.0,100.0,0.0
U_36469423,0.0,0.0,0.0,100.0
U_37174101,100.0,0.0,0.0,0.0
U_31256120,100.0,0.0,0.0,0.0
U_36198413,100.0,0.0,0.0,0.0
U_35887504,0.0,0.0,12.5,0.0
U_32252241,100.0,0.0,0.0,0.0
U_34681727,0.0,50.0,50.0,0.0
U_37175602,81.25,6.25,12.5,0.0
U_12575860,100.0,0.0,0.0,0.0
U_37176674,25.0,25.0,37.5,0.0
U_16711450,100.0,0.0,0.0,0.0
U_37177584,100.0,0.0,0.0,0.0
U_37088334,0.0,0.0,100.0,0.0
U_34683842,100.0,0.0,0.0,0.0
U_37178142,100.0,0.0,0.0,0.0
U_26209904,50.0,50.0,0.0,0.0
U_4419280,50.0,50.0,0.0,0.0
U_37150238,100.0,0.0,0.0,0.0
U_36844214,100.0,0.0,0.0,0.0
U_1100819,14.285714285714285,0.0,0.0,85.71428571428571
U_33166867,0.0,0.0,8.333333333333332,0.0
U_11435445,100.0,0.0,0.0,0.0
U_34171749,0.0,0.0,100.0,0.0
U_14447276,100.0,0.0,0.0,0.0
U_37176341,100.0,0.0,0.0,0.0
U_31772253,0.0,0.0,100.0,0.0
U_36947343,0.0,0.0,100.0,0.0
U_32202874,0.0,100.0,0.0,0.0
U_36836294,100.0,0.0,0.0,0.0
U_34486190,0.0,0.0,100.0,0.0
U_2961146,100.0,0.0,0.0,0.0
U_31781920,100.0,0.0,0.0,0.0
U_5737433,100.0,0.0,0.0,0.0
U_875309,100.0,0.0,0.0,0.0
U_37181003,0.0,0.0,37.5,0.0
U_36630881,100.0,0.0,0.0,0.0
U_14033744,100.0,0.0,0.0,0.0
U_35512159,0.0,0.0,100.0,0.0
U_12652018,100.0,0.0,0.0,0.0
U_37181887,100.0,0.0,0.0,0.0
U_34879070,0.0,0.0,100.0,0.0
U_37171905,0.0,0.0,100.0,0.0
U_34646352,0.0,0.0,100.0,0.0
U_19783731,100.0,0.0,0.0,0.0
U_37187358,100.0,0.0,0.0,0.0
U_30834181,100.0,0.0,0.0,0.0
U_36510489,100.0,0.0,0.0,0.0
U_37179753,0.0,0.0,100.0,0.0
U_36837192,0.0,0.0,100.0,0.0
U_37096671,100.0,0.0,0.0,0.0
U_35319183,0.0,0.0,100.0,0.0
U_36891965,0.0,0.0,100.0,0.0
U_4820746,100.0,0.0,0.0,0.0
U_36034048,0.0,0.0,66.66666666666666,33.33333333333333
U_13505266,0.0,0.0,100.0,0.0
U_36031531,0.0,0.0,71.42857142857143,0.0
U_36970839,0.0,40.0,60.0,0.0
U_36362604,100.0,0.0,0.0,0.0
U_36509641,0.0,0.0,100.0,0.0
U_36904689,0.0,100.0,0.0,0.0
U_34279916,0.0,0.0,100.0,0.0
U_13945820,0.0,50.0,50.0,0.0
U_19282597,0.0,0.0,0.0,100.0
U_36386927,100.0,0.0,0.0,0.0
U_29684843,100.0,0.0,0.0,0.0
U_2511714,0.0,0.0,100.0,0.0
U_37153309,100.0,0.0,0.0,0.0
U_33127449,100.0,0.0,0.0,0.0
U_15271276,100.0,0.0,0.0,0.0
U_36042663,100.0,0.0,0.0,0.0
U_37198147,66.66666666666666,0.0,33.33333333333333,0.0
U_37083589,0.0,0.0,100.0,0.0
U_37200899,0.0,0.0,0.0,0.0
U_12630919,50.0,0.0,50.0,0.0
U_37178058,0.0,100.0,0.0,0.0
U_37179939,100.0,0.0,0.0,0.0
U_1001834,33.33333333333333,0.0,66.66666666666666,0.0
U_37202848,100.0,0.0,0.0,0.0
U_36855727,0.0,0.0,100.0,0.0
U_37199471,100.0,0.0,0.0,0.0
U_36553028,100.0,0.0,0.0,0.0
U_34577976,0.0,100.0,0.0,0.0
U_30944949,0.0,0.0,100.0,0.0
U_36015347,0.0,0.0,66.66666666666666,0.0
U_29427129,0.0,0.0,75.0,25.0
U_35193810,0.0,0.0,100.0,0.0
U_37131877,0.0,50.0,50.0,0.0
U_35988417,0.0,0.0,100.0,0.0
U_37169808,0.0,0.0,100.0,0.0
U_36938894,0.0,0.0,100.0,0.0
U_36015566,0.0,0.0,100.0,0.0
U_12063094,100.0,0.0,0.0,0.0
U_34157829,0.0,0.0,100.0,0.0
U_32563344,100.0,0.0,0.0,0.0
U_37156761,100.0,0.0,0.0,0.0
U_37178331,0.0,0.0,100.0,0.0
U_36663233,0.0,0.0,100.0,0.0
U_35720120,100.0,0.0,0.0,0.0
U_1161398,0.0,33.33333333333333,66.66666666666666,0.0
U_37187835,100.0,0.0,0.0,0.0
U_37203754,50.0,50.0,0.0,0.0
U_37208138,100.0,0.0,0.0,0.0
U_37208663,100.0,0.0,0.0,0.0
U_35719740,33.33333333333333,0.0,33.33333333333333,0.0
U_37023034,0.0,0.0,100.0,0.0
U_16313281,50.0,25.0,25.0,0.0
U_36944458,0.0,0.0,100.0,0.0
U_37208489,0.0,0.0,100.0,0.0
U_33917073,100.0,0.0,0.0,0.0
U_17682935,0.0,0.0,20.0,0.0
U_36998369,0.0,0.0,57.14285714285714,0.0
U_32061613,100.0,0.0,0.0,0.0
U_36185318,100.0,0.0,0.0,0.0
U_37168351,75.0,0.0,25.0,0.0
U_37209849,100.0,0.0,0.0,0.0
U_34100852,0.0,0.0,0.0,100.0
U_37211218,100.0,0.0,0.0,0.0
U_37176893,0.0,100.0,0.0,0.0
U_37211168,100.0,0.0,0.0,0.0
U_11161763,100.0,0.0,0.0,0.0
U_37168840,0.0,16.666666666666664,83.33333333333334,0.0
U_37170350,0.0,0.0,75.0,0.0
U_35795919,0.0,0.0,100.0,0.0
U_1131975,100.0,0.0,0.0,0.0
U_16139654,100.0,0.0,0.0,0.0
U_36856519,0.0,0.0,100.0,0.0
U_33614292,6.25,6.25,50.0,6.25
U_37151499,100.0,0.0,0.0,0.0
U_35470663,0.0,50.0,50.0,0.0
U_34402970,0.0,0.0,100.0,0.0
U_36540714,0.0,0.0,100.0,0.0
U_34624639,0.0,0.0,100.0,0.0
U_26624675,100.0,0.0,0.0,0.0
U_36968478,0.0,0.0,100.0,0.0
U_794073,100.0,0.0,0.0,0.0
U_37220741,100.0,0.0,0.0,0.0
U_37208905,0.0,0.0,100.0,0.0
U_34172728,100.0,0.0,0.0,0.0
U_59732,66.66666666666666,0.0,33.33333333333333,0.0
U_37221446,0.0,0.0,80.0,20.0
U_28149819,0.0,0.0,100.0,0.0
U_33955187,0.0,0.0,100.0,0.0
U_35278120,0.0,0.0,100.0,0.0
U_36818443,90.9090909090909,9.090909090909092,0.0,0.0
U_36424579,100.0,0.0,0.0,0.0
U_37112032,0.0,0.0,100.0,0.0
U_29570521,100.0,0.0,0.0,0.0
U_37071373,0.0,100.0,0.0,0.0
U_37181118,0.0,0.0,100.0,0.0
U_36516870,0.0,0.0,50.0,50.0
U_12148636,100.0,0.0,0.0,0.0
U_21099030,0.0,0.0,100.0,0.0
U_34346260,0.0,0.0,0.0,0.0
U_35725205,0.0,11.76470588235294,23.52941176470588,11.76470588235294
U_31032244,100.0,0.0,0.0,0.0
U_37149039,0.0,0.0,50.0,0.0
U_37167636,100.0,0.0,0.0,0.0
U_37223342,50.0,0.0,50.0,0.0
U_14188691,100.0,0.0,0.0,0.0
U_35199773,0.0,0.0,0.0,0.0
U_16052505,100.0,0.0,0.0,0.0
U_15839729,100.0,0.0,0.0,0.0
U_20345723,100.0,0.0,0.0,0.0
U_2032350,100.0,0.0,0.0,0.0
U_37229958,100.0,0.0,0.0,0.0
U_37192403,0.0,0.0,100.0,0.0
U_37179703,0.0,0.0,100.0,0.0
U_37180846,0.0,0.0,50.0,50.0
U_37183954,100.0,0.0,0.0,0.0
U_12424627,0.0,50.0,50.0,0.0
U_34968188,0.0,0.0,100.0,0.0
U_22348593,0.0,0.0,40.0,60.0
U_34475651,0.0,0.0,50.0,50.0
U_34321166,0.0,0.0,100.0,0.0
U_34127453,66.66666666666666,16.666666666666664,16.666666666666664,0.0
U_37211217,100.0,0.0,0.0,0.0
U_9261268,0.0,0.0,100.0,0.0
U_15493515,66.66666666666666,33.33333333333333,0.0,0.0
U_37203818,0.0,0.0,100.0,0.0
U_1781907,0.0,50.0,50.0,0.0
U_4871678,66.66666666666666,33.33333333333333,0.0,0.0
U_34737040,0.0,0.0,50.0,0.0
U_12875141,0.0,0.0,0.0,33.33333333333333
U_34493352,0.0,0.0,100.0,0.0
U_35262049,0.0,0.0,100.0,0.0
U_29456934,0.0,22.22222222222222,44.44444444444444,0.0
U_37042528,0.0,0.0,100.0,0.0
U_30848803,100.0,0.0,0.0,0.0
U_33167005,0.0,0.0,100.0,0.0
U_34709120,0.0,50.0,50.0,0.0
U_31252535,100.0,0.0,0.0,0.0
U_37146284,0.0,0.0,100.0,0.0
U_22277382,0.0,0.0,50.0,50.0
U_34123852,0.0,0.0,100.0,0.0
U_5124013,100.0,0.0,0.0,0.0
U_37236577,0.0,0.0,100.0,0.0
U_30149522,96.15384615384616,0.0,3.8461538461538463,0.0
U_37237625,100.0,0.0,0.0,0.0
U_37235146,100.0,0.0,0.0,0.0
U_36206804,75.0,25.0,0.0,0.0
U_37237805,50.0,16.666666666666664,0.0,0.0
U_37028925,100.0,0.0,0.0,0.0
U_37237316,100.0,0.0,0.0,0.0
U_37157989,0.0,0.0,100.0,0.0
U_35675341,100.0,0.0,0.0,0.0
U_31457033,0.0,0.0,100.0,0.0
U_16211888,100.0,0.0,0.0,0.0
U_35481233,0.0,0.0,100.0,0.0
U_37181816,0.0,0.0,100.0,0.0
U_33637427,0.0,0.0,100.0,0.0
U_37239648,100.0,0.0,0.0,0.0
U_32137395,0.0,0.0,100.0,0.0
U_8599414,0.0,100.0,0.0,0.0
U_35956451,0.0,100.0,0.0,0.0
U_12232567,100.0,0.0,0.0,0.0
U_37237653,50.0,25.0,25.0,0.0
U_37242696,100.0,0.0,0.0,0.0
U_36604250,0.0,50.0,50.0,0.0
